STARTFONT 2.1
FONT -TakWolf-Ark Pixel 16px Prop latin-Regular-R-Normal-Sans Serif-16-160-75-75-P-131-ISO10646-1
SIZE 16 75 75
FONTBOUNDINGBOX 16 22 0 -5
STARTPROPERTIES 24
FOUNDRY "TakWolf"
FAMILY_NAME "Ark Pixel 16px Prop latin"
WEIGHT_NAME "Regular"
SLANT "R"
SETWIDTH_NAME "Normal"
ADD_STYLE_NAME "Sans Serif"
PIXEL_SIZE 16
POINT_SIZE 160
RESOLUTION_X 75
RESOLUTION_Y 75
SPACING "P"
AVERAGE_WIDTH 131
CHARSET_REGISTRY "ISO10646"
CHARSET_ENCODING "1"
DEFAULT_CHAR -1
FONT_ASCENT 17
FONT_DESCENT 5
X_HEIGHT 8
CAP_HEIGHT 11
UNDERLINE_POSITION -2
UNDERLINE_THICKNESS 1
FONT_VERSION "2026.08.11"
COPYRIGHT "Copyright (c) 2021, TakWolf (https://takwolf.com)"
LICENSE "This Font Software is licensed under the SIL Open Font License, Version 1.1"
ENDPROPERTIES
CHARS 3216
STARTCHAR .notdef
ENCODING -1
SWIDTH 1000 0
DWIDTH 16 0
BBX 16 16 0 -2
BITMAP
FFFF
8001
8001
8001
8001
8001
8001
8001
8001
8001
8001
8001
8001
8001
8001
FFFF
ENDCHAR
STARTCHAR u0020
ENCODING 32
SWIDTH 438 0
DWIDTH 7 0
BBX 7 24 0 -6
BITMAP
00
00
00
00
00
00
00
00
00
00
00
00
00
00
00
00
00
00
00
00
00
00
00
00
ENDCHAR
STARTCHAR u0021
ENCODING 33
SWIDTH 375 0
DWIDTH 6 0
BBX 6 24 0 -6
BITMAP
00
00
00
00
00
00
00
20
70
70
70
20
20
20
20
00
00
20
00
00
00
00
00
00
ENDCHAR
STARTCHAR u0022
ENCODING 34
SWIDTH 375 0
DWIDTH 6 0
BBX 6 24 0 -6
BITMAP
00
00
00
00
00
00
00
50
50
50
00
00
00
00
00
00
00
00
00
00
00
00
00
00
ENDCHAR
STARTCHAR u0023
ENCODING 35
SWIDTH 500 0
DWIDTH 8 0
BBX 8 24 0 -6
BITMAP
00
00
00
00
00
00
00
44
44
44
FE
44
44
44
FE
44
44
44
00
00
00
00
00
00
ENDCHAR
STARTCHAR u0024
ENCODING 36
SWIDTH 500 0
DWIDTH 8 0
BBX 8 24 0 -6
BITMAP
00
00
00
00
00
00
10
7C
92
90
90
50
38
14
12
12
92
7C
10
00
00
00
00
00
ENDCHAR
STARTCHAR u0025
ENCODING 37
SWIDTH 500 0
DWIDTH 8 0
BBX 8 24 0 -6
BITMAP
00
00
00
00
00
00
00
44
A4
48
08
10
10
10
20
24
4A
44
00
00
00
00
00
00
ENDCHAR
STARTCHAR u0026
ENCODING 38
SWIDTH 500 0
DWIDTH 8 0
BBX 8 24 0 -6
BITMAP
00
00
00
00
00
00
00
30
48
48
48
30
50
4A
8A
84
84
7A
00
00
00
00
00
00
ENDCHAR
STARTCHAR u0027
ENCODING 39
SWIDTH 250 0
DWIDTH 4 0
BBX 4 24 0 -6
BITMAP
00
00
00
00
00
00
00
40
40
40
00
00
00
00
00
00
00
00
00
00
00
00
00
00
ENDCHAR
STARTCHAR u0028
ENCODING 40
SWIDTH 375 0
DWIDTH 6 0
BBX 6 24 0 -6
BITMAP
00
00
00
00
00
10
20
20
40
40
40
40
40
40
40
40
40
20
20
10
00
00
00
00
ENDCHAR
STARTCHAR u0029
ENCODING 41
SWIDTH 375 0
DWIDTH 6 0
BBX 6 24 0 -6
BITMAP
00
00
00
00
00
40
20
20
10
10
10
10
10
10
10
10
10
20
20
40
00
00
00
00
ENDCHAR
STARTCHAR u002A
ENCODING 42
SWIDTH 375 0
DWIDTH 6 0
BBX 6 24 0 -6
BITMAP
00
00
00
00
00
00
00
00
00
00
00
20
A8
70
A8
20
00
00
00
00
00
00
00
00
ENDCHAR
STARTCHAR u002B
ENCODING 43
SWIDTH 375 0
DWIDTH 6 0
BBX 6 24 0 -6
BITMAP
00
00
00
00
00
00
00
00
00
00
00
20
20
F8
20
20
00
00
00
00
00
00
00
00
ENDCHAR
STARTCHAR u002C
ENCODING 44
SWIDTH 313 0
DWIDTH 5 0
BBX 5 24 0 -6
BITMAP
00
00
00
00
00
00
00
00
00
00
00
00
00
00
00
00
60
60
20
40
00
00
00
00
ENDCHAR
STARTCHAR u002D
ENCODING 45
SWIDTH 375 0
DWIDTH 6 0
BBX 6 24 0 -6
BITMAP
00
00
00
00
00
00
00
00
00
00
00
00
00
F8
00
00
00
00
00
00
00
00
00
00
ENDCHAR
STARTCHAR u002E
ENCODING 46
SWIDTH 313 0
DWIDTH 5 0
BBX 5 24 0 -6
BITMAP
00
00
00
00
00
00
00
00
00
00
00
00
00
00
00
00
60
60
00
00
00
00
00
00
ENDCHAR
STARTCHAR u002F
ENCODING 47
SWIDTH 375 0
DWIDTH 6 0
BBX 6 24 0 -6
BITMAP
00
00
00
00
00
08
08
08
10
10
10
20
20
20
40
40
40
80
80
80
00
00
00
00
ENDCHAR
STARTCHAR u0030
ENCODING 48
SWIDTH 438 0
DWIDTH 7 0
BBX 7 24 0 -6
BITMAP
00
00
00
00
00
00
00
78
84
84
84
8C
B4
C4
84
84
84
78
00
00
00
00
00
00
ENDCHAR
STARTCHAR u0031
ENCODING 49
SWIDTH 438 0
DWIDTH 7 0
BBX 7 24 0 -6
BITMAP
00
00
00
00
00
00
00
10
30
10
10
10
10
10
10
10
10
38
00
00
00
00
00
00
ENDCHAR
STARTCHAR u0032
ENCODING 50
SWIDTH 438 0
DWIDTH 7 0
BBX 7 24 0 -6
BITMAP
00
00
00
00
00
00
00
78
84
04
04
04
08
10
20
40
80
FC
00
00
00
00
00
00
ENDCHAR
STARTCHAR u0033
ENCODING 51
SWIDTH 438 0
DWIDTH 7 0
BBX 7 24 0 -6
BITMAP
00
00
00
00
00
00
00
78
84
04
04
04
38
04
04
04
84
78
00
00
00
00
00
00
ENDCHAR
STARTCHAR u0034
ENCODING 52
SWIDTH 438 0
DWIDTH 7 0
BBX 7 24 0 -6
BITMAP
00
00
00
00
00
00
00
08
18
18
28
28
48
48
88
FC
08
08
00
00
00
00
00
00
ENDCHAR
STARTCHAR u0035
ENCODING 53
SWIDTH 438 0
DWIDTH 7 0
BBX 7 24 0 -6
BITMAP
00
00
00
00
00
00
00
FC
80
80
80
80
F8
04
04
04
84
78
00
00
00
00
00
00
ENDCHAR
STARTCHAR u0036
ENCODING 54
SWIDTH 438 0
DWIDTH 7 0
BBX 7 24 0 -6
BITMAP
00
00
00
00
00
00
00
78
84
80
80
80
F8
84
84
84
84
78
00
00
00
00
00
00
ENDCHAR
STARTCHAR u0037
ENCODING 55
SWIDTH 438 0
DWIDTH 7 0
BBX 7 24 0 -6
BITMAP
00
00
00
00
00
00
00
FC
04
04
08
08
08
10
10
10
10
10
00
00
00
00
00
00
ENDCHAR
STARTCHAR u0038
ENCODING 56
SWIDTH 438 0
DWIDTH 7 0
BBX 7 24 0 -6
BITMAP
00
00
00
00
00
00
00
78
84
84
84
84
78
84
84
84
84
78
00
00
00
00
00
00
ENDCHAR
STARTCHAR u0039
ENCODING 57
SWIDTH 438 0
DWIDTH 7 0
BBX 7 24 0 -6
BITMAP
00
00
00
00
00
00
00
78
84
84
84
84
7C
04
04
04
84
78
00
00
00
00
00
00
ENDCHAR
STARTCHAR u003A
ENCODING 58
SWIDTH 313 0
DWIDTH 5 0
BBX 5 24 0 -6
BITMAP
00
00
00
00
00
00
00
00
00
00
60
60
00
00
00
00
60
60
00
00
00
00
00
00
ENDCHAR
STARTCHAR u003B
ENCODING 59
SWIDTH 313 0
DWIDTH 5 0
BBX 5 24 0 -6
BITMAP
00
00
00
00
00
00
00
00
00
00
60
60
00
00
00
00
60
60
20
40
00
00
00
00
ENDCHAR
STARTCHAR u003C
ENCODING 60
SWIDTH 313 0
DWIDTH 5 0
BBX 5 24 0 -6
BITMAP
00
00
00
00
00
00
00
00
00
00
10
20
40
80
40
20
10
00
00
00
00
00
00
00
ENDCHAR
STARTCHAR u003D
ENCODING 61
SWIDTH 375 0
DWIDTH 6 0
BBX 6 24 0 -6
BITMAP
00
00
00
00
00
00
00
00
00
00
00
00
F8
00
F8
00
00
00
00
00
00
00
00
00
ENDCHAR
STARTCHAR u003E
ENCODING 62
SWIDTH 313 0
DWIDTH 5 0
BBX 5 24 0 -6
BITMAP
00
00
00
00
00
00
00
00
00
00
80
40
20
10
20
40
80
00
00
00
00
00
00
00
ENDCHAR
STARTCHAR u003F
ENCODING 63
SWIDTH 438 0
DWIDTH 7 0
BBX 7 24 0 -6
BITMAP
00
00
00
00
00
00
00
78
84
84
04
08
10
10
10
00
00
10
00
00
00
00
00
00
ENDCHAR
STARTCHAR u0040
ENCODING 64
SWIDTH 563 0
DWIDTH 9 0
BBX 9 24 0 -6
BITMAP
0000
0000
0000
0000
0000
0000
0000
3C00
4200
8100
9D00
A500
A500
A500
A500
BB00
8000
4000
3E00
0000
0000
0000
0000
0000
ENDCHAR
STARTCHAR u0041
ENCODING 65
SWIDTH 500 0
DWIDTH 8 0
BBX 8 24 0 -6
BITMAP
00
00
00
00
00
00
00
10
10
28
28
28
44
44
7C
82
82
82
00
00
00
00
00
00
ENDCHAR
STARTCHAR u0042
ENCODING 66
SWIDTH 500 0
DWIDTH 8 0
BBX 8 24 0 -6
BITMAP
00
00
00
00
00
00
00
F8
84
82
82
84
F8
84
82
82
84
F8
00
00
00
00
00
00
ENDCHAR
STARTCHAR u0043
ENCODING 67
SWIDTH 500 0
DWIDTH 8 0
BBX 8 24 0 -6
BITMAP
00
00
00
00
00
00
00
3C
42
80
80
80
80
80
80
80
42
3C
00
00
00
00
00
00
ENDCHAR
STARTCHAR u0044
ENCODING 68
SWIDTH 500 0
DWIDTH 8 0
BBX 8 24 0 -6
BITMAP
00
00
00
00
00
00
00
F8
84
82
82
82
82
82
82
82
84
F8
00
00
00
00
00
00
ENDCHAR
STARTCHAR u0045
ENCODING 69
SWIDTH 500 0
DWIDTH 8 0
BBX 8 24 0 -6
BITMAP
00
00
00
00
00
00
00
FE
80
80
80
80
FC
80
80
80
80
FE
00
00
00
00
00
00
ENDCHAR
STARTCHAR u0046
ENCODING 70
SWIDTH 500 0
DWIDTH 8 0
BBX 8 24 0 -6
BITMAP
00
00
00
00
00
00
00
FE
80
80
80
80
FC
80
80
80
80
80
00
00
00
00
00
00
ENDCHAR
STARTCHAR u0047
ENCODING 71
SWIDTH 500 0
DWIDTH 8 0
BBX 8 24 0 -6
BITMAP
00
00
00
00
00
00
00
3C
42
80
80
80
80
8E
82
82
42
3E
00
00
00
00
00
00
ENDCHAR
STARTCHAR u0048
ENCODING 72
SWIDTH 500 0
DWIDTH 8 0
BBX 8 24 0 -6
BITMAP
00
00
00
00
00
00
00
82
82
82
82
82
FE
82
82
82
82
82
00
00
00
00
00
00
ENDCHAR
STARTCHAR u0049
ENCODING 73
SWIDTH 250 0
DWIDTH 4 0
BBX 4 24 0 -6
BITMAP
00
00
00
00
00
00
00
E0
40
40
40
40
40
40
40
40
40
E0
00
00
00
00
00
00
ENDCHAR
STARTCHAR u004A
ENCODING 74
SWIDTH 438 0
DWIDTH 7 0
BBX 7 24 0 -6
BITMAP
00
00
00
00
00
00
00
04
04
04
04
04
04
04
84
84
84
78
00
00
00
00
00
00
ENDCHAR
STARTCHAR u004B
ENCODING 75
SWIDTH 500 0
DWIDTH 8 0
BBX 8 24 0 -6
BITMAP
00
00
00
00
00
00
00
82
84
88
90
A0
C0
A0
90
88
84
82
00
00
00
00
00
00
ENDCHAR
STARTCHAR u004C
ENCODING 76
SWIDTH 438 0
DWIDTH 7 0
BBX 7 24 0 -6
BITMAP
00
00
00
00
00
00
00
80
80
80
80
80
80
80
80
80
80
FC
00
00
00
00
00
00
ENDCHAR
STARTCHAR u004D
ENCODING 77
SWIDTH 625 0
DWIDTH 10 0
BBX 10 24 0 -6
BITMAP
0000
0000
0000
0000
0000
0000
0000
8080
8080
C180
C180
A280
A280
9480
9480
8880
8880
8880
0000
0000
0000
0000
0000
0000
ENDCHAR
STARTCHAR u004E
ENCODING 78
SWIDTH 500 0
DWIDTH 8 0
BBX 8 24 0 -6
BITMAP
00
00
00
00
00
00
00
82
C2
C2
A2
A2
92
8A
8A
86
86
82
00
00
00
00
00
00
ENDCHAR
STARTCHAR u004F
ENCODING 79
SWIDTH 500 0
DWIDTH 8 0
BBX 8 24 0 -6
BITMAP
00
00
00
00
00
00
00
38
44
82
82
82
82
82
82
82
44
38
00
00
00
00
00
00
ENDCHAR
STARTCHAR u0050
ENCODING 80
SWIDTH 500 0
DWIDTH 8 0
BBX 8 24 0 -6
BITMAP
00
00
00
00
00
00
00
FC
82
82
82
82
FC
80
80
80
80
80
00
00
00
00
00
00
ENDCHAR
STARTCHAR u0051
ENCODING 81
SWIDTH 500 0
DWIDTH 8 0
BBX 8 24 0 -6
BITMAP
00
00
00
00
00
00
00
38
44
82
82
82
82
82
82
8A
44
3A
00
00
00
00
00
00
ENDCHAR
STARTCHAR u0052
ENCODING 82
SWIDTH 500 0
DWIDTH 8 0
BBX 8 24 0 -6
BITMAP
00
00
00
00
00
00
00
FC
82
82
82
82
FC
88
88
84
84
82
00
00
00
00
00
00
ENDCHAR
STARTCHAR u0053
ENCODING 83
SWIDTH 500 0
DWIDTH 8 0
BBX 8 24 0 -6
BITMAP
00
00
00
00
00
00
00
7C
82
80
80
40
38
04
02
02
82
7C
00
00
00
00
00
00
ENDCHAR
STARTCHAR u0054
ENCODING 84
SWIDTH 500 0
DWIDTH 8 0
BBX 8 24 0 -6
BITMAP
00
00
00
00
00
00
00
FE
10
10
10
10
10
10
10
10
10
10
00
00
00
00
00
00
ENDCHAR
STARTCHAR u0055
ENCODING 85
SWIDTH 500 0
DWIDTH 8 0
BBX 8 24 0 -6
BITMAP
00
00
00
00
00
00
00
82
82
82
82
82
82
82
82
82
44
38
00
00
00
00
00
00
ENDCHAR
STARTCHAR u0056
ENCODING 86
SWIDTH 500 0
DWIDTH 8 0
BBX 8 24 0 -6
BITMAP
00
00
00
00
00
00
00
82
82
82
44
44
44
28
28
28
10
10
00
00
00
00
00
00
ENDCHAR
STARTCHAR u0057
ENCODING 87
SWIDTH 750 0
DWIDTH 12 0
BBX 12 24 0 -6
BITMAP
0000
0000
0000
0000
0000
0000
0000
8420
8420
8A20
8A20
4A40
5140
5140
5140
2080
2080
2080
0000
0000
0000
0000
0000
0000
ENDCHAR
STARTCHAR u0058
ENCODING 88
SWIDTH 500 0
DWIDTH 8 0
BBX 8 24 0 -6
BITMAP
00
00
00
00
00
00
00
82
82
44
44
28
10
28
44
44
82
82
00
00
00
00
00
00
ENDCHAR
STARTCHAR u0059
ENCODING 89
SWIDTH 500 0
DWIDTH 8 0
BBX 8 24 0 -6
BITMAP
00
00
00
00
00
00
00
82
82
44
44
28
28
10
10
10
10
10
00
00
00
00
00
00
ENDCHAR
STARTCHAR u005A
ENCODING 90
SWIDTH 500 0
DWIDTH 8 0
BBX 8 24 0 -6
BITMAP
00
00
00
00
00
00
00
FE
02
04
08
08
10
20
20
40
80
FE
00
00
00
00
00
00
ENDCHAR
STARTCHAR u005B
ENCODING 91
SWIDTH 375 0
DWIDTH 6 0
BBX 6 24 0 -6
BITMAP
00
00
00
00
00
70
40
40
40
40
40
40
40
40
40
40
40
40
40
70
00
00
00
00
ENDCHAR
STARTCHAR u005C
ENCODING 92
SWIDTH 375 0
DWIDTH 6 0
BBX 6 24 0 -6
BITMAP
00
00
00
00
00
80
80
80
40
40
40
20
20
20
10
10
10
08
08
08
00
00
00
00
ENDCHAR
STARTCHAR u005D
ENCODING 93
SWIDTH 375 0
DWIDTH 6 0
BBX 6 24 0 -6
BITMAP
00
00
00
00
00
70
10
10
10
10
10
10
10
10
10
10
10
10
10
70
00
00
00
00
ENDCHAR
STARTCHAR u005E
ENCODING 94
SWIDTH 375 0
DWIDTH 6 0
BBX 6 24 0 -6
BITMAP
00
00
00
00
00
00
00
20
50
88
00
00
00
00
00
00
00
00
00
00
00
00
00
00
ENDCHAR
STARTCHAR u005F
ENCODING 95
SWIDTH 438 0
DWIDTH 7 0
BBX 7 24 0 -6
BITMAP
00
00
00
00
00
00
00
00
00
00
00
00
00
00
00
00
00
00
00
00
FC
00
00
00
ENDCHAR
STARTCHAR u0060
ENCODING 96
SWIDTH 375 0
DWIDTH 6 0
BBX 6 24 0 -6
BITMAP
00
00
00
00
00
00
00
40
20
10
00
00
00
00
00
00
00
00
00
00
00
00
00
00
ENDCHAR
STARTCHAR u0061
ENCODING 97
SWIDTH 438 0
DWIDTH 7 0
BBX 7 24 0 -6
BITMAP
00
00
00
00
00
00
00
00
00
00
78
04
04
7C
84
84
84
7C
00
00
00
00
00
00
ENDCHAR
STARTCHAR u0062
ENCODING 98
SWIDTH 438 0
DWIDTH 7 0
BBX 7 24 0 -6
BITMAP
00
00
00
00
00
00
00
80
80
80
F8
84
84
84
84
84
84
F8
00
00
00
00
00
00
ENDCHAR
STARTCHAR u0063
ENCODING 99
SWIDTH 438 0
DWIDTH 7 0
BBX 7 24 0 -6
BITMAP
00
00
00
00
00
00
00
00
00
00
78
84
80
80
80
80
84
78
00
00
00
00
00
00
ENDCHAR
STARTCHAR u0064
ENCODING 100
SWIDTH 438 0
DWIDTH 7 0
BBX 7 24 0 -6
BITMAP
00
00
00
00
00
00
00
04
04
04
7C
84
84
84
84
84
84
7C
00
00
00
00
00
00
ENDCHAR
STARTCHAR u0065
ENCODING 101
SWIDTH 438 0
DWIDTH 7 0
BBX 7 24 0 -6
BITMAP
00
00
00
00
00
00
00
00
00
00
78
84
84
FC
80
80
84
78
00
00
00
00
00
00
ENDCHAR
STARTCHAR u0066
ENCODING 102
SWIDTH 438 0
DWIDTH 7 0
BBX 7 24 0 -6
BITMAP
00
00
00
00
00
00
00
1C
20
20
FC
20
20
20
20
20
20
20
00
00
00
00
00
00
ENDCHAR
STARTCHAR u0067
ENCODING 103
SWIDTH 438 0
DWIDTH 7 0
BBX 7 24 0 -6
BITMAP
00
00
00
00
00
00
00
00
00
00
7C
84
84
84
84
84
84
7C
04
04
78
00
00
00
ENDCHAR
STARTCHAR u0068
ENCODING 104
SWIDTH 438 0
DWIDTH 7 0
BBX 7 24 0 -6
BITMAP
00
00
00
00
00
00
00
80
80
80
B8
C4
84
84
84
84
84
84
00
00
00
00
00
00
ENDCHAR
STARTCHAR u0069
ENCODING 105
SWIDTH 250 0
DWIDTH 4 0
BBX 4 24 0 -6
BITMAP
00
00
00
00
00
00
00
40
00
00
C0
40
40
40
40
40
40
E0
00
00
00
00
00
00
ENDCHAR
STARTCHAR u006A
ENCODING 106
SWIDTH 250 0
DWIDTH 4 0
BBX 4 24 0 -6
BITMAP
00
00
00
00
00
00
00
20
00
00
E0
20
20
20
20
20
20
20
20
20
C0
00
00
00
ENDCHAR
STARTCHAR u006B
ENCODING 107
SWIDTH 438 0
DWIDTH 7 0
BBX 7 24 0 -6
BITMAP
00
00
00
00
00
00
00
80
80
80
84
88
B0
C0
A0
90
88
84
00
00
00
00
00
00
ENDCHAR
STARTCHAR u006C
ENCODING 108
SWIDTH 250 0
DWIDTH 4 0
BBX 4 24 0 -6
BITMAP
00
00
00
00
00
00
00
C0
40
40
40
40
40
40
40
40
40
60
00
00
00
00
00
00
ENDCHAR
STARTCHAR u006D
ENCODING 109
SWIDTH 625 0
DWIDTH 10 0
BBX 10 24 0 -6
BITMAP
0000
0000
0000
0000
0000
0000
0000
0000
0000
0000
B700
C880
8880
8880
8880
8880
8880
8880
0000
0000
0000
0000
0000
0000
ENDCHAR
STARTCHAR u006E
ENCODING 110
SWIDTH 438 0
DWIDTH 7 0
BBX 7 24 0 -6
BITMAP
00
00
00
00
00
00
00
00
00
00
B8
C4
84
84
84
84
84
84
00
00
00
00
00
00
ENDCHAR
STARTCHAR u006F
ENCODING 111
SWIDTH 438 0
DWIDTH 7 0
BBX 7 24 0 -6
BITMAP
00
00
00
00
00
00
00
00
00
00
78
84
84
84
84
84
84
78
00
00
00
00
00
00
ENDCHAR
STARTCHAR u0070
ENCODING 112
SWIDTH 438 0
DWIDTH 7 0
BBX 7 24 0 -6
BITMAP
00
00
00
00
00
00
00
00
00
00
F8
84
84
84
84
84
84
F8
80
80
80
00
00
00
ENDCHAR
STARTCHAR u0071
ENCODING 113
SWIDTH 438 0
DWIDTH 7 0
BBX 7 24 0 -6
BITMAP
00
00
00
00
00
00
00
00
00
00
7C
84
84
84
84
84
84
7C
04
04
04
00
00
00
ENDCHAR
STARTCHAR u0072
ENCODING 114
SWIDTH 375 0
DWIDTH 6 0
BBX 6 24 0 -6
BITMAP
00
00
00
00
00
00
00
00
00
00
B8
C0
80
80
80
80
80
80
00
00
00
00
00
00
ENDCHAR
STARTCHAR u0073
ENCODING 115
SWIDTH 438 0
DWIDTH 7 0
BBX 7 24 0 -6
BITMAP
00
00
00
00
00
00
00
00
00
00
78
84
80
60
18
04
84
78
00
00
00
00
00
00
ENDCHAR
STARTCHAR u0074
ENCODING 116
SWIDTH 438 0
DWIDTH 7 0
BBX 7 24 0 -6
BITMAP
00
00
00
00
00
00
00
20
20
20
FC
20
20
20
20
20
20
1C
00
00
00
00
00
00
ENDCHAR
STARTCHAR u0075
ENCODING 117
SWIDTH 438 0
DWIDTH 7 0
BBX 7 24 0 -6
BITMAP
00
00
00
00
00
00
00
00
00
00
84
84
84
84
84
84
8C
74
00
00
00
00
00
00
ENDCHAR
STARTCHAR u0076
ENCODING 118
SWIDTH 500 0
DWIDTH 8 0
BBX 8 24 0 -6
BITMAP
00
00
00
00
00
00
00
00
00
00
82
82
44
44
28
28
10
10
00
00
00
00
00
00
ENDCHAR
STARTCHAR u0077
ENCODING 119
SWIDTH 625 0
DWIDTH 10 0
BBX 10 24 0 -6
BITMAP
0000
0000
0000
0000
0000
0000
0000
0000
0000
0000
8880
8880
8880
5500
5500
5500
2200
2200
0000
0000
0000
0000
0000
0000
ENDCHAR
STARTCHAR u0078
ENCODING 120
SWIDTH 500 0
DWIDTH 8 0
BBX 8 24 0 -6
BITMAP
00
00
00
00
00
00
00
00
00
00
82
44
28
10
10
28
44
82
00
00
00
00
00
00
ENDCHAR
STARTCHAR u0079
ENCODING 121
SWIDTH 500 0
DWIDTH 8 0
BBX 8 24 0 -6
BITMAP
00
00
00
00
00
00
00
00
00
00
82
82
44
44
44
28
28
10
10
20
C0
00
00
00
ENDCHAR
STARTCHAR u007A
ENCODING 122
SWIDTH 438 0
DWIDTH 7 0
BBX 7 24 0 -6
BITMAP
00
00
00
00
00
00
00
00
00
00
FC
04
08
10
20
40
80
FC
00
00
00
00
00
00
ENDCHAR
STARTCHAR u007B
ENCODING 123
SWIDTH 438 0
DWIDTH 7 0
BBX 7 24 0 -6
BITMAP
00
00
00
00
00
18
20
20
20
20
20
20
40
20
20
20
20
20
20
18
00
00
00
00
ENDCHAR
STARTCHAR u007C
ENCODING 124
SWIDTH 250 0
DWIDTH 4 0
BBX 4 24 0 -6
BITMAP
00
00
00
00
00
40
40
40
40
40
40
40
40
40
40
40
40
40
40
40
00
00
00
00
ENDCHAR
STARTCHAR u007D
ENCODING 125
SWIDTH 438 0
DWIDTH 7 0
BBX 7 24 0 -6
BITMAP
00
00
00
00
00
60
10
10
10
10
10
10
08
10
10
10
10
10
10
60
00
00
00
00
ENDCHAR
STARTCHAR u007E
ENCODING 126
SWIDTH 500 0
DWIDTH 8 0
BBX 8 24 0 -6
BITMAP
00
00
00
00
00
00
00
00
00
00
00
60
92
0C
00
00
00
00
00
00
00
00
00
00
ENDCHAR
STARTCHAR u00A1
ENCODING 161
SWIDTH 375 0
DWIDTH 6 0
BBX 6 24 0 -6
BITMAP
00
00
00
00
00
00
00
00
00
00
20
00
00
20
20
20
20
70
70
70
20
00
00
00
ENDCHAR
STARTCHAR u00A2
ENCODING 162
SWIDTH 500 0
DWIDTH 8 0
BBX 8 24 0 -6
BITMAP
00
00
00
00
00
00
00
00
00
10
7C
92
90
90
90
90
92
7C
10
00
00
00
00
00
ENDCHAR
STARTCHAR u00A3
ENCODING 163
SWIDTH 438 0
DWIDTH 7 0
BBX 7 24 0 -6
BITMAP
00
00
00
00
00
00
00
78
84
80
80
40
20
F8
20
40
80
FC
00
00
00
00
00
00
ENDCHAR
STARTCHAR u00A4
ENCODING 164
SWIDTH 500 0
DWIDTH 8 0
BBX 8 24 0 -6
BITMAP
00
00
00
00
00
00
00
00
00
BA
44
82
82
82
44
BA
00
00
00
00
00
00
00
00
ENDCHAR
STARTCHAR u00A5
ENCODING 165
SWIDTH 500 0
DWIDTH 8 0
BBX 8 24 0 -6
BITMAP
00
00
00
00
00
00
00
82
82
44
44
28
FE
10
10
FE
10
10
00
00
00
00
00
00
ENDCHAR
STARTCHAR u00A6
ENCODING 166
SWIDTH 250 0
DWIDTH 4 0
BBX 4 24 0 -6
BITMAP
00
00
00
00
00
40
40
40
40
40
40
40
00
40
40
40
40
40
40
40
00
00
00
00
ENDCHAR
STARTCHAR u00A7
ENCODING 167
SWIDTH 438 0
DWIDTH 7 0
BBX 7 24 0 -6
BITMAP
00
00
00
00
00
00
00
78
84
80
80
60
98
84
84
64
18
04
04
84
78
00
00
00
ENDCHAR
STARTCHAR u00A8
ENCODING 168
SWIDTH 438 0
DWIDTH 7 0
BBX 7 24 0 -6
BITMAP
00
00
00
00
00
00
00
48
00
00
00
00
00
00
00
00
00
00
00
00
00
00
00
00
ENDCHAR
STARTCHAR u00A9
ENCODING 169
SWIDTH 1000 0
DWIDTH 16 0
BBX 16 16 0 -2
BITMAP
0000
0000
0000
07C0
0820
1390
2448
2408
2408
2408
2448
1390
0820
07C0
0000
0000
ENDCHAR
STARTCHAR u00AA
ENCODING 170
SWIDTH 375 0
DWIDTH 6 0
BBX 6 24 0 -6
BITMAP
00
00
00
00
00
00
00
70
08
78
88
78
00
00
00
00
00
00
00
00
00
00
00
00
ENDCHAR
STARTCHAR u00AB
ENCODING 171
SWIDTH 500 0
DWIDTH 8 0
BBX 8 24 0 -6
BITMAP
00
00
00
00
00
00
00
00
00
00
12
24
48
90
48
24
12
00
00
00
00
00
00
00
ENDCHAR
STARTCHAR u00AC
ENCODING 172
SWIDTH 438 0
DWIDTH 7 0
BBX 7 24 0 -6
BITMAP
00
00
00
00
00
00
00
00
00
00
00
FC
04
04
04
00
00
00
00
00
00
00
00
00
ENDCHAR
STARTCHAR u00AE
ENCODING 174
SWIDTH 1000 0
DWIDTH 16 0
BBX 16 16 0 -2
BITMAP
0000
3F00
4080
9C40
9240
9240
9C40
9240
9240
4080
3F00
0000
0000
0000
0000
0000
ENDCHAR
STARTCHAR u00AF
ENCODING 175
SWIDTH 438 0
DWIDTH 7 0
BBX 7 24 0 -6
BITMAP
00
00
00
00
00
00
00
FC
00
00
00
00
00
00
00
00
00
00
00
00
00
00
00
00
ENDCHAR
STARTCHAR u00B0
ENCODING 176
SWIDTH 313 0
DWIDTH 5 0
BBX 5 24 0 -6
BITMAP
00
00
00
00
00
00
60
90
90
60
00
00
00
00
00
00
00
00
00
00
00
00
00
00
ENDCHAR
STARTCHAR u00B1
ENCODING 177
SWIDTH 375 0
DWIDTH 6 0
BBX 6 24 0 -6
BITMAP
00
00
00
00
00
00
00
00
00
00
00
20
20
F8
20
20
00
F8
00
00
00
00
00
00
ENDCHAR
STARTCHAR u00B2
ENCODING 178
SWIDTH 375 0
DWIDTH 6 0
BBX 6 24 0 -6
BITMAP
00
00
00
00
00
70
88
08
30
40
80
F8
00
00
00
00
00
00
00
00
00
00
00
00
ENDCHAR
STARTCHAR u00B3
ENCODING 179
SWIDTH 375 0
DWIDTH 6 0
BBX 6 24 0 -6
BITMAP
00
00
00
00
00
70
88
08
30
08
88
70
00
00
00
00
00
00
00
00
00
00
00
00
ENDCHAR
STARTCHAR u00B4
ENCODING 180
SWIDTH 375 0
DWIDTH 6 0
BBX 6 24 0 -6
BITMAP
00
00
00
00
00
00
00
10
20
40
00
00
00
00
00
00
00
00
00
00
00
00
00
00
ENDCHAR
STARTCHAR u00B5
ENCODING 181
SWIDTH 438 0
DWIDTH 7 0
BBX 7 24 0 -6
BITMAP
00
00
00
00
00
00
00
00
00
00
84
84
84
84
84
84
CC
B4
80
80
80
00
00
00
ENDCHAR
STARTCHAR u00B6
ENCODING 182
SWIDTH 500 0
DWIDTH 8 0
BBX 8 24 0 -6
BITMAP
00
00
00
00
00
00
00
1E
7A
FA
FA
FA
FA
7A
1A
0A
0A
0A
0A
0A
0A
00
00
00
ENDCHAR
STARTCHAR u00B7
ENCODING 183
SWIDTH 313 0
DWIDTH 5 0
BBX 5 24 0 -6
BITMAP
00
00
00
00
00
00
00
00
00
00
00
00
60
60
00
00
00
00
00
00
00
00
00
00
ENDCHAR
STARTCHAR u00B8
ENCODING 184
SWIDTH 375 0
DWIDTH 6 0
BBX 6 24 0 -6
BITMAP
00
00
00
00
00
00
00
00
00
00
00
00
00
00
00
00
00
20
20
10
60
00
00
00
ENDCHAR
STARTCHAR u00B9
ENCODING 185
SWIDTH 375 0
DWIDTH 6 0
BBX 6 24 0 -6
BITMAP
00
00
00
00
00
20
60
20
20
20
20
70
00
00
00
00
00
00
00
00
00
00
00
00
ENDCHAR
STARTCHAR u00BA
ENCODING 186
SWIDTH 375 0
DWIDTH 6 0
BBX 6 24 0 -6
BITMAP
00
00
00
00
00
00
00
70
88
88
88
70
00
00
00
00
00
00
00
00
00
00
00
00
ENDCHAR
STARTCHAR u00BB
ENCODING 187
SWIDTH 500 0
DWIDTH 8 0
BBX 8 24 0 -6
BITMAP
00
00
00
00
00
00
00
00
00
00
90
48
24
12
24
48
90
00
00
00
00
00
00
00
ENDCHAR
STARTCHAR u00BC
ENCODING 188
SWIDTH 1000 0
DWIDTH 16 0
BBX 16 16 0 -2
BITMAP
0000
1002
3004
1008
1010
1020
1040
3880
0100
0218
0428
0828
1048
2048
407C
8008
ENDCHAR
STARTCHAR u00BD
ENCODING 189
SWIDTH 1000 0
DWIDTH 16 0
BBX 16 16 0 -2
BITMAP
0000
1002
3004
1008
1010
1020
1040
3880
0100
0238
0444
0804
1018
2020
4040
807C
ENDCHAR
STARTCHAR u00BE
ENCODING 190
SWIDTH 1000 0
DWIDTH 16 0
BBX 16 16 0 -2
BITMAP
0000
3802
4404
0408
1810
0420
4440
3880
0100
0218
0428
0828
1048
2048
407C
8008
ENDCHAR
STARTCHAR u00BF
ENCODING 191
SWIDTH 438 0
DWIDTH 7 0
BBX 7 24 0 -6
BITMAP
00
00
00
00
00
00
00
00
00
00
20
00
00
20
20
20
40
80
84
84
78
00
00
00
ENDCHAR
STARTCHAR u00C0
ENCODING 192
SWIDTH 500 0
DWIDTH 8 0
BBX 8 24 0 -6
BITMAP
00
00
00
00
20
10
00
10
10
28
28
28
44
44
7C
82
82
82
00
00
00
00
00
00
ENDCHAR
STARTCHAR u00C1
ENCODING 193
SWIDTH 500 0
DWIDTH 8 0
BBX 8 24 0 -6
BITMAP
00
00
00
00
08
10
00
10
10
28
28
28
44
44
7C
82
82
82
00
00
00
00
00
00
ENDCHAR
STARTCHAR u00C2
ENCODING 194
SWIDTH 500 0
DWIDTH 8 0
BBX 8 24 0 -6
BITMAP
00
00
00
00
10
28
00
10
10
28
28
28
44
44
7C
82
82
82
00
00
00
00
00
00
ENDCHAR
STARTCHAR u00C3
ENCODING 195
SWIDTH 500 0
DWIDTH 8 0
BBX 8 24 0 -6
BITMAP
00
00
00
00
34
48
00
10
10
28
28
28
44
44
7C
82
82
82
00
00
00
00
00
00
ENDCHAR
STARTCHAR u00C4
ENCODING 196
SWIDTH 500 0
DWIDTH 8 0
BBX 8 24 0 -6
BITMAP
00
00
00
00
00
44
00
10
10
28
28
28
44
44
7C
82
82
82
00
00
00
00
00
00
ENDCHAR
STARTCHAR u00C5
ENCODING 197
SWIDTH 500 0
DWIDTH 8 0
BBX 8 24 0 -6
BITMAP
00
00
00
10
28
10
00
10
10
28
28
28
44
44
7C
82
82
82
00
00
00
00
00
00
ENDCHAR
STARTCHAR u00C6
ENCODING 198
SWIDTH 625 0
DWIDTH 10 0
BBX 10 24 0 -6
BITMAP
0000
0000
0000
0000
0000
0000
0000
1F80
1800
2800
2800
2800
4F00
4800
7800
8800
8800
8F80
0000
0000
0000
0000
0000
0000
ENDCHAR
STARTCHAR u00C7
ENCODING 199
SWIDTH 500 0
DWIDTH 8 0
BBX 8 24 0 -6
BITMAP
00
00
00
00
00
00
00
3C
42
80
80
80
80
80
80
80
42
3C
08
04
18
00
00
00
ENDCHAR
STARTCHAR u00C8
ENCODING 200
SWIDTH 500 0
DWIDTH 8 0
BBX 8 24 0 -6
BITMAP
00
00
00
00
20
10
00
FE
80
80
80
80
FC
80
80
80
80
FE
00
00
00
00
00
00
ENDCHAR
STARTCHAR u00C9
ENCODING 201
SWIDTH 500 0
DWIDTH 8 0
BBX 8 24 0 -6
BITMAP
00
00
00
00
08
10
00
FE
80
80
80
80
FC
80
80
80
80
FE
00
00
00
00
00
00
ENDCHAR
STARTCHAR u00CA
ENCODING 202
SWIDTH 500 0
DWIDTH 8 0
BBX 8 24 0 -6
BITMAP
00
00
00
00
10
28
00
FE
80
80
80
80
FC
80
80
80
80
FE
00
00
00
00
00
00
ENDCHAR
STARTCHAR u00CB
ENCODING 203
SWIDTH 500 0
DWIDTH 8 0
BBX 8 24 0 -6
BITMAP
00
00
00
00
00
44
00
FE
80
80
80
80
FC
80
80
80
80
FE
00
00
00
00
00
00
ENDCHAR
STARTCHAR u00CC
ENCODING 204
SWIDTH 250 0
DWIDTH 4 0
BBX 4 24 0 -6
BITMAP
00
00
00
00
80
40
00
E0
40
40
40
40
40
40
40
40
40
E0
00
00
00
00
00
00
ENDCHAR
STARTCHAR u00CD
ENCODING 205
SWIDTH 250 0
DWIDTH 4 0
BBX 4 24 0 -6
BITMAP
00
00
00
00
20
40
00
E0
40
40
40
40
40
40
40
40
40
E0
00
00
00
00
00
00
ENDCHAR
STARTCHAR u00CE
ENCODING 206
SWIDTH 250 0
DWIDTH 4 0
BBX 4 24 0 -6
BITMAP
00
00
00
00
40
A0
00
E0
40
40
40
40
40
40
40
40
40
E0
00
00
00
00
00
00
ENDCHAR
STARTCHAR u00CF
ENCODING 207
SWIDTH 250 0
DWIDTH 4 0
BBX 4 24 0 -6
BITMAP
00
00
00
00
00
A0
00
E0
40
40
40
40
40
40
40
40
40
E0
00
00
00
00
00
00
ENDCHAR
STARTCHAR u00D0
ENCODING 208
SWIDTH 563 0
DWIDTH 9 0
BBX 9 24 0 -6
BITMAP
0000
0000
0000
0000
0000
0000
0000
7C00
4200
4100
4100
4100
F100
4100
4100
4100
4200
7C00
0000
0000
0000
0000
0000
0000
ENDCHAR
STARTCHAR u00D1
ENCODING 209
SWIDTH 500 0
DWIDTH 8 0
BBX 8 24 0 -6
BITMAP
00
00
00
00
34
48
00
82
C2
C2
A2
A2
92
8A
8A
86
86
82
00
00
00
00
00
00
ENDCHAR
STARTCHAR u00D2
ENCODING 210
SWIDTH 500 0
DWIDTH 8 0
BBX 8 24 0 -6
BITMAP
00
00
00
00
20
10
00
38
44
82
82
82
82
82
82
82
44
38
00
00
00
00
00
00
ENDCHAR
STARTCHAR u00D3
ENCODING 211
SWIDTH 500 0
DWIDTH 8 0
BBX 8 24 0 -6
BITMAP
00
00
00
00
08
10
00
38
44
82
82
82
82
82
82
82
44
38
00
00
00
00
00
00
ENDCHAR
STARTCHAR u00D4
ENCODING 212
SWIDTH 500 0
DWIDTH 8 0
BBX 8 24 0 -6
BITMAP
00
00
00
00
10
28
00
38
44
82
82
82
82
82
82
82
44
38
00
00
00
00
00
00
ENDCHAR
STARTCHAR u00D5
ENCODING 213
SWIDTH 500 0
DWIDTH 8 0
BBX 8 24 0 -6
BITMAP
00
00
00
00
34
48
00
38
44
82
82
82
82
82
82
82
44
38
00
00
00
00
00
00
ENDCHAR
STARTCHAR u00D6
ENCODING 214
SWIDTH 500 0
DWIDTH 8 0
BBX 8 24 0 -6
BITMAP
00
00
00
00
00
44
00
38
44
82
82
82
82
82
82
82
44
38
00
00
00
00
00
00
ENDCHAR
STARTCHAR u00D7
ENCODING 215
SWIDTH 375 0
DWIDTH 6 0
BBX 6 24 0 -6
BITMAP
00
00
00
00
00
00
00
00
00
00
00
88
50
20
50
88
00
00
00
00
00
00
00
00
ENDCHAR
STARTCHAR u00D8
ENCODING 216
SWIDTH 500 0
DWIDTH 8 0
BBX 8 24 0 -6
BITMAP
00
00
00
00
00
00
02
3A
44
8A
8A
92
92
92
A2
A2
44
B8
80
00
00
00
00
00
ENDCHAR
STARTCHAR u00D9
ENCODING 217
SWIDTH 500 0
DWIDTH 8 0
BBX 8 24 0 -6
BITMAP
00
00
00
00
20
10
00
82
82
82
82
82
82
82
82
82
44
38
00
00
00
00
00
00
ENDCHAR
STARTCHAR u00DA
ENCODING 218
SWIDTH 500 0
DWIDTH 8 0
BBX 8 24 0 -6
BITMAP
00
00
00
00
08
10
00
82
82
82
82
82
82
82
82
82
44
38
00
00
00
00
00
00
ENDCHAR
STARTCHAR u00DB
ENCODING 219
SWIDTH 500 0
DWIDTH 8 0
BBX 8 24 0 -6
BITMAP
00
00
00
00
10
28
00
82
82
82
82
82
82
82
82
82
44
38
00
00
00
00
00
00
ENDCHAR
STARTCHAR u00DC
ENCODING 220
SWIDTH 500 0
DWIDTH 8 0
BBX 8 24 0 -6
BITMAP
00
00
00
00
00
44
00
82
82
82
82
82
82
82
82
82
44
38
00
00
00
00
00
00
ENDCHAR
STARTCHAR u00DD
ENCODING 221
SWIDTH 500 0
DWIDTH 8 0
BBX 8 24 0 -6
BITMAP
00
00
00
00
08
10
00
82
82
44
44
28
28
10
10
10
10
10
00
00
00
00
00
00
ENDCHAR
STARTCHAR u00DE
ENCODING 222
SWIDTH 500 0
DWIDTH 8 0
BBX 8 24 0 -6
BITMAP
00
00
00
00
00
00
00
80
80
80
FC
82
82
82
FC
80
80
80
00
00
00
00
00
00
ENDCHAR
STARTCHAR u00DF
ENCODING 223
SWIDTH 438 0
DWIDTH 7 0
BBX 7 24 0 -6
BITMAP
00
00
00
00
00
00
00
70
88
88
88
90
90
88
84
84
84
98
00
00
00
00
00
00
ENDCHAR
STARTCHAR u00E0
ENCODING 224
SWIDTH 438 0
DWIDTH 7 0
BBX 7 24 0 -6
BITMAP
00
00
00
00
00
00
00
20
10
00
78
04
04
7C
84
84
84
7C
00
00
00
00
00
00
ENDCHAR
STARTCHAR u00E1
ENCODING 225
SWIDTH 438 0
DWIDTH 7 0
BBX 7 24 0 -6
BITMAP
00
00
00
00
00
00
00
10
20
00
78
04
04
7C
84
84
84
7C
00
00
00
00
00
00
ENDCHAR
STARTCHAR u00E2
ENCODING 226
SWIDTH 438 0
DWIDTH 7 0
BBX 7 24 0 -6
BITMAP
00
00
00
00
00
00
00
10
28
00
78
04
04
7C
84
84
84
7C
00
00
00
00
00
00
ENDCHAR
STARTCHAR u00E3
ENCODING 227
SWIDTH 438 0
DWIDTH 7 0
BBX 7 24 0 -6
BITMAP
00
00
00
00
00
00
00
34
48
00
78
04
04
7C
84
84
84
7C
00
00
00
00
00
00
ENDCHAR
STARTCHAR u00E4
ENCODING 228
SWIDTH 438 0
DWIDTH 7 0
BBX 7 24 0 -6
BITMAP
00
00
00
00
00
00
00
48
00
00
78
04
04
7C
84
84
84
7C
00
00
00
00
00
00
ENDCHAR
STARTCHAR u00E5
ENCODING 229
SWIDTH 438 0
DWIDTH 7 0
BBX 7 24 0 -6
BITMAP
00
00
00
00
00
00
10
28
10
00
78
04
04
7C
84
84
84
7C
00
00
00
00
00
00
ENDCHAR
STARTCHAR u00E6
ENCODING 230
SWIDTH 750 0
DWIDTH 12 0
BBX 12 24 0 -6
BITMAP
0000
0000
0000
0000
0000
0000
0000
0000
0000
0000
7BC0
0420
0420
7FE0
8400
8400
8420
7BC0
0000
0000
0000
0000
0000
0000
ENDCHAR
STARTCHAR u00E7
ENCODING 231
SWIDTH 438 0
DWIDTH 7 0
BBX 7 24 0 -6
BITMAP
00
00
00
00
00
00
00
00
00
00
78
84
80
80
80
80
84
78
10
08
30
00
00
00
ENDCHAR
STARTCHAR u00E8
ENCODING 232
SWIDTH 438 0
DWIDTH 7 0
BBX 7 24 0 -6
BITMAP
00
00
00
00
00
00
00
20
10
00
78
84
84
FC
80
80
84
78
00
00
00
00
00
00
ENDCHAR
STARTCHAR u00E9
ENCODING 233
SWIDTH 438 0
DWIDTH 7 0
BBX 7 24 0 -6
BITMAP
00
00
00
00
00
00
00
10
20
00
78
84
84
FC
80
80
84
78
00
00
00
00
00
00
ENDCHAR
STARTCHAR u00EA
ENCODING 234
SWIDTH 438 0
DWIDTH 7 0
BBX 7 24 0 -6
BITMAP
00
00
00
00
00
00
00
10
28
00
78
84
84
FC
80
80
84
78
00
00
00
00
00
00
ENDCHAR
STARTCHAR u00EB
ENCODING 235
SWIDTH 438 0
DWIDTH 7 0
BBX 7 24 0 -6
BITMAP
00
00
00
00
00
00
00
48
00
00
78
84
84
FC
80
80
84
78
00
00
00
00
00
00
ENDCHAR
STARTCHAR u00EC
ENCODING 236
SWIDTH 250 0
DWIDTH 4 0
BBX 4 24 0 -6
BITMAP
00
00
00
00
00
00
00
80
40
00
C0
40
40
40
40
40
40
E0
00
00
00
00
00
00
ENDCHAR
STARTCHAR u00ED
ENCODING 237
SWIDTH 250 0
DWIDTH 4 0
BBX 4 24 0 -6
BITMAP
00
00
00
00
00
00
00
20
40
00
C0
40
40
40
40
40
40
E0
00
00
00
00
00
00
ENDCHAR
STARTCHAR u00EE
ENCODING 238
SWIDTH 250 0
DWIDTH 4 0
BBX 4 24 0 -6
BITMAP
00
00
00
00
00
00
00
40
A0
00
C0
40
40
40
40
40
40
E0
00
00
00
00
00
00
ENDCHAR
STARTCHAR u00EF
ENCODING 239
SWIDTH 250 0
DWIDTH 4 0
BBX 4 24 0 -6
BITMAP
00
00
00
00
00
00
00
A0
00
00
C0
40
40
40
40
40
40
E0
00
00
00
00
00
00
ENDCHAR
STARTCHAR u00F0
ENCODING 240
SWIDTH 438 0
DWIDTH 7 0
BBX 7 24 0 -6
BITMAP
00
00
00
00
00
00
20
1C
70
08
78
84
84
84
84
84
84
78
00
00
00
00
00
00
ENDCHAR
STARTCHAR u00F1
ENCODING 241
SWIDTH 438 0
DWIDTH 7 0
BBX 7 24 0 -6
BITMAP
00
00
00
00
00
00
00
34
48
00
B8
C4
84
84
84
84
84
84
00
00
00
00
00
00
ENDCHAR
STARTCHAR u00F2
ENCODING 242
SWIDTH 438 0
DWIDTH 7 0
BBX 7 24 0 -6
BITMAP
00
00
00
00
00
00
00
20
10
00
78
84
84
84
84
84
84
78
00
00
00
00
00
00
ENDCHAR
STARTCHAR u00F3
ENCODING 243
SWIDTH 438 0
DWIDTH 7 0
BBX 7 24 0 -6
BITMAP
00
00
00
00
00
00
00
10
20
00
78
84
84
84
84
84
84
78
00
00
00
00
00
00
ENDCHAR
STARTCHAR u00F4
ENCODING 244
SWIDTH 438 0
DWIDTH 7 0
BBX 7 24 0 -6
BITMAP
00
00
00
00
00
00
00
10
28
00
78
84
84
84
84
84
84
78
00
00
00
00
00
00
ENDCHAR
STARTCHAR u00F5
ENCODING 245
SWIDTH 438 0
DWIDTH 7 0
BBX 7 24 0 -6
BITMAP
00
00
00
00
00
00
00
34
48
00
78
84
84
84
84
84
84
78
00
00
00
00
00
00
ENDCHAR
STARTCHAR u00F6
ENCODING 246
SWIDTH 438 0
DWIDTH 7 0
BBX 7 24 0 -6
BITMAP
00
00
00
00
00
00
00
48
00
00
78
84
84
84
84
84
84
78
00
00
00
00
00
00
ENDCHAR
STARTCHAR u00F7
ENCODING 247
SWIDTH 375 0
DWIDTH 6 0
BBX 6 24 0 -6
BITMAP
00
00
00
00
00
00
00
00
00
00
00
20
00
F8
00
20
00
00
00
00
00
00
00
00
ENDCHAR
STARTCHAR u00F8
ENCODING 248
SWIDTH 438 0
DWIDTH 7 0
BBX 7 24 0 -6
BITMAP
00
00
00
00
00
00
00
00
00
04
78
8C
94
94
A4
A4
C4
78
80
00
00
00
00
00
ENDCHAR
STARTCHAR u00F9
ENCODING 249
SWIDTH 438 0
DWIDTH 7 0
BBX 7 24 0 -6
BITMAP
00
00
00
00
00
00
00
20
10
00
84
84
84
84
84
84
8C
74
00
00
00
00
00
00
ENDCHAR
STARTCHAR u00FA
ENCODING 250
SWIDTH 438 0
DWIDTH 7 0
BBX 7 24 0 -6
BITMAP
00
00
00
00
00
00
00
10
20
00
84
84
84
84
84
84
8C
74
00
00
00
00
00
00
ENDCHAR
STARTCHAR u00FB
ENCODING 251
SWIDTH 438 0
DWIDTH 7 0
BBX 7 24 0 -6
BITMAP
00
00
00
00
00
00
00
10
28
00
84
84
84
84
84
84
8C
74
00
00
00
00
00
00
ENDCHAR
STARTCHAR u00FC
ENCODING 252
SWIDTH 438 0
DWIDTH 7 0
BBX 7 24 0 -6
BITMAP
00
00
00
00
00
00
00
48
00
00
84
84
84
84
84
84
8C
74
00
00
00
00
00
00
ENDCHAR
STARTCHAR u00FD
ENCODING 253
SWIDTH 500 0
DWIDTH 8 0
BBX 8 24 0 -6
BITMAP
00
00
00
00
00
00
00
08
10
00
82
82
44
44
44
28
28
10
10
20
C0
00
00
00
ENDCHAR
STARTCHAR u00FE
ENCODING 254
SWIDTH 438 0
DWIDTH 7 0
BBX 7 24 0 -6
BITMAP
00
00
00
00
00
00
00
80
80
80
F8
84
84
84
84
84
84
F8
80
80
80
00
00
00
ENDCHAR
STARTCHAR u00FF
ENCODING 255
SWIDTH 500 0
DWIDTH 8 0
BBX 8 24 0 -6
BITMAP
00
00
00
00
00
00
00
44
00
00
82
82
44
44
44
28
28
10
10
20
C0
00
00
00
ENDCHAR
STARTCHAR u0100
ENCODING 256
SWIDTH 500 0
DWIDTH 8 0
BBX 8 24 0 -6
BITMAP
00
00
00
00
00
7C
00
10
10
28
28
28
44
44
7C
82
82
82
00
00
00
00
00
00
ENDCHAR
STARTCHAR u0101
ENCODING 257
SWIDTH 438 0
DWIDTH 7 0
BBX 7 24 0 -6
BITMAP
00
00
00
00
00
00
00
78
00
00
78
04
04
7C
84
84
84
7C
00
00
00
00
00
00
ENDCHAR
STARTCHAR u0102
ENCODING 258
SWIDTH 500 0
DWIDTH 8 0
BBX 8 24 0 -6
BITMAP
00
00
00
00
44
38
00
10
10
28
28
28
44
44
7C
82
82
82
00
00
00
00
00
00
ENDCHAR
STARTCHAR u0103
ENCODING 259
SWIDTH 438 0
DWIDTH 7 0
BBX 7 24 0 -6
BITMAP
00
00
00
00
00
00
00
48
30
00
78
04
04
7C
84
84
84
7C
00
00
00
00
00
00
ENDCHAR
STARTCHAR u0104
ENCODING 260
SWIDTH 500 0
DWIDTH 8 0
BBX 8 24 0 -6
BITMAP
00
00
00
00
00
00
00
10
10
28
28
28
44
44
7C
82
82
82
04
02
00
00
00
00
ENDCHAR
STARTCHAR u0105
ENCODING 261
SWIDTH 438 0
DWIDTH 7 0
BBX 7 24 0 -6
BITMAP
00
00
00
00
00
00
00
00
00
00
78
04
04
7C
84
84
84
7C
04
08
04
00
00
00
ENDCHAR
STARTCHAR u0106
ENCODING 262
SWIDTH 500 0
DWIDTH 8 0
BBX 8 24 0 -6
BITMAP
00
00
00
00
08
10
00
3C
42
80
80
80
80
80
80
80
42
3C
00
00
00
00
00
00
ENDCHAR
STARTCHAR u0107
ENCODING 263
SWIDTH 438 0
DWIDTH 7 0
BBX 7 24 0 -6
BITMAP
00
00
00
00
00
00
00
10
20
00
78
84
80
80
80
80
84
78
00
00
00
00
00
00
ENDCHAR
STARTCHAR u0108
ENCODING 264
SWIDTH 500 0
DWIDTH 8 0
BBX 8 24 0 -6
BITMAP
00
00
00
00
10
28
00
3C
42
80
80
80
80
80
80
80
42
3C
00
00
00
00
00
00
ENDCHAR
STARTCHAR u0109
ENCODING 265
SWIDTH 438 0
DWIDTH 7 0
BBX 7 24 0 -6
BITMAP
00
00
00
00
00
00
00
10
28
00
78
84
80
80
80
80
84
78
00
00
00
00
00
00
ENDCHAR
STARTCHAR u010A
ENCODING 266
SWIDTH 500 0
DWIDTH 8 0
BBX 8 24 0 -6
BITMAP
00
00
00
00
00
10
00
3C
42
80
80
80
80
80
80
80
42
3C
00
00
00
00
00
00
ENDCHAR
STARTCHAR u010B
ENCODING 267
SWIDTH 438 0
DWIDTH 7 0
BBX 7 24 0 -6
BITMAP
00
00
00
00
00
00
00
10
00
00
78
84
80
80
80
80
84
78
00
00
00
00
00
00
ENDCHAR
STARTCHAR u010C
ENCODING 268
SWIDTH 500 0
DWIDTH 8 0
BBX 8 24 0 -6
BITMAP
00
00
00
00
28
10
00
3C
42
80
80
80
80
80
80
80
42
3C
00
00
00
00
00
00
ENDCHAR
STARTCHAR u010D
ENCODING 269
SWIDTH 438 0
DWIDTH 7 0
BBX 7 24 0 -6
BITMAP
00
00
00
00
00
00
00
28
10
00
78
84
80
80
80
80
84
78
00
00
00
00
00
00
ENDCHAR
STARTCHAR u010E
ENCODING 270
SWIDTH 500 0
DWIDTH 8 0
BBX 8 24 0 -6
BITMAP
00
00
00
00
28
10
00
F8
84
82
82
82
82
82
82
82
84
F8
00
00
00
00
00
00
ENDCHAR
STARTCHAR u010F
ENCODING 271
SWIDTH 563 0
DWIDTH 9 0
BBX 9 24 0 -6
BITMAP
0000
0000
0000
0000
0000
0000
0000
0500
0500
0400
7C00
8400
8400
8400
8400
8400
8400
7C00
0000
0000
0000
0000
0000
0000
ENDCHAR
STARTCHAR u0110
ENCODING 272
SWIDTH 563 0
DWIDTH 9 0
BBX 9 24 0 -6
BITMAP
0000
0000
0000
0000
0000
0000
0000
7C00
4200
4100
4100
4100
F100
4100
4100
4100
4200
7C00
0000
0000
0000
0000
0000
0000
ENDCHAR
STARTCHAR u0111
ENCODING 273
SWIDTH 500 0
DWIDTH 8 0
BBX 8 24 0 -6
BITMAP
00
00
00
00
00
00
00
04
1E
04
7C
84
84
84
84
84
84
7C
00
00
00
00
00
00
ENDCHAR
STARTCHAR u0112
ENCODING 274
SWIDTH 500 0
DWIDTH 8 0
BBX 8 24 0 -6
BITMAP
00
00
00
00
00
7C
00
FE
80
80
80
80
FC
80
80
80
80
FE
00
00
00
00
00
00
ENDCHAR
STARTCHAR u0113
ENCODING 275
SWIDTH 438 0
DWIDTH 7 0
BBX 7 24 0 -6
BITMAP
00
00
00
00
00
00
00
78
00
00
78
84
84
FC
80
80
84
78
00
00
00
00
00
00
ENDCHAR
STARTCHAR u0114
ENCODING 276
SWIDTH 500 0
DWIDTH 8 0
BBX 8 24 0 -6
BITMAP
00
00
00
00
44
38
00
FE
80
80
80
80
FC
80
80
80
80
FE
00
00
00
00
00
00
ENDCHAR
STARTCHAR u0115
ENCODING 277
SWIDTH 438 0
DWIDTH 7 0
BBX 7 24 0 -6
BITMAP
00
00
00
00
00
00
00
48
30
00
78
84
84
FC
80
80
84
78
00
00
00
00
00
00
ENDCHAR
STARTCHAR u0116
ENCODING 278
SWIDTH 500 0
DWIDTH 8 0
BBX 8 24 0 -6
BITMAP
00
00
00
00
00
10
00
FE
80
80
80
80
FC
80
80
80
80
FE
00
00
00
00
00
00
ENDCHAR
STARTCHAR u0117
ENCODING 279
SWIDTH 438 0
DWIDTH 7 0
BBX 7 24 0 -6
BITMAP
00
00
00
00
00
00
00
10
00
00
78
84
84
FC
80
80
84
78
00
00
00
00
00
00
ENDCHAR
STARTCHAR u0118
ENCODING 280
SWIDTH 500 0
DWIDTH 8 0
BBX 8 24 0 -6
BITMAP
00
00
00
00
00
00
00
FE
80
80
80
80
FC
80
80
80
80
FE
04
08
06
00
00
00
ENDCHAR
STARTCHAR u0119
ENCODING 281
SWIDTH 438 0
DWIDTH 7 0
BBX 7 24 0 -6
BITMAP
00
00
00
00
00
00
00
00
00
00
78
84
84
FC
80
80
84
78
08
10
0C
00
00
00
ENDCHAR
STARTCHAR u011A
ENCODING 282
SWIDTH 500 0
DWIDTH 8 0
BBX 8 24 0 -6
BITMAP
00
00
00
00
28
10
00
FE
80
80
80
80
FC
80
80
80
80
FE
00
00
00
00
00
00
ENDCHAR
STARTCHAR u011B
ENCODING 283
SWIDTH 438 0
DWIDTH 7 0
BBX 7 24 0 -6
BITMAP
00
00
00
00
00
00
00
28
10
00
78
84
84
FC
80
80
84
78
00
00
00
00
00
00
ENDCHAR
STARTCHAR u011C
ENCODING 284
SWIDTH 500 0
DWIDTH 8 0
BBX 8 24 0 -6
BITMAP
00
00
00
00
10
28
00
3C
42
80
80
80
80
8E
82
82
42
3E
00
00
00
00
00
00
ENDCHAR
STARTCHAR u011D
ENCODING 285
SWIDTH 438 0
DWIDTH 7 0
BBX 7 24 0 -6
BITMAP
00
00
00
00
00
00
00
10
28
00
7C
84
84
84
84
84
84
7C
04
04
78
00
00
00
ENDCHAR
STARTCHAR u011E
ENCODING 286
SWIDTH 500 0
DWIDTH 8 0
BBX 8 24 0 -6
BITMAP
00
00
00
00
44
38
00
3C
42
80
80
80
80
8E
82
82
42
3E
00
00
00
00
00
00
ENDCHAR
STARTCHAR u011F
ENCODING 287
SWIDTH 438 0
DWIDTH 7 0
BBX 7 24 0 -6
BITMAP
00
00
00
00
00
00
00
48
30
00
7C
84
84
84
84
84
84
7C
04
04
78
00
00
00
ENDCHAR
STARTCHAR u0120
ENCODING 288
SWIDTH 500 0
DWIDTH 8 0
BBX 8 24 0 -6
BITMAP
00
00
00
00
00
10
00
3C
42
80
80
80
80
8E
82
82
42
3E
00
00
00
00
00
00
ENDCHAR
STARTCHAR u0121
ENCODING 289
SWIDTH 438 0
DWIDTH 7 0
BBX 7 24 0 -6
BITMAP
00
00
00
00
00
00
00
10
00
00
7C
84
84
84
84
84
84
7C
04
04
78
00
00
00
ENDCHAR
STARTCHAR u0122
ENCODING 290
SWIDTH 500 0
DWIDTH 8 0
BBX 8 24 0 -6
BITMAP
00
00
00
00
00
00
00
3C
42
80
80
80
80
8E
82
82
42
3E
00
10
20
00
00
00
ENDCHAR
STARTCHAR u0123
ENCODING 291
SWIDTH 438 0
DWIDTH 7 0
BBX 7 24 0 -6
BITMAP
00
00
00
00
00
00
00
10
20
00
7C
84
84
84
84
84
84
7C
04
04
78
00
00
00
ENDCHAR
STARTCHAR u0124
ENCODING 292
SWIDTH 500 0
DWIDTH 8 0
BBX 8 24 0 -6
BITMAP
00
00
00
00
10
28
00
82
82
82
82
82
FE
82
82
82
82
82
00
00
00
00
00
00
ENDCHAR
STARTCHAR u0125
ENCODING 293
SWIDTH 438 0
DWIDTH 7 0
BBX 7 24 0 -6
BITMAP
00
00
00
00
10
28
00
80
80
80
B8
C4
84
84
84
84
84
84
00
00
00
00
00
00
ENDCHAR
STARTCHAR u0126
ENCODING 294
SWIDTH 625 0
DWIDTH 10 0
BBX 10 24 0 -6
BITMAP
0000
0000
0000
0000
0000
0000
0000
4100
4100
FF80
4100
4100
7F00
4100
4100
4100
4100
4100
0000
0000
0000
0000
0000
0000
ENDCHAR
STARTCHAR u0127
ENCODING 295
SWIDTH 500 0
DWIDTH 8 0
BBX 8 24 0 -6
BITMAP
00
00
00
00
00
00
00
40
F0
40
5C
62
42
42
42
42
42
42
00
00
00
00
00
00
ENDCHAR
STARTCHAR u0128
ENCODING 296
SWIDTH 250 0
DWIDTH 4 0
BBX 4 24 0 -6
BITMAP
00
00
00
00
50
A0
00
E0
40
40
40
40
40
40
40
40
40
E0
00
00
00
00
00
00
ENDCHAR
STARTCHAR u0129
ENCODING 297
SWIDTH 250 0
DWIDTH 4 0
BBX 4 24 0 -6
BITMAP
00
00
00
00
00
00
00
50
A0
00
C0
40
40
40
40
40
40
E0
00
00
00
00
00
00
ENDCHAR
STARTCHAR u012A
ENCODING 298
SWIDTH 250 0
DWIDTH 4 0
BBX 4 24 0 -6
BITMAP
00
00
00
00
00
E0
00
E0
40
40
40
40
40
40
40
40
40
E0
00
00
00
00
00
00
ENDCHAR
STARTCHAR u012B
ENCODING 299
SWIDTH 250 0
DWIDTH 4 0
BBX 4 24 0 -6
BITMAP
00
00
00
00
00
00
00
E0
00
00
C0
40
40
40
40
40
40
E0
00
00
00
00
00
00
ENDCHAR
STARTCHAR u012C
ENCODING 300
SWIDTH 250 0
DWIDTH 4 0
BBX 4 24 0 -6
BITMAP
00
00
00
00
90
60
00
E0
40
40
40
40
40
40
40
40
40
E0
00
00
00
00
00
00
ENDCHAR
STARTCHAR u012D
ENCODING 301
SWIDTH 250 0
DWIDTH 4 0
BBX 4 24 0 -6
BITMAP
00
00
00
00
00
00
00
90
60
00
C0
40
40
40
40
40
40
E0
00
00
00
00
00
00
ENDCHAR
STARTCHAR u012E
ENCODING 302
SWIDTH 250 0
DWIDTH 4 0
BBX 4 24 0 -6
BITMAP
00
00
00
00
00
00
00
E0
40
40
40
40
40
40
40
40
40
E0
40
80
60
00
00
00
ENDCHAR
STARTCHAR u012F
ENCODING 303
SWIDTH 250 0
DWIDTH 4 0
BBX 4 24 0 -6
BITMAP
00
00
00
00
00
00
00
40
00
00
C0
40
40
40
40
40
40
E0
40
80
60
00
00
00
ENDCHAR
STARTCHAR u0130
ENCODING 304
SWIDTH 250 0
DWIDTH 4 0
BBX 4 24 0 -6
BITMAP
00
00
00
00
00
40
00
E0
40
40
40
40
40
40
40
40
40
E0
00
00
00
00
00
00
ENDCHAR
STARTCHAR u0131
ENCODING 305
SWIDTH 250 0
DWIDTH 4 0
BBX 4 24 0 -6
BITMAP
00
00
00
00
00
00
00
00
00
00
C0
40
40
40
40
40
40
E0
00
00
00
00
00
00
ENDCHAR
STARTCHAR u0132
ENCODING 306
SWIDTH 688 0
DWIDTH 11 0
BBX 11 24 0 -6
BITMAP
0000
0000
0000
0000
0000
0000
0000
E040
4040
4040
4040
4040
4040
4040
4840
4840
4840
E780
0000
0000
0000
0000
0000
0000
ENDCHAR
STARTCHAR u0133
ENCODING 307
SWIDTH 438 0
DWIDTH 7 0
BBX 7 24 0 -6
BITMAP
00
00
00
00
00
00
00
44
00
00
DC
44
44
44
44
44
44
E4
04
04
18
00
00
00
ENDCHAR
STARTCHAR u0134
ENCODING 308
SWIDTH 438 0
DWIDTH 7 0
BBX 7 24 0 -6
BITMAP
00
00
00
00
10
28
00
04
04
04
04
04
04
04
84
84
84
78
00
00
00
00
00
00
ENDCHAR
STARTCHAR u0135
ENCODING 309
SWIDTH 250 0
DWIDTH 4 0
BBX 4 24 0 -6
BITMAP
00
00
00
00
00
00
00
40
A0
00
E0
20
20
20
20
20
20
20
20
20
C0
00
00
00
ENDCHAR
STARTCHAR u0136
ENCODING 310
SWIDTH 500 0
DWIDTH 8 0
BBX 8 24 0 -6
BITMAP
00
00
00
00
00
00
00
82
84
88
90
A0
C0
A0
90
88
84
82
00
10
20
00
00
00
ENDCHAR
STARTCHAR u0137
ENCODING 311
SWIDTH 438 0
DWIDTH 7 0
BBX 7 24 0 -6
BITMAP
00
00
00
00
00
00
00
80
80
80
84
88
B0
C0
A0
90
88
84
00
10
20
00
00
00
ENDCHAR
STARTCHAR u0138
ENCODING 312
SWIDTH 438 0
DWIDTH 7 0
BBX 7 24 0 -6
BITMAP
00
00
00
00
00
00
00
00
00
00
84
88
B0
C0
A0
90
88
84
00
00
00
00
00
00
ENDCHAR
STARTCHAR u0139
ENCODING 313
SWIDTH 438 0
DWIDTH 7 0
BBX 7 24 0 -6
BITMAP
00
00
00
00
40
80
00
80
80
80
80
80
80
80
80
80
80
FC
00
00
00
00
00
00
ENDCHAR
STARTCHAR u013A
ENCODING 314
SWIDTH 250 0
DWIDTH 4 0
BBX 4 24 0 -6
BITMAP
00
00
00
00
20
40
00
C0
40
40
40
40
40
40
40
40
40
60
00
00
00
00
00
00
ENDCHAR
STARTCHAR u013B
ENCODING 315
SWIDTH 438 0
DWIDTH 7 0
BBX 7 24 0 -6
BITMAP
00
00
00
00
00
00
00
80
80
80
80
80
80
80
80
80
80
FC
00
10
20
00
00
00
ENDCHAR
STARTCHAR u013C
ENCODING 316
SWIDTH 250 0
DWIDTH 4 0
BBX 4 24 0 -6
BITMAP
00
00
00
00
00
00
00
C0
40
40
40
40
40
40
40
40
40
60
00
40
80
00
00
00
ENDCHAR
STARTCHAR u013D
ENCODING 317
SWIDTH 438 0
DWIDTH 7 0
BBX 7 24 0 -6
BITMAP
00
00
00
00
00
00
00
A0
A0
80
80
80
80
80
80
80
80
FC
00
00
00
00
00
00
ENDCHAR
STARTCHAR u013E
ENCODING 318
SWIDTH 313 0
DWIDTH 5 0
BBX 5 24 0 -6
BITMAP
00
00
00
00
00
00
00
D0
50
40
40
40
40
40
40
40
40
60
00
00
00
00
00
00
ENDCHAR
STARTCHAR u013F
ENCODING 319
SWIDTH 438 0
DWIDTH 7 0
BBX 7 24 0 -6
BITMAP
00
00
00
00
00
00
00
80
80
80
80
80
A0
80
80
80
80
FC
00
00
00
00
00
00
ENDCHAR
STARTCHAR u0140
ENCODING 320
SWIDTH 313 0
DWIDTH 5 0
BBX 5 24 0 -6
BITMAP
00
00
00
00
00
00
00
C0
40
40
40
40
50
40
40
40
40
60
00
00
00
00
00
00
ENDCHAR
STARTCHAR u0141
ENCODING 321
SWIDTH 500 0
DWIDTH 8 0
BBX 8 24 0 -6
BITMAP
00
00
00
00
00
00
00
40
40
40
50
60
40
C0
40
40
40
7E
00
00
00
00
00
00
ENDCHAR
STARTCHAR u0142
ENCODING 322
SWIDTH 250 0
DWIDTH 4 0
BBX 4 24 0 -6
BITMAP
00
00
00
00
00
00
00
C0
40
40
40
60
40
C0
40
40
40
60
00
00
00
00
00
00
ENDCHAR
STARTCHAR u0143
ENCODING 323
SWIDTH 500 0
DWIDTH 8 0
BBX 8 24 0 -6
BITMAP
00
00
00
00
08
10
00
82
C2
C2
A2
A2
92
8A
8A
86
86
82
00
00
00
00
00
00
ENDCHAR
STARTCHAR u0144
ENCODING 324
SWIDTH 438 0
DWIDTH 7 0
BBX 7 24 0 -6
BITMAP
00
00
00
00
00
00
00
10
20
00
B8
C4
84
84
84
84
84
84
00
00
00
00
00
00
ENDCHAR
STARTCHAR u0145
ENCODING 325
SWIDTH 500 0
DWIDTH 8 0
BBX 8 24 0 -6
BITMAP
00
00
00
00
00
00
00
82
C2
C2
A2
A2
92
8A
8A
86
86
82
00
10
20
00
00
00
ENDCHAR
STARTCHAR u0146
ENCODING 326
SWIDTH 438 0
DWIDTH 7 0
BBX 7 24 0 -6
BITMAP
00
00
00
00
00
00
00
00
00
00
B8
C4
84
84
84
84
84
84
00
10
20
00
00
00
ENDCHAR
STARTCHAR u0147
ENCODING 327
SWIDTH 500 0
DWIDTH 8 0
BBX 8 24 0 -6
BITMAP
00
00
00
00
28
10
00
82
C2
C2
A2
A2
92
8A
8A
86
86
82
00
00
00
00
00
00
ENDCHAR
STARTCHAR u0148
ENCODING 328
SWIDTH 438 0
DWIDTH 7 0
BBX 7 24 0 -6
BITMAP
00
00
00
00
00
00
00
28
10
00
B8
C4
84
84
84
84
84
84
00
00
00
00
00
00
ENDCHAR
STARTCHAR u0149
ENCODING 329
SWIDTH 438 0
DWIDTH 7 0
BBX 7 24 0 -6
BITMAP
00
00
00
00
00
00
00
40
80
00
B8
C4
84
84
84
84
84
84
00
00
00
00
00
00
ENDCHAR
STARTCHAR u014A
ENCODING 330
SWIDTH 500 0
DWIDTH 8 0
BBX 8 24 0 -6
BITMAP
00
00
00
00
00
00
00
82
C2
C2
A2
A2
92
8A
8A
86
86
82
02
0C
00
00
00
00
ENDCHAR
STARTCHAR u014B
ENCODING 331
SWIDTH 438 0
DWIDTH 7 0
BBX 7 24 0 -6
BITMAP
00
00
00
00
00
00
00
00
00
00
B8
C4
84
84
84
84
84
84
04
18
00
00
00
00
ENDCHAR
STARTCHAR u014C
ENCODING 332
SWIDTH 500 0
DWIDTH 8 0
BBX 8 24 0 -6
BITMAP
00
00
00
00
00
7C
00
38
44
82
82
82
82
82
82
82
44
38
00
00
00
00
00
00
ENDCHAR
STARTCHAR u014D
ENCODING 333
SWIDTH 438 0
DWIDTH 7 0
BBX 7 24 0 -6
BITMAP
00
00
00
00
00
00
00
78
00
00
78
84
84
84
84
84
84
78
00
00
00
00
00
00
ENDCHAR
STARTCHAR u014E
ENCODING 334
SWIDTH 500 0
DWIDTH 8 0
BBX 8 24 0 -6
BITMAP
00
00
00
00
44
38
00
38
44
82
82
82
82
82
82
82
44
38
00
00
00
00
00
00
ENDCHAR
STARTCHAR u014F
ENCODING 335
SWIDTH 438 0
DWIDTH 7 0
BBX 7 24 0 -6
BITMAP
00
00
00
00
00
00
00
48
30
00
78
84
84
84
84
84
84
78
00
00
00
00
00
00
ENDCHAR
STARTCHAR u0150
ENCODING 336
SWIDTH 500 0
DWIDTH 8 0
BBX 8 24 0 -6
BITMAP
00
00
00
00
14
28
00
38
44
82
82
82
82
82
82
82
44
38
00
00
00
00
00
00
ENDCHAR
STARTCHAR u0151
ENCODING 337
SWIDTH 438 0
DWIDTH 7 0
BBX 7 24 0 -6
BITMAP
00
00
00
00
00
00
00
28
50
00
78
84
84
84
84
84
84
78
00
00
00
00
00
00
ENDCHAR
STARTCHAR u0152
ENCODING 338
SWIDTH 688 0
DWIDTH 11 0
BBX 11 24 0 -6
BITMAP
0000
0000
0000
0000
0000
0000
0000
37C0
4C00
8400
8400
8400
8780
8400
8400
8400
4C00
37C0
0000
0000
0000
0000
0000
0000
ENDCHAR
STARTCHAR u0153
ENCODING 339
SWIDTH 750 0
DWIDTH 12 0
BBX 12 24 0 -6
BITMAP
0000
0000
0000
0000
0000
0000
0000
0000
0000
0000
7BC0
8420
8420
87E0
8400
8400
8420
7BC0
0000
0000
0000
0000
0000
0000
ENDCHAR
STARTCHAR u0154
ENCODING 340
SWIDTH 500 0
DWIDTH 8 0
BBX 8 24 0 -6
BITMAP
00
00
00
00
08
10
00
FC
82
82
82
82
FC
88
88
84
84
82
00
00
00
00
00
00
ENDCHAR
STARTCHAR u0155
ENCODING 341
SWIDTH 375 0
DWIDTH 6 0
BBX 6 24 0 -6
BITMAP
00
00
00
00
00
00
00
10
20
00
B8
C0
80
80
80
80
80
80
00
00
00
00
00
00
ENDCHAR
STARTCHAR u0156
ENCODING 342
SWIDTH 500 0
DWIDTH 8 0
BBX 8 24 0 -6
BITMAP
00
00
00
00
00
00
00
FC
82
82
82
82
FC
88
88
84
84
82
00
10
20
00
00
00
ENDCHAR
STARTCHAR u0157
ENCODING 343
SWIDTH 375 0
DWIDTH 6 0
BBX 6 24 0 -6
BITMAP
00
00
00
00
00
00
00
00
00
00
B8
C0
80
80
80
80
80
80
00
10
20
00
00
00
ENDCHAR
STARTCHAR u0158
ENCODING 344
SWIDTH 500 0
DWIDTH 8 0
BBX 8 24 0 -6
BITMAP
00
00
00
00
28
10
00
FC
82
82
82
82
FC
88
88
84
84
82
00
00
00
00
00
00
ENDCHAR
STARTCHAR u0159
ENCODING 345
SWIDTH 375 0
DWIDTH 6 0
BBX 6 24 0 -6
BITMAP
00
00
00
00
00
00
00
50
20
00
B8
C0
80
80
80
80
80
80
00
00
00
00
00
00
ENDCHAR
STARTCHAR u015A
ENCODING 346
SWIDTH 500 0
DWIDTH 8 0
BBX 8 24 0 -6
BITMAP
00
00
00
00
08
10
00
7C
82
80
80
40
38
04
02
02
82
7C
00
00
00
00
00
00
ENDCHAR
STARTCHAR u015B
ENCODING 347
SWIDTH 438 0
DWIDTH 7 0
BBX 7 24 0 -6
BITMAP
00
00
00
00
00
00
00
10
20
00
78
84
80
60
18
04
84
78
00
00
00
00
00
00
ENDCHAR
STARTCHAR u015C
ENCODING 348
SWIDTH 500 0
DWIDTH 8 0
BBX 8 24 0 -6
BITMAP
00
00
00
00
10
28
00
7C
82
80
80
40
38
04
02
02
82
7C
00
00
00
00
00
00
ENDCHAR
STARTCHAR u015D
ENCODING 349
SWIDTH 438 0
DWIDTH 7 0
BBX 7 24 0 -6
BITMAP
00
00
00
00
00
00
00
10
28
00
78
84
80
60
18
04
84
78
00
00
00
00
00
00
ENDCHAR
STARTCHAR u015E
ENCODING 350
SWIDTH 500 0
DWIDTH 8 0
BBX 8 24 0 -6
BITMAP
00
00
00
00
00
00
00
7C
82
80
80
40
38
04
02
02
82
7C
10
08
30
00
00
00
ENDCHAR
STARTCHAR u015F
ENCODING 351
SWIDTH 438 0
DWIDTH 7 0
BBX 7 24 0 -6
BITMAP
00
00
00
00
00
00
00
00
00
00
78
84
80
60
18
04
84
78
10
08
30
00
00
00
ENDCHAR
STARTCHAR u0160
ENCODING 352
SWIDTH 500 0
DWIDTH 8 0
BBX 8 24 0 -6
BITMAP
00
00
00
00
28
10
00
7C
82
80
80
40
38
04
02
02
82
7C
00
00
00
00
00
00
ENDCHAR
STARTCHAR u0161
ENCODING 353
SWIDTH 438 0
DWIDTH 7 0
BBX 7 24 0 -6
BITMAP
00
00
00
00
00
00
00
28
10
00
78
84
80
60
18
04
84
78
00
00
00
00
00
00
ENDCHAR
STARTCHAR u0162
ENCODING 354
SWIDTH 500 0
DWIDTH 8 0
BBX 8 24 0 -6
BITMAP
00
00
00
00
00
00
00
FE
10
10
10
10
10
10
10
10
10
10
08
30
00
00
00
00
ENDCHAR
STARTCHAR u0163
ENCODING 355
SWIDTH 438 0
DWIDTH 7 0
BBX 7 24 0 -6
BITMAP
00
00
00
00
00
00
00
20
20
20
FC
20
20
20
20
20
20
1C
10
08
30
00
00
00
ENDCHAR
STARTCHAR u0164
ENCODING 356
SWIDTH 500 0
DWIDTH 8 0
BBX 8 24 0 -6
BITMAP
00
00
00
00
28
10
00
FE
10
10
10
10
10
10
10
10
10
10
00
00
00
00
00
00
ENDCHAR
STARTCHAR u0165
ENCODING 357
SWIDTH 438 0
DWIDTH 7 0
BBX 7 24 0 -6
BITMAP
00
00
00
00
00
00
08
28
20
20
FC
20
20
20
20
20
20
1C
00
00
00
00
00
00
ENDCHAR
STARTCHAR u0166
ENCODING 358
SWIDTH 500 0
DWIDTH 8 0
BBX 8 24 0 -6
BITMAP
00
00
00
00
00
00
00
FE
10
10
10
7C
10
10
10
10
10
10
00
00
00
00
00
00
ENDCHAR
STARTCHAR u0167
ENCODING 359
SWIDTH 438 0
DWIDTH 7 0
BBX 7 24 0 -6
BITMAP
00
00
00
00
00
00
00
20
20
20
FC
20
20
FC
20
20
20
1C
00
00
00
00
00
00
ENDCHAR
STARTCHAR u0168
ENCODING 360
SWIDTH 500 0
DWIDTH 8 0
BBX 8 24 0 -6
BITMAP
00
00
00
00
34
48
00
82
82
82
82
82
82
82
82
82
44
38
00
00
00
00
00
00
ENDCHAR
STARTCHAR u0169
ENCODING 361
SWIDTH 438 0
DWIDTH 7 0
BBX 7 24 0 -6
BITMAP
00
00
00
00
00
00
00
34
48
00
84
84
84
84
84
84
8C
74
00
00
00
00
00
00
ENDCHAR
STARTCHAR u016A
ENCODING 362
SWIDTH 500 0
DWIDTH 8 0
BBX 8 24 0 -6
BITMAP
00
00
00
00
00
7C
00
82
82
82
82
82
82
82
82
82
44
38
00
00
00
00
00
00
ENDCHAR
STARTCHAR u016B
ENCODING 363
SWIDTH 438 0
DWIDTH 7 0
BBX 7 24 0 -6
BITMAP
00
00
00
00
00
00
00
78
00
00
84
84
84
84
84
84
8C
74
00
00
00
00
00
00
ENDCHAR
STARTCHAR u016C
ENCODING 364
SWIDTH 500 0
DWIDTH 8 0
BBX 8 24 0 -6
BITMAP
00
00
00
00
44
38
00
82
82
82
82
82
82
82
82
82
44
38
00
00
00
00
00
00
ENDCHAR
STARTCHAR u016D
ENCODING 365
SWIDTH 438 0
DWIDTH 7 0
BBX 7 24 0 -6
BITMAP
00
00
00
00
00
00
00
48
30
00
84
84
84
84
84
84
8C
74
00
00
00
00
00
00
ENDCHAR
STARTCHAR u016E
ENCODING 366
SWIDTH 500 0
DWIDTH 8 0
BBX 8 24 0 -6
BITMAP
00
00
00
10
28
10
00
82
82
82
82
82
82
82
82
82
44
38
00
00
00
00
00
00
ENDCHAR
STARTCHAR u016F
ENCODING 367
SWIDTH 438 0
DWIDTH 7 0
BBX 7 24 0 -6
BITMAP
00
00
00
00
00
00
10
28
10
00
84
84
84
84
84
84
8C
74
00
00
00
00
00
00
ENDCHAR
STARTCHAR u0170
ENCODING 368
SWIDTH 500 0
DWIDTH 8 0
BBX 8 24 0 -6
BITMAP
00
00
00
00
14
28
00
82
82
82
82
82
82
82
82
82
44
38
00
00
00
00
00
00
ENDCHAR
STARTCHAR u0171
ENCODING 369
SWIDTH 438 0
DWIDTH 7 0
BBX 7 24 0 -6
BITMAP
00
00
00
00
00
00
00
28
50
00
84
84
84
84
84
84
8C
74
00
00
00
00
00
00
ENDCHAR
STARTCHAR u0172
ENCODING 370
SWIDTH 500 0
DWIDTH 8 0
BBX 8 24 0 -6
BITMAP
00
00
00
00
00
00
00
82
82
82
82
82
82
82
82
82
44
38
10
20
18
00
00
00
ENDCHAR
STARTCHAR u0173
ENCODING 371
SWIDTH 438 0
DWIDTH 7 0
BBX 7 24 0 -6
BITMAP
00
00
00
00
00
00
00
00
00
00
84
84
84
84
84
84
8C
74
08
10
0C
00
00
00
ENDCHAR
STARTCHAR u0174
ENCODING 372
SWIDTH 750 0
DWIDTH 12 0
BBX 12 24 0 -6
BITMAP
0000
0000
0000
0000
0400
0A00
0000
8420
8420
8A20
8A20
4A40
5140
5140
5140
2080
2080
2080
0000
0000
0000
0000
0000
0000
ENDCHAR
STARTCHAR u0175
ENCODING 373
SWIDTH 625 0
DWIDTH 10 0
BBX 10 24 0 -6
BITMAP
0000
0000
0000
0000
0000
0000
0000
0800
1400
0000
8880
8880
8880
5500
5500
5500
2200
2200
0000
0000
0000
0000
0000
0000
ENDCHAR
STARTCHAR u0176
ENCODING 374
SWIDTH 500 0
DWIDTH 8 0
BBX 8 24 0 -6
BITMAP
00
00
00
00
10
28
00
82
82
44
44
28
28
10
10
10
10
10
00
00
00
00
00
00
ENDCHAR
STARTCHAR u0177
ENCODING 375
SWIDTH 500 0
DWIDTH 8 0
BBX 8 24 0 -6
BITMAP
00
00
00
00
00
00
00
10
28
00
82
82
44
44
44
28
28
10
10
20
C0
00
00
00
ENDCHAR
STARTCHAR u0178
ENCODING 376
SWIDTH 500 0
DWIDTH 8 0
BBX 8 24 0 -6
BITMAP
00
00
00
00
00
44
00
82
82
44
44
28
28
10
10
10
10
10
00
00
00
00
00
00
ENDCHAR
STARTCHAR u0179
ENCODING 377
SWIDTH 500 0
DWIDTH 8 0
BBX 8 24 0 -6
BITMAP
00
00
00
00
08
10
00
FE
02
04
08
08
10
20
20
40
80
FE
00
00
00
00
00
00
ENDCHAR
STARTCHAR u017A
ENCODING 378
SWIDTH 438 0
DWIDTH 7 0
BBX 7 24 0 -6
BITMAP
00
00
00
00
00
00
00
10
20
00
FC
04
08
10
20
40
80
FC
00
00
00
00
00
00
ENDCHAR
STARTCHAR u017B
ENCODING 379
SWIDTH 500 0
DWIDTH 8 0
BBX 8 24 0 -6
BITMAP
00
00
00
00
00
10
00
FE
02
04
08
08
10
20
20
40
80
FE
00
00
00
00
00
00
ENDCHAR
STARTCHAR u017C
ENCODING 380
SWIDTH 438 0
DWIDTH 7 0
BBX 7 24 0 -6
BITMAP
00
00
00
00
00
00
00
10
00
00
FC
04
08
10
20
40
80
FC
00
00
00
00
00
00
ENDCHAR
STARTCHAR u017D
ENCODING 381
SWIDTH 500 0
DWIDTH 8 0
BBX 8 24 0 -6
BITMAP
00
00
00
00
28
10
00
FE
02
04
08
08
10
20
20
40
80
FE
00
00
00
00
00
00
ENDCHAR
STARTCHAR u017E
ENCODING 382
SWIDTH 438 0
DWIDTH 7 0
BBX 7 24 0 -6
BITMAP
00
00
00
00
00
00
00
28
10
00
FC
04
08
10
20
40
80
FC
00
00
00
00
00
00
ENDCHAR
STARTCHAR u017F
ENCODING 383
SWIDTH 438 0
DWIDTH 7 0
BBX 7 24 0 -6
BITMAP
00
00
00
00
00
00
00
1C
20
20
E0
20
20
20
20
20
20
20
00
00
00
00
00
00
ENDCHAR
STARTCHAR u0180
ENCODING 384
SWIDTH 500 0
DWIDTH 8 0
BBX 8 24 0 -6
BITMAP
00
00
00
00
00
00
00
40
F0
40
7C
42
42
42
42
42
42
7C
00
00
00
00
00
00
ENDCHAR
STARTCHAR u0182
ENCODING 386
SWIDTH 500 0
DWIDTH 8 0
BBX 8 24 0 -6
BITMAP
00
00
00
00
00
00
00
F8
80
80
80
80
F8
84
82
82
84
F8
00
00
00
00
00
00
ENDCHAR
STARTCHAR u0183
ENCODING 387
SWIDTH 438 0
DWIDTH 7 0
BBX 7 24 0 -6
BITMAP
00
00
00
00
00
00
00
F8
80
80
F8
84
84
84
84
84
84
F8
00
00
00
00
00
00
ENDCHAR
STARTCHAR u0186
ENCODING 390
SWIDTH 500 0
DWIDTH 8 0
BBX 8 24 0 -6
BITMAP
00
00
00
00
00
00
00
78
84
02
02
02
02
02
02
02
84
78
00
00
00
00
00
00
ENDCHAR
STARTCHAR u0189
ENCODING 393
SWIDTH 563 0
DWIDTH 9 0
BBX 9 24 0 -6
BITMAP
0000
0000
0000
0000
0000
0000
0000
7C00
4200
4100
4100
4100
F100
4100
4100
4100
4200
7C00
0000
0000
0000
0000
0000
0000
ENDCHAR
STARTCHAR u018B
ENCODING 395
SWIDTH 500 0
DWIDTH 8 0
BBX 8 24 0 -6
BITMAP
00
00
00
00
00
00
00
3E
02
02
02
02
3E
42
82
82
42
3E
00
00
00
00
00
00
ENDCHAR
STARTCHAR u018C
ENCODING 396
SWIDTH 438 0
DWIDTH 7 0
BBX 7 24 0 -6
BITMAP
00
00
00
00
00
00
00
7C
04
04
7C
84
84
84
84
84
84
7C
00
00
00
00
00
00
ENDCHAR
STARTCHAR u018E
ENCODING 398
SWIDTH 500 0
DWIDTH 8 0
BBX 8 24 0 -6
BITMAP
00
00
00
00
00
00
00
FE
02
02
02
02
7E
02
02
02
02
FE
00
00
00
00
00
00
ENDCHAR
STARTCHAR u018F
ENCODING 399
SWIDTH 500 0
DWIDTH 8 0
BBX 8 24 0 -6
BITMAP
00
00
00
00
00
00
00
38
44
02
02
02
FE
82
82
82
44
38
00
00
00
00
00
00
ENDCHAR
STARTCHAR u0191
ENCODING 401
SWIDTH 625 0
DWIDTH 10 0
BBX 10 24 0 -6
BITMAP
0000
0000
0000
0000
0000
0000
0000
3F80
2000
2000
2000
2000
3F00
2000
2000
2000
2000
2000
2000
C000
0000
0000
0000
0000
ENDCHAR
STARTCHAR u0192
ENCODING 402
SWIDTH 500 0
DWIDTH 8 0
BBX 8 24 0 -6
BITMAP
00
00
00
00
00
00
00
0E
10
10
FE
10
10
10
10
10
10
10
10
10
E0
00
00
00
ENDCHAR
STARTCHAR u019A
ENCODING 410
SWIDTH 250 0
DWIDTH 4 0
BBX 4 24 0 -6
BITMAP
00
00
00
00
00
00
00
C0
40
40
40
40
E0
40
40
40
40
60
00
00
00
00
00
00
ENDCHAR
STARTCHAR u019E
ENCODING 414
SWIDTH 438 0
DWIDTH 7 0
BBX 7 24 0 -6
BITMAP
00
00
00
00
00
00
00
00
00
00
B8
C4
84
84
84
84
84
84
04
04
00
00
00
00
ENDCHAR
STARTCHAR u019F
ENCODING 415
SWIDTH 500 0
DWIDTH 8 0
BBX 8 24 0 -6
BITMAP
00
00
00
00
00
00
00
38
44
82
82
82
FE
82
82
82
44
38
00
00
00
00
00
00
ENDCHAR
STARTCHAR u01A0
ENCODING 416
SWIDTH 500 0
DWIDTH 8 0
BBX 8 24 0 -6
BITMAP
00
00
00
00
00
00
02
3A
44
82
82
82
82
82
82
82
44
38
00
00
00
00
00
00
ENDCHAR
STARTCHAR u01A1
ENCODING 417
SWIDTH 563 0
DWIDTH 9 0
BBX 9 24 0 -6
BITMAP
0000
0000
0000
0000
0000
0000
0000
0000
0000
0100
7900
8600
8400
8400
8400
8400
8400
7800
0000
0000
0000
0000
0000
0000
ENDCHAR
STARTCHAR u01A7
ENCODING 423
SWIDTH 500 0
DWIDTH 8 0
BBX 8 24 0 -6
BITMAP
00
00
00
00
00
00
00
7C
82
02
02
04
38
40
80
80
82
7C
00
00
00
00
00
00
ENDCHAR
STARTCHAR u01A8
ENCODING 424
SWIDTH 438 0
DWIDTH 7 0
BBX 7 24 0 -6
BITMAP
00
00
00
00
00
00
00
00
00
00
78
84
04
18
60
80
84
78
00
00
00
00
00
00
ENDCHAR
STARTCHAR u01A9
ENCODING 425
SWIDTH 500 0
DWIDTH 8 0
BBX 8 24 0 -6
BITMAP
00
00
00
00
00
00
00
FE
40
20
10
08
04
08
10
20
40
FE
00
00
00
00
00
00
ENDCHAR
STARTCHAR u01AF
ENCODING 431
SWIDTH 625 0
DWIDTH 10 0
BBX 10 24 0 -6
BITMAP
0000
0000
0000
0000
0000
0080
0080
8300
8200
8200
8200
8200
8200
8200
8200
8200
4400
3800
0000
0000
0000
0000
0000
0000
ENDCHAR
STARTCHAR u01B0
ENCODING 432
SWIDTH 563 0
DWIDTH 9 0
BBX 9 24 0 -6
BITMAP
0000
0000
0000
0000
0000
0000
0000
0000
0100
0100
8600
8400
8400
8400
8400
8400
8C00
7400
0000
0000
0000
0000
0000
0000
ENDCHAR
STARTCHAR u01B1
ENCODING 433
SWIDTH 563 0
DWIDTH 9 0
BBX 9 24 0 -6
BITMAP
0000
0000
0000
0000
0000
0000
0000
E700
2400
4200
8100
8100
8100
8100
8100
8100
4200
3C00
0000
0000
0000
0000
0000
0000
ENDCHAR
STARTCHAR u01C4
ENCODING 452
SWIDTH 1000 0
DWIDTH 16 0
BBX 16 24 0 -6
BITMAP
0000
0000
0000
0000
0028
0010
0000
F8FE
8402
8204
8208
8208
8210
8220
8220
8240
8480
F8FE
0000
0000
0000
0000
0000
0000
ENDCHAR
STARTCHAR u01C5
ENCODING 453
SWIDTH 938 0
DWIDTH 15 0
BBX 15 24 0 -6
BITMAP
0000
0000
0000
0000
0000
0000
0000
F828
8410
8200
82FC
8204
8208
8210
8220
8240
8480
F8FC
0000
0000
0000
0000
0000
0000
ENDCHAR
STARTCHAR u01C6
ENCODING 454
SWIDTH 875 0
DWIDTH 14 0
BBX 14 24 0 -6
BITMAP
0000
0000
0000
0000
0000
0000
0000
0450
0420
0400
7DF8
8408
8410
8420
8440
8480
8500
7DF8
0000
0000
0000
0000
0000
0000
ENDCHAR
STARTCHAR u01C7
ENCODING 455
SWIDTH 875 0
DWIDTH 14 0
BBX 14 24 0 -6
BITMAP
0000
0000
0000
0000
0000
0000
0000
8008
8008
8008
8008
8008
8008
8008
8108
8108
8108
FCF0
0000
0000
0000
0000
0000
0000
ENDCHAR
STARTCHAR u01C8
ENCODING 456
SWIDTH 625 0
DWIDTH 10 0
BBX 10 24 0 -6
BITMAP
0000
0000
0000
0000
0000
0000
0000
8080
8000
8000
8380
8080
8080
8080
8080
8080
8080
FC80
0080
0080
0300
0000
0000
0000
ENDCHAR
STARTCHAR u01C9
ENCODING 457
SWIDTH 438 0
DWIDTH 7 0
BBX 7 24 0 -6
BITMAP
00
00
00
00
00
00
00
C4
40
40
5C
44
44
44
44
44
44
64
04
04
18
00
00
00
ENDCHAR
STARTCHAR u01CA
ENCODING 458
SWIDTH 938 0
DWIDTH 15 0
BBX 15 24 0 -6
BITMAP
0000
0000
0000
0000
0000
0000
0000
8204
C204
C204
A204
A204
9204
8A04
8A84
8684
8684
8278
0000
0000
0000
0000
0000
0000
ENDCHAR
STARTCHAR u01CB
ENCODING 459
SWIDTH 750 0
DWIDTH 12 0
BBX 12 24 0 -6
BITMAP
0000
0000
0000
0000
0000
0000
0000
8220
C200
C200
A2E0
A220
9220
8A20
8A20
8620
8620
8220
0020
0020
00C0
0000
0000
0000
ENDCHAR
STARTCHAR u01CC
ENCODING 460
SWIDTH 688 0
DWIDTH 11 0
BBX 11 24 0 -6
BITMAP
0000
0000
0000
0000
0000
0000
0000
0040
0000
0000
B9C0
C440
8440
8440
8440
8440
8440
8440
0040
0040
0180
0000
0000
0000
ENDCHAR
STARTCHAR u01CD
ENCODING 461
SWIDTH 500 0
DWIDTH 8 0
BBX 8 24 0 -6
BITMAP
00
00
00
00
28
10
00
10
10
28
28
28
44
44
7C
82
82
82
00
00
00
00
00
00
ENDCHAR
STARTCHAR u01CE
ENCODING 462
SWIDTH 438 0
DWIDTH 7 0
BBX 7 24 0 -6
BITMAP
00
00
00
00
00
00
00
28
10
00
78
04
04
7C
84
84
84
7C
00
00
00
00
00
00
ENDCHAR
STARTCHAR u01CF
ENCODING 463
SWIDTH 250 0
DWIDTH 4 0
BBX 4 24 0 -6
BITMAP
00
00
00
00
A0
40
00
E0
40
40
40
40
40
40
40
40
40
E0
00
00
00
00
00
00
ENDCHAR
STARTCHAR u01D0
ENCODING 464
SWIDTH 250 0
DWIDTH 4 0
BBX 4 24 0 -6
BITMAP
00
00
00
00
00
00
00
A0
40
00
C0
40
40
40
40
40
40
E0
00
00
00
00
00
00
ENDCHAR
STARTCHAR u01D1
ENCODING 465
SWIDTH 500 0
DWIDTH 8 0
BBX 8 24 0 -6
BITMAP
00
00
00
00
28
10
00
38
44
82
82
82
82
82
82
82
44
38
00
00
00
00
00
00
ENDCHAR
STARTCHAR u01D2
ENCODING 466
SWIDTH 438 0
DWIDTH 7 0
BBX 7 24 0 -6
BITMAP
00
00
00
00
00
00
00
28
10
00
78
84
84
84
84
84
84
78
00
00
00
00
00
00
ENDCHAR
STARTCHAR u01D3
ENCODING 467
SWIDTH 500 0
DWIDTH 8 0
BBX 8 24 0 -6
BITMAP
00
00
00
00
28
10
00
82
82
82
82
82
82
82
82
82
44
38
00
00
00
00
00
00
ENDCHAR
STARTCHAR u01D4
ENCODING 468
SWIDTH 438 0
DWIDTH 7 0
BBX 7 24 0 -6
BITMAP
00
00
00
00
00
00
00
28
10
00
84
84
84
84
84
84
8C
74
00
00
00
00
00
00
ENDCHAR
STARTCHAR u01D5
ENCODING 469
SWIDTH 500 0
DWIDTH 8 0
BBX 8 24 0 -6
BITMAP
00
00
00
7C
00
44
00
82
82
82
82
82
82
82
82
82
44
38
00
00
00
00
00
00
ENDCHAR
STARTCHAR u01D6
ENCODING 470
SWIDTH 438 0
DWIDTH 7 0
BBX 7 24 0 -6
BITMAP
00
00
00
00
00
00
78
00
48
00
84
84
84
84
84
84
8C
74
00
00
00
00
00
00
ENDCHAR
STARTCHAR u01D7
ENCODING 471
SWIDTH 500 0
DWIDTH 8 0
BBX 8 24 0 -6
BITMAP
00
00
08
10
00
44
00
82
82
82
82
82
82
82
82
82
44
38
00
00
00
00
00
00
ENDCHAR
STARTCHAR u01D8
ENCODING 472
SWIDTH 438 0
DWIDTH 7 0
BBX 7 24 0 -6
BITMAP
00
00
00
00
00
10
20
00
48
00
84
84
84
84
84
84
8C
74
00
00
00
00
00
00
ENDCHAR
STARTCHAR u01D9
ENCODING 473
SWIDTH 500 0
DWIDTH 8 0
BBX 8 24 0 -6
BITMAP
00
00
28
10
00
44
00
82
82
82
82
82
82
82
82
82
44
38
00
00
00
00
00
00
ENDCHAR
STARTCHAR u01DA
ENCODING 474
SWIDTH 438 0
DWIDTH 7 0
BBX 7 24 0 -6
BITMAP
00
00
00
00
00
28
10
00
48
00
84
84
84
84
84
84
8C
74
00
00
00
00
00
00
ENDCHAR
STARTCHAR u01DB
ENCODING 475
SWIDTH 500 0
DWIDTH 8 0
BBX 8 24 0 -6
BITMAP
00
00
20
10
00
44
00
82
82
82
82
82
82
82
82
82
44
38
00
00
00
00
00
00
ENDCHAR
STARTCHAR u01DC
ENCODING 476
SWIDTH 438 0
DWIDTH 7 0
BBX 7 24 0 -6
BITMAP
00
00
00
00
00
20
10
00
48
00
84
84
84
84
84
84
8C
74
00
00
00
00
00
00
ENDCHAR
STARTCHAR u01DD
ENCODING 477
SWIDTH 438 0
DWIDTH 7 0
BBX 7 24 0 -6
BITMAP
00
00
00
00
00
00
00
00
00
00
78
84
04
04
FC
84
84
78
00
00
00
00
00
00
ENDCHAR
STARTCHAR u01DE
ENCODING 478
SWIDTH 500 0
DWIDTH 8 0
BBX 8 24 0 -6
BITMAP
00
00
00
7C
00
44
00
10
10
28
28
28
44
44
7C
82
82
82
00
00
00
00
00
00
ENDCHAR
STARTCHAR u01DF
ENCODING 479
SWIDTH 438 0
DWIDTH 7 0
BBX 7 24 0 -6
BITMAP
00
00
00
00
00
00
78
00
48
00
78
04
04
7C
84
84
84
7C
00
00
00
00
00
00
ENDCHAR
STARTCHAR u01E0
ENCODING 480
SWIDTH 500 0
DWIDTH 8 0
BBX 8 24 0 -6
BITMAP
00
00
00
7C
00
10
00
10
10
28
28
28
44
44
7C
82
82
82
00
00
00
00
00
00
ENDCHAR
STARTCHAR u01E1
ENCODING 481
SWIDTH 438 0
DWIDTH 7 0
BBX 7 24 0 -6
BITMAP
00
00
00
00
00
00
78
00
10
00
78
04
04
7C
84
84
84
7C
00
00
00
00
00
00
ENDCHAR
STARTCHAR u01E2
ENCODING 482
SWIDTH 625 0
DWIDTH 10 0
BBX 10 24 0 -6
BITMAP
0000
0000
0000
0000
0000
3E00
0000
1F80
1800
2800
2800
2800
4F00
4800
7800
8800
8800
8F80
0000
0000
0000
0000
0000
0000
ENDCHAR
STARTCHAR u01E3
ENCODING 483
SWIDTH 750 0
DWIDTH 12 0
BBX 12 24 0 -6
BITMAP
0000
0000
0000
0000
0000
0000
0000
1F00
0000
0000
7BC0
0420
0420
7FE0
8400
8400
8420
7BC0
0000
0000
0000
0000
0000
0000
ENDCHAR
STARTCHAR u01E6
ENCODING 486
SWIDTH 500 0
DWIDTH 8 0
BBX 8 24 0 -6
BITMAP
00
00
00
00
28
10
00
3C
42
80
80
80
80
8E
82
82
42
3E
00
00
00
00
00
00
ENDCHAR
STARTCHAR u01E7
ENCODING 487
SWIDTH 438 0
DWIDTH 7 0
BBX 7 24 0 -6
BITMAP
00
00
00
00
00
00
00
28
10
00
7C
84
84
84
84
84
84
7C
04
04
78
00
00
00
ENDCHAR
STARTCHAR u01E8
ENCODING 488
SWIDTH 500 0
DWIDTH 8 0
BBX 8 24 0 -6
BITMAP
00
00
00
00
28
10
00
82
84
88
90
A0
C0
A0
90
88
84
82
00
00
00
00
00
00
ENDCHAR
STARTCHAR u01E9
ENCODING 489
SWIDTH 438 0
DWIDTH 7 0
BBX 7 24 0 -6
BITMAP
00
00
00
00
28
10
00
80
80
80
84
88
B0
C0
A0
90
88
84
00
00
00
00
00
00
ENDCHAR
STARTCHAR u01EA
ENCODING 490
SWIDTH 500 0
DWIDTH 8 0
BBX 8 24 0 -6
BITMAP
00
00
00
00
00
00
00
38
44
82
82
82
82
82
82
82
44
38
10
20
18
00
00
00
ENDCHAR
STARTCHAR u01EB
ENCODING 491
SWIDTH 438 0
DWIDTH 7 0
BBX 7 24 0 -6
BITMAP
00
00
00
00
00
00
00
00
00
00
78
84
84
84
84
84
84
78
10
20
18
00
00
00
ENDCHAR
STARTCHAR u01EC
ENCODING 492
SWIDTH 500 0
DWIDTH 8 0
BBX 8 24 0 -6
BITMAP
00
00
00
00
00
7C
00
38
44
82
82
82
82
82
82
82
44
38
10
20
18
00
00
00
ENDCHAR
STARTCHAR u01ED
ENCODING 493
SWIDTH 438 0
DWIDTH 7 0
BBX 7 24 0 -6
BITMAP
00
00
00
00
00
00
00
78
00
00
78
84
84
84
84
84
84
78
10
20
18
00
00
00
ENDCHAR
STARTCHAR u01F0
ENCODING 496
SWIDTH 250 0
DWIDTH 4 0
BBX 4 24 0 -6
BITMAP
00
00
00
00
00
00
00
A0
40
00
E0
20
20
20
20
20
20
20
20
20
C0
00
00
00
ENDCHAR
STARTCHAR u01F1
ENCODING 497
SWIDTH 1000 0
DWIDTH 16 0
BBX 16 24 0 -6
BITMAP
0000
0000
0000
0000
0000
0000
0000
F8FE
8402
8204
8208
8208
8210
8220
8220
8240
8480
F8FE
0000
0000
0000
0000
0000
0000
ENDCHAR
STARTCHAR u01F2
ENCODING 498
SWIDTH 938 0
DWIDTH 15 0
BBX 15 24 0 -6
BITMAP
0000
0000
0000
0000
0000
0000
0000
F800
8400
8200
82FC
8204
8208
8210
8220
8240
8480
F8FC
0000
0000
0000
0000
0000
0000
ENDCHAR
STARTCHAR u01F3
ENCODING 499
SWIDTH 875 0
DWIDTH 14 0
BBX 14 24 0 -6
BITMAP
0000
0000
0000
0000
0000
0000
0000
0400
0400
0400
7DF8
8408
8410
8420
8440
8480
8500
7DF8
0000
0000
0000
0000
0000
0000
ENDCHAR
STARTCHAR u01F4
ENCODING 500
SWIDTH 500 0
DWIDTH 8 0
BBX 8 24 0 -6
BITMAP
00
00
00
00
08
10
00
3C
42
80
80
80
80
8E
82
82
42
3E
00
00
00
00
00
00
ENDCHAR
STARTCHAR u01F5
ENCODING 501
SWIDTH 438 0
DWIDTH 7 0
BBX 7 24 0 -6
BITMAP
00
00
00
00
00
00
00
10
20
00
7C
84
84
84
84
84
84
7C
04
04
78
00
00
00
ENDCHAR
STARTCHAR u01F8
ENCODING 504
SWIDTH 500 0
DWIDTH 8 0
BBX 8 24 0 -6
BITMAP
00
00
00
00
20
10
00
82
C2
C2
A2
A2
92
8A
8A
86
86
82
00
00
00
00
00
00
ENDCHAR
STARTCHAR u01F9
ENCODING 505
SWIDTH 438 0
DWIDTH 7 0
BBX 7 24 0 -6
BITMAP
00
00
00
00
00
00
00
20
10
00
B8
C4
84
84
84
84
84
84
00
00
00
00
00
00
ENDCHAR
STARTCHAR u01FA
ENCODING 506
SWIDTH 500 0
DWIDTH 8 0
BBX 8 24 0 -6
BITMAP
00
00
08
10
28
10
00
10
10
28
28
28
44
44
7C
82
82
82
00
00
00
00
00
00
ENDCHAR
STARTCHAR u01FB
ENCODING 507
SWIDTH 438 0
DWIDTH 7 0
BBX 7 24 0 -6
BITMAP
00
00
00
00
00
08
10
28
10
00
78
04
04
7C
84
84
84
7C
00
00
00
00
00
00
ENDCHAR
STARTCHAR u01FC
ENCODING 508
SWIDTH 625 0
DWIDTH 10 0
BBX 10 24 0 -6
BITMAP
0000
0000
0000
0000
0400
0800
0000
1F80
1800
2800
2800
2800
4F00
4800
7800
8800
8800
8F80
0000
0000
0000
0000
0000
0000
ENDCHAR
STARTCHAR u01FD
ENCODING 509
SWIDTH 750 0
DWIDTH 12 0
BBX 12 24 0 -6
BITMAP
0000
0000
0000
0000
0000
0000
0000
0200
0400
0000
7BC0
0420
0420
7FE0
8400
8400
8420
7BC0
0000
0000
0000
0000
0000
0000
ENDCHAR
STARTCHAR u01FE
ENCODING 510
SWIDTH 500 0
DWIDTH 8 0
BBX 8 24 0 -6
BITMAP
00
00
00
00
08
10
02
3A
44
8A
8A
92
92
92
A2
A2
44
B8
80
00
00
00
00
00
ENDCHAR
STARTCHAR u01FF
ENCODING 511
SWIDTH 438 0
DWIDTH 7 0
BBX 7 24 0 -6
BITMAP
00
00
00
00
00
00
00
10
20
04
78
8C
94
94
A4
A4
C4
78
80
00
00
00
00
00
ENDCHAR
STARTCHAR u0200
ENCODING 512
SWIDTH 500 0
DWIDTH 8 0
BBX 8 24 0 -6
BITMAP
00
00
00
00
50
28
00
10
10
28
28
28
44
44
7C
82
82
82
00
00
00
00
00
00
ENDCHAR
STARTCHAR u0201
ENCODING 513
SWIDTH 438 0
DWIDTH 7 0
BBX 7 24 0 -6
BITMAP
00
00
00
00
00
00
00
50
28
00
78
04
04
7C
84
84
84
7C
00
00
00
00
00
00
ENDCHAR
STARTCHAR u0202
ENCODING 514
SWIDTH 500 0
DWIDTH 8 0
BBX 8 24 0 -6
BITMAP
00
00
00
00
38
44
00
10
10
28
28
28
44
44
7C
82
82
82
00
00
00
00
00
00
ENDCHAR
STARTCHAR u0203
ENCODING 515
SWIDTH 438 0
DWIDTH 7 0
BBX 7 24 0 -6
BITMAP
00
00
00
00
00
00
00
30
48
00
78
04
04
7C
84
84
84
7C
00
00
00
00
00
00
ENDCHAR
STARTCHAR u0204
ENCODING 516
SWIDTH 500 0
DWIDTH 8 0
BBX 8 24 0 -6
BITMAP
00
00
00
00
50
28
00
FE
80
80
80
80
FC
80
80
80
80
FE
00
00
00
00
00
00
ENDCHAR
STARTCHAR u0205
ENCODING 517
SWIDTH 438 0
DWIDTH 7 0
BBX 7 24 0 -6
BITMAP
00
00
00
00
00
00
00
50
28
00
78
84
84
FC
80
80
84
78
00
00
00
00
00
00
ENDCHAR
STARTCHAR u0206
ENCODING 518
SWIDTH 500 0
DWIDTH 8 0
BBX 8 24 0 -6
BITMAP
00
00
00
00
38
44
00
FE
80
80
80
80
FC
80
80
80
80
FE
00
00
00
00
00
00
ENDCHAR
STARTCHAR u0207
ENCODING 519
SWIDTH 438 0
DWIDTH 7 0
BBX 7 24 0 -6
BITMAP
00
00
00
00
00
00
00
30
48
00
78
84
84
FC
80
80
84
78
00
00
00
00
00
00
ENDCHAR
STARTCHAR u0208
ENCODING 520
SWIDTH 250 0
DWIDTH 4 0
BBX 4 24 0 -6
BITMAP
00
00
00
00
A0
50
00
E0
40
40
40
40
40
40
40
40
40
E0
00
00
00
00
00
00
ENDCHAR
STARTCHAR u0209
ENCODING 521
SWIDTH 250 0
DWIDTH 4 0
BBX 4 24 0 -6
BITMAP
00
00
00
00
00
00
00
A0
50
00
C0
40
40
40
40
40
40
E0
00
00
00
00
00
00
ENDCHAR
STARTCHAR u020A
ENCODING 522
SWIDTH 250 0
DWIDTH 4 0
BBX 4 24 0 -6
BITMAP
00
00
00
00
60
90
00
E0
40
40
40
40
40
40
40
40
40
E0
00
00
00
00
00
00
ENDCHAR
STARTCHAR u020B
ENCODING 523
SWIDTH 250 0
DWIDTH 4 0
BBX 4 24 0 -6
BITMAP
00
00
00
00
00
00
00
60
90
00
C0
40
40
40
40
40
40
E0
00
00
00
00
00
00
ENDCHAR
STARTCHAR u020C
ENCODING 524
SWIDTH 500 0
DWIDTH 8 0
BBX 8 24 0 -6
BITMAP
00
00
00
00
50
28
00
38
44
82
82
82
82
82
82
82
44
38
00
00
00
00
00
00
ENDCHAR
STARTCHAR u020D
ENCODING 525
SWIDTH 438 0
DWIDTH 7 0
BBX 7 24 0 -6
BITMAP
00
00
00
00
00
00
00
50
28
00
78
84
84
84
84
84
84
78
00
00
00
00
00
00
ENDCHAR
STARTCHAR u020E
ENCODING 526
SWIDTH 500 0
DWIDTH 8 0
BBX 8 24 0 -6
BITMAP
00
00
00
00
38
44
00
38
44
82
82
82
82
82
82
82
44
38
00
00
00
00
00
00
ENDCHAR
STARTCHAR u020F
ENCODING 527
SWIDTH 438 0
DWIDTH 7 0
BBX 7 24 0 -6
BITMAP
00
00
00
00
00
00
00
30
48
00
78
84
84
84
84
84
84
78
00
00
00
00
00
00
ENDCHAR
STARTCHAR u0210
ENCODING 528
SWIDTH 500 0
DWIDTH 8 0
BBX 8 24 0 -6
BITMAP
00
00
00
00
50
28
00
FC
82
82
82
82
FC
88
88
84
84
82
00
00
00
00
00
00
ENDCHAR
STARTCHAR u0211
ENCODING 529
SWIDTH 375 0
DWIDTH 6 0
BBX 6 24 0 -6
BITMAP
00
00
00
00
00
00
00
A0
50
00
B8
C0
80
80
80
80
80
80
00
00
00
00
00
00
ENDCHAR
STARTCHAR u0212
ENCODING 530
SWIDTH 500 0
DWIDTH 8 0
BBX 8 24 0 -6
BITMAP
00
00
00
00
38
44
00
FC
82
82
82
82
FC
88
88
84
84
82
00
00
00
00
00
00
ENDCHAR
STARTCHAR u0213
ENCODING 531
SWIDTH 375 0
DWIDTH 6 0
BBX 6 24 0 -6
BITMAP
00
00
00
00
00
00
00
30
48
00
B8
C0
80
80
80
80
80
80
00
00
00
00
00
00
ENDCHAR
STARTCHAR u0214
ENCODING 532
SWIDTH 500 0
DWIDTH 8 0
BBX 8 24 0 -6
BITMAP
00
00
00
00
50
28
00
82
82
82
82
82
82
82
82
82
44
38
00
00
00
00
00
00
ENDCHAR
STARTCHAR u0215
ENCODING 533
SWIDTH 438 0
DWIDTH 7 0
BBX 7 24 0 -6
BITMAP
00
00
00
00
00
00
00
50
28
00
84
84
84
84
84
84
8C
74
00
00
00
00
00
00
ENDCHAR
STARTCHAR u0216
ENCODING 534
SWIDTH 500 0
DWIDTH 8 0
BBX 8 24 0 -6
BITMAP
00
00
00
00
38
44
00
82
82
82
82
82
82
82
82
82
44
38
00
00
00
00
00
00
ENDCHAR
STARTCHAR u0217
ENCODING 535
SWIDTH 438 0
DWIDTH 7 0
BBX 7 24 0 -6
BITMAP
00
00
00
00
00
00
00
30
48
00
84
84
84
84
84
84
8C
74
00
00
00
00
00
00
ENDCHAR
STARTCHAR u0218
ENCODING 536
SWIDTH 500 0
DWIDTH 8 0
BBX 8 24 0 -6
BITMAP
00
00
00
00
00
00
00
7C
82
80
80
40
38
04
02
02
82
7C
00
10
20
00
00
00
ENDCHAR
STARTCHAR u0219
ENCODING 537
SWIDTH 438 0
DWIDTH 7 0
BBX 7 24 0 -6
BITMAP
00
00
00
00
00
00
00
00
00
00
78
84
80
60
18
04
84
78
00
10
20
00
00
00
ENDCHAR
STARTCHAR u021A
ENCODING 538
SWIDTH 500 0
DWIDTH 8 0
BBX 8 24 0 -6
BITMAP
00
00
00
00
00
00
00
FE
10
10
10
10
10
10
10
10
10
10
00
10
20
00
00
00
ENDCHAR
STARTCHAR u021B
ENCODING 539
SWIDTH 438 0
DWIDTH 7 0
BBX 7 24 0 -6
BITMAP
00
00
00
00
00
00
00
20
20
20
FC
20
20
20
20
20
20
1C
00
10
20
00
00
00
ENDCHAR
STARTCHAR u021E
ENCODING 542
SWIDTH 500 0
DWIDTH 8 0
BBX 8 24 0 -6
BITMAP
00
00
00
00
28
10
00
82
82
82
82
82
FE
82
82
82
82
82
00
00
00
00
00
00
ENDCHAR
STARTCHAR u021F
ENCODING 543
SWIDTH 438 0
DWIDTH 7 0
BBX 7 24 0 -6
BITMAP
00
00
00
00
28
10
00
80
80
80
B8
C4
84
84
84
84
84
84
00
00
00
00
00
00
ENDCHAR
STARTCHAR u0220
ENCODING 544
SWIDTH 500 0
DWIDTH 8 0
BBX 8 24 0 -6
BITMAP
00
00
00
00
00
00
00
B8
C4
82
82
82
82
82
82
82
82
82
02
02
00
00
00
00
ENDCHAR
STARTCHAR u0226
ENCODING 550
SWIDTH 500 0
DWIDTH 8 0
BBX 8 24 0 -6
BITMAP
00
00
00
00
00
10
00
10
10
28
28
28
44
44
7C
82
82
82
00
00
00
00
00
00
ENDCHAR
STARTCHAR u0227
ENCODING 551
SWIDTH 438 0
DWIDTH 7 0
BBX 7 24 0 -6
BITMAP
00
00
00
00
00
00
00
10
00
00
78
04
04
7C
84
84
84
7C
00
00
00
00
00
00
ENDCHAR
STARTCHAR u0228
ENCODING 552
SWIDTH 500 0
DWIDTH 8 0
BBX 8 24 0 -6
BITMAP
00
00
00
00
00
00
00
FE
80
80
80
80
FC
80
80
80
80
FE
10
08
30
00
00
00
ENDCHAR
STARTCHAR u0229
ENCODING 553
SWIDTH 438 0
DWIDTH 7 0
BBX 7 24 0 -6
BITMAP
00
00
00
00
00
00
00
00
00
00
78
84
84
FC
80
80
84
78
10
08
30
00
00
00
ENDCHAR
STARTCHAR u022A
ENCODING 554
SWIDTH 500 0
DWIDTH 8 0
BBX 8 24 0 -6
BITMAP
00
00
00
7C
00
44
00
38
44
82
82
82
82
82
82
82
44
38
00
00
00
00
00
00
ENDCHAR
STARTCHAR u022B
ENCODING 555
SWIDTH 438 0
DWIDTH 7 0
BBX 7 24 0 -6
BITMAP
00
00
00
00
00
00
78
00
48
00
78
84
84
84
84
84
84
78
00
00
00
00
00
00
ENDCHAR
STARTCHAR u022C
ENCODING 556
SWIDTH 500 0
DWIDTH 8 0
BBX 8 24 0 -6
BITMAP
00
00
7C
00
34
48
00
38
44
82
82
82
82
82
82
82
44
38
00
00
00
00
00
00
ENDCHAR
STARTCHAR u022D
ENCODING 557
SWIDTH 438 0
DWIDTH 7 0
BBX 7 24 0 -6
BITMAP
00
00
00
00
00
78
00
34
48
00
78
84
84
84
84
84
84
78
00
00
00
00
00
00
ENDCHAR
STARTCHAR u022E
ENCODING 558
SWIDTH 500 0
DWIDTH 8 0
BBX 8 24 0 -6
BITMAP
00
00
00
00
00
10
00
38
44
82
82
82
82
82
82
82
44
38
00
00
00
00
00
00
ENDCHAR
STARTCHAR u022F
ENCODING 559
SWIDTH 438 0
DWIDTH 7 0
BBX 7 24 0 -6
BITMAP
00
00
00
00
00
00
00
10
00
00
78
84
84
84
84
84
84
78
00
00
00
00
00
00
ENDCHAR
STARTCHAR u0230
ENCODING 560
SWIDTH 500 0
DWIDTH 8 0
BBX 8 24 0 -6
BITMAP
00
00
00
7C
00
10
00
38
44
82
82
82
82
82
82
82
44
38
00
00
00
00
00
00
ENDCHAR
STARTCHAR u0231
ENCODING 561
SWIDTH 438 0
DWIDTH 7 0
BBX 7 24 0 -6
BITMAP
00
00
00
00
00
00
78
00
10
00
78
84
84
84
84
84
84
78
00
00
00
00
00
00
ENDCHAR
STARTCHAR u0232
ENCODING 562
SWIDTH 500 0
DWIDTH 8 0
BBX 8 24 0 -6
BITMAP
00
00
00
00
00
7C
00
82
82
44
44
28
28
10
10
10
10
10
00
00
00
00
00
00
ENDCHAR
STARTCHAR u0233
ENCODING 563
SWIDTH 500 0
DWIDTH 8 0
BBX 8 24 0 -6
BITMAP
00
00
00
00
00
00
00
7C
00
00
82
82
44
44
44
28
28
10
10
20
C0
00
00
00
ENDCHAR
STARTCHAR u0237
ENCODING 567
SWIDTH 250 0
DWIDTH 4 0
BBX 4 24 0 -6
BITMAP
00
00
00
00
00
00
00
00
00
00
E0
20
20
20
20
20
20
20
20
20
C0
00
00
00
ENDCHAR
STARTCHAR u023D
ENCODING 573
SWIDTH 500 0
DWIDTH 8 0
BBX 8 24 0 -6
BITMAP
00
00
00
00
00
00
00
40
40
40
40
40
F0
40
40
40
40
7E
00
00
00
00
00
00
ENDCHAR
STARTCHAR u0244
ENCODING 580
SWIDTH 625 0
DWIDTH 10 0
BBX 10 24 0 -6
BITMAP
0000
0000
0000
0000
0000
0000
0000
4100
4100
4100
4100
FF80
4100
4100
4100
4100
2200
1C00
0000
0000
0000
0000
0000
0000
ENDCHAR
STARTCHAR u0245
ENCODING 581
SWIDTH 500 0
DWIDTH 8 0
BBX 8 24 0 -6
BITMAP
00
00
00
00
00
00
00
10
10
28
28
28
44
44
44
82
82
82
00
00
00
00
00
00
ENDCHAR
STARTCHAR u0248
ENCODING 584
SWIDTH 500 0
DWIDTH 8 0
BBX 8 24 0 -6
BITMAP
00
00
00
00
00
00
00
04
04
04
04
1E
04
04
84
84
84
78
00
00
00
00
00
00
ENDCHAR
STARTCHAR u0249
ENCODING 585
SWIDTH 313 0
DWIDTH 5 0
BBX 5 24 0 -6
BITMAP
00
00
00
00
00
00
00
20
00
00
E0
20
20
20
F0
20
20
20
20
20
C0
00
00
00
ENDCHAR
STARTCHAR u0376
ENCODING 886
SWIDTH 500 0
DWIDTH 8 0
BBX 8 24 0 -6
BITMAP
00
00
00
00
00
00
00
82
86
86
8A
8A
92
A2
A2
C2
C2
82
00
00
00
00
00
00
ENDCHAR
STARTCHAR u0377
ENCODING 887
SWIDTH 438 0
DWIDTH 7 0
BBX 7 24 0 -6
BITMAP
00
00
00
00
00
00
00
00
00
00
84
8C
94
94
A4
A4
C4
84
00
00
00
00
00
00
ENDCHAR
STARTCHAR u037B
ENCODING 891
SWIDTH 438 0
DWIDTH 7 0
BBX 7 24 0 -6
BITMAP
00
00
00
00
00
00
00
00
00
00
78
84
04
04
04
04
84
78
00
00
00
00
00
00
ENDCHAR
STARTCHAR u037C
ENCODING 892
SWIDTH 438 0
DWIDTH 7 0
BBX 7 24 0 -6
BITMAP
00
00
00
00
00
00
00
00
00
00
78
84
80
90
80
80
84
78
00
00
00
00
00
00
ENDCHAR
STARTCHAR u037D
ENCODING 893
SWIDTH 438 0
DWIDTH 7 0
BBX 7 24 0 -6
BITMAP
00
00
00
00
00
00
00
00
00
00
78
84
04
24
04
04
84
78
00
00
00
00
00
00
ENDCHAR
STARTCHAR u037E
ENCODING 894
SWIDTH 313 0
DWIDTH 5 0
BBX 5 24 0 -6
BITMAP
00
00
00
00
00
00
00
00
00
00
60
60
00
00
00
00
60
60
20
40
00
00
00
00
ENDCHAR
STARTCHAR u037F
ENCODING 895
SWIDTH 438 0
DWIDTH 7 0
BBX 7 24 0 -6
BITMAP
00
00
00
00
00
00
00
04
04
04
04
04
04
04
84
84
84
78
00
00
00
00
00
00
ENDCHAR
STARTCHAR u0384
ENCODING 900
SWIDTH 313 0
DWIDTH 5 0
BBX 5 24 0 -6
BITMAP
00
00
00
00
00
20
40
00
00
00
00
00
00
00
00
00
00
00
00
00
00
00
00
00
ENDCHAR
STARTCHAR u0385
ENCODING 901
SWIDTH 438 0
DWIDTH 7 0
BBX 7 24 0 -6
BITMAP
00
00
00
00
00
10
20
00
48
00
00
00
00
00
00
00
00
00
00
00
00
00
00
00
ENDCHAR
STARTCHAR u0386
ENCODING 902
SWIDTH 500 0
DWIDTH 8 0
BBX 8 24 0 -6
BITMAP
00
00
00
00
40
80
00
10
10
28
28
28
44
44
7C
82
82
82
00
00
00
00
00
00
ENDCHAR
STARTCHAR u0387
ENCODING 903
SWIDTH 313 0
DWIDTH 5 0
BBX 5 24 0 -6
BITMAP
00
00
00
00
00
00
00
00
00
00
00
00
60
60
00
00
00
00
00
00
00
00
00
00
ENDCHAR
STARTCHAR u0388
ENCODING 904
SWIDTH 500 0
DWIDTH 8 0
BBX 8 24 0 -6
BITMAP
00
00
00
00
40
80
00
FE
80
80
80
80
FC
80
80
80
80
FE
00
00
00
00
00
00
ENDCHAR
STARTCHAR u0389
ENCODING 905
SWIDTH 500 0
DWIDTH 8 0
BBX 8 24 0 -6
BITMAP
00
00
00
00
40
80
00
82
82
82
82
82
FE
82
82
82
82
82
00
00
00
00
00
00
ENDCHAR
STARTCHAR u038A
ENCODING 906
SWIDTH 250 0
DWIDTH 4 0
BBX 4 24 0 -6
BITMAP
00
00
00
00
40
80
00
E0
40
40
40
40
40
40
40
40
40
E0
00
00
00
00
00
00
ENDCHAR
STARTCHAR u038C
ENCODING 908
SWIDTH 500 0
DWIDTH 8 0
BBX 8 24 0 -6
BITMAP
00
00
00
00
40
80
00
38
44
82
82
82
82
82
82
82
44
38
00
00
00
00
00
00
ENDCHAR
STARTCHAR u038E
ENCODING 910
SWIDTH 500 0
DWIDTH 8 0
BBX 8 24 0 -6
BITMAP
00
00
00
00
40
80
00
82
82
44
44
28
28
10
10
10
10
10
00
00
00
00
00
00
ENDCHAR
STARTCHAR u038F
ENCODING 911
SWIDTH 563 0
DWIDTH 9 0
BBX 9 24 0 -6
BITMAP
0000
0000
0000
0000
4000
8000
0000
3C00
4200
8100
8100
8100
8100
8100
8100
4200
2400
E700
0000
0000
0000
0000
0000
0000
ENDCHAR
STARTCHAR u0390
ENCODING 912
SWIDTH 250 0
DWIDTH 4 0
BBX 4 24 0 -6
BITMAP
00
00
00
00
00
20
40
00
A0
00
40
C0
40
40
40
40
40
20
00
00
00
00
00
00
ENDCHAR
STARTCHAR u0391
ENCODING 913
SWIDTH 500 0
DWIDTH 8 0
BBX 8 24 0 -6
BITMAP
00
00
00
00
00
00
00
10
10
28
28
28
44
44
7C
82
82
82
00
00
00
00
00
00
ENDCHAR
STARTCHAR u0392
ENCODING 914
SWIDTH 500 0
DWIDTH 8 0
BBX 8 24 0 -6
BITMAP
00
00
00
00
00
00
00
F8
84
82
82
84
F8
84
82
82
84
F8
00
00
00
00
00
00
ENDCHAR
STARTCHAR u0393
ENCODING 915
SWIDTH 438 0
DWIDTH 7 0
BBX 7 24 0 -6
BITMAP
00
00
00
00
00
00
00
FC
80
80
80
80
80
80
80
80
80
80
00
00
00
00
00
00
ENDCHAR
STARTCHAR u0394
ENCODING 916
SWIDTH 500 0
DWIDTH 8 0
BBX 8 24 0 -6
BITMAP
00
00
00
00
00
00
00
10
10
28
28
28
44
44
44
82
82
FE
00
00
00
00
00
00
ENDCHAR
STARTCHAR u0395
ENCODING 917
SWIDTH 500 0
DWIDTH 8 0
BBX 8 24 0 -6
BITMAP
00
00
00
00
00
00
00
FE
80
80
80
80
FC
80
80
80
80
FE
00
00
00
00
00
00
ENDCHAR
STARTCHAR u0396
ENCODING 918
SWIDTH 500 0
DWIDTH 8 0
BBX 8 24 0 -6
BITMAP
00
00
00
00
00
00
00
FE
02
04
08
08
10
20
20
40
80
FE
00
00
00
00
00
00
ENDCHAR
STARTCHAR u0397
ENCODING 919
SWIDTH 500 0
DWIDTH 8 0
BBX 8 24 0 -6
BITMAP
00
00
00
00
00
00
00
82
82
82
82
82
FE
82
82
82
82
82
00
00
00
00
00
00
ENDCHAR
STARTCHAR u0398
ENCODING 920
SWIDTH 500 0
DWIDTH 8 0
BBX 8 24 0 -6
BITMAP
00
00
00
00
00
00
00
38
44
82
82
82
BA
82
82
82
44
38
00
00
00
00
00
00
ENDCHAR
STARTCHAR u0399
ENCODING 921
SWIDTH 250 0
DWIDTH 4 0
BBX 4 24 0 -6
BITMAP
00
00
00
00
00
00
00
E0
40
40
40
40
40
40
40
40
40
E0
00
00
00
00
00
00
ENDCHAR
STARTCHAR u039A
ENCODING 922
SWIDTH 500 0
DWIDTH 8 0
BBX 8 24 0 -6
BITMAP
00
00
00
00
00
00
00
82
84
88
90
A0
C0
A0
90
88
84
82
00
00
00
00
00
00
ENDCHAR
STARTCHAR u039B
ENCODING 923
SWIDTH 500 0
DWIDTH 8 0
BBX 8 24 0 -6
BITMAP
00
00
00
00
00
00
00
10
10
28
28
28
44
44
44
82
82
82
00
00
00
00
00
00
ENDCHAR
STARTCHAR u039C
ENCODING 924
SWIDTH 625 0
DWIDTH 10 0
BBX 10 24 0 -6
BITMAP
0000
0000
0000
0000
0000
0000
0000
8080
8080
C180
C180
A280
A280
9480
9480
8880
8880
8880
0000
0000
0000
0000
0000
0000
ENDCHAR
STARTCHAR u039D
ENCODING 925
SWIDTH 500 0
DWIDTH 8 0
BBX 8 24 0 -6
BITMAP
00
00
00
00
00
00
00
82
C2
C2
A2
A2
92
8A
8A
86
86
82
00
00
00
00
00
00
ENDCHAR
STARTCHAR u039E
ENCODING 926
SWIDTH 500 0
DWIDTH 8 0
BBX 8 24 0 -6
BITMAP
00
00
00
00
00
00
00
FE
00
00
00
00
7C
00
00
00
00
FE
00
00
00
00
00
00
ENDCHAR
STARTCHAR u039F
ENCODING 927
SWIDTH 500 0
DWIDTH 8 0
BBX 8 24 0 -6
BITMAP
00
00
00
00
00
00
00
38
44
82
82
82
82
82
82
82
44
38
00
00
00
00
00
00
ENDCHAR
STARTCHAR u03A0
ENCODING 928
SWIDTH 500 0
DWIDTH 8 0
BBX 8 24 0 -6
BITMAP
00
00
00
00
00
00
00
FE
82
82
82
82
82
82
82
82
82
82
00
00
00
00
00
00
ENDCHAR
STARTCHAR u03A1
ENCODING 929
SWIDTH 500 0
DWIDTH 8 0
BBX 8 24 0 -6
BITMAP
00
00
00
00
00
00
00
FC
82
82
82
82
FC
80
80
80
80
80
00
00
00
00
00
00
ENDCHAR
STARTCHAR u03A3
ENCODING 931
SWIDTH 500 0
DWIDTH 8 0
BBX 8 24 0 -6
BITMAP
00
00
00
00
00
00
00
FE
40
20
10
08
04
08
10
20
40
FE
00
00
00
00
00
00
ENDCHAR
STARTCHAR u03A4
ENCODING 932
SWIDTH 500 0
DWIDTH 8 0
BBX 8 24 0 -6
BITMAP
00
00
00
00
00
00
00
FE
10
10
10
10
10
10
10
10
10
10
00
00
00
00
00
00
ENDCHAR
STARTCHAR u03A5
ENCODING 933
SWIDTH 500 0
DWIDTH 8 0
BBX 8 24 0 -6
BITMAP
00
00
00
00
00
00
00
82
82
44
44
28
28
10
10
10
10
10
00
00
00
00
00
00
ENDCHAR
STARTCHAR u03A6
ENCODING 934
SWIDTH 750 0
DWIDTH 12 0
BBX 12 24 0 -6
BITMAP
0000
0000
0000
0000
0000
0000
0000
0400
3F80
4440
8420
8420
8420
8420
8420
4440
3F80
0400
0000
0000
0000
0000
0000
0000
ENDCHAR
STARTCHAR u03A7
ENCODING 935
SWIDTH 500 0
DWIDTH 8 0
BBX 8 24 0 -6
BITMAP
00
00
00
00
00
00
00
82
82
44
44
28
10
28
44
44
82
82
00
00
00
00
00
00
ENDCHAR
STARTCHAR u03A8
ENCODING 936
SWIDTH 750 0
DWIDTH 12 0
BBX 12 24 0 -6
BITMAP
0000
0000
0000
0000
0000
0000
0000
8420
8420
8420
8420
8420
4440
3F80
0400
0400
0400
0400
0000
0000
0000
0000
0000
0000
ENDCHAR
STARTCHAR u03A9
ENCODING 937
SWIDTH 563 0
DWIDTH 9 0
BBX 9 24 0 -6
BITMAP
0000
0000
0000
0000
0000
0000
0000
3C00
4200
8100
8100
8100
8100
8100
8100
4200
2400
E700
0000
0000
0000
0000
0000
0000
ENDCHAR
STARTCHAR u03AA
ENCODING 938
SWIDTH 250 0
DWIDTH 4 0
BBX 4 24 0 -6
BITMAP
00
00
00
00
00
A0
00
E0
40
40
40
40
40
40
40
40
40
E0
00
00
00
00
00
00
ENDCHAR
STARTCHAR u03AB
ENCODING 939
SWIDTH 500 0
DWIDTH 8 0
BBX 8 24 0 -6
BITMAP
00
00
00
00
00
44
00
82
82
44
44
28
28
10
10
10
10
10
00
00
00
00
00
00
ENDCHAR
STARTCHAR u03AC
ENCODING 940
SWIDTH 438 0
DWIDTH 7 0
BBX 7 24 0 -6
BITMAP
00
00
00
00
00
00
00
10
20
00
74
8C
84
84
84
84
8C
74
00
00
00
00
00
00
ENDCHAR
STARTCHAR u03AD
ENCODING 941
SWIDTH 438 0
DWIDTH 7 0
BBX 7 24 0 -6
BITMAP
00
00
00
00
00
00
00
10
20
00
78
84
80
70
80
80
84
78
00
00
00
00
00
00
ENDCHAR
STARTCHAR u03AE
ENCODING 942
SWIDTH 438 0
DWIDTH 7 0
BBX 7 24 0 -6
BITMAP
00
00
00
00
00
00
00
10
20
00
B8
C4
84
84
84
84
84
84
04
04
04
00
00
00
ENDCHAR
STARTCHAR u03AF
ENCODING 943
SWIDTH 250 0
DWIDTH 4 0
BBX 4 24 0 -6
BITMAP
00
00
00
00
00
00
00
20
40
00
40
C0
40
40
40
40
40
20
00
00
00
00
00
00
ENDCHAR
STARTCHAR u03B0
ENCODING 944
SWIDTH 438 0
DWIDTH 7 0
BBX 7 24 0 -6
BITMAP
00
00
00
00
00
10
20
00
48
00
84
84
84
84
84
84
84
78
00
00
00
00
00
00
ENDCHAR
STARTCHAR u03B1
ENCODING 945
SWIDTH 438 0
DWIDTH 7 0
BBX 7 24 0 -6
BITMAP
00
00
00
00
00
00
00
00
00
00
74
8C
84
84
84
84
8C
74
00
00
00
00
00
00
ENDCHAR
STARTCHAR u03B2
ENCODING 946
SWIDTH 438 0
DWIDTH 7 0
BBX 7 24 0 -6
BITMAP
00
00
00
00
00
00
00
70
88
88
88
B0
88
84
84
84
C4
B8
80
80
80
00
00
00
ENDCHAR
STARTCHAR u03B3
ENCODING 947
SWIDTH 500 0
DWIDTH 8 0
BBX 8 24 0 -6
BITMAP
00
00
00
00
00
00
00
00
00
00
82
42
44
24
28
28
10
10
20
20
40
00
00
00
ENDCHAR
STARTCHAR u03B4
ENCODING 948
SWIDTH 438 0
DWIDTH 7 0
BBX 7 24 0 -6
BITMAP
00
00
00
00
00
00
00
7C
80
40
20
50
88
84
84
84
84
78
00
00
00
00
00
00
ENDCHAR
STARTCHAR u03B5
ENCODING 949
SWIDTH 438 0
DWIDTH 7 0
BBX 7 24 0 -6
BITMAP
00
00
00
00
00
00
00
00
00
00
78
84
80
70
80
80
84
78
00
00
00
00
00
00
ENDCHAR
STARTCHAR u03B6
ENCODING 950
SWIDTH 438 0
DWIDTH 7 0
BBX 7 24 0 -6
BITMAP
00
00
00
00
00
00
00
FC
08
10
20
40
80
80
80
80
40
38
04
04
08
00
00
00
ENDCHAR
STARTCHAR u03B7
ENCODING 951
SWIDTH 438 0
DWIDTH 7 0
BBX 7 24 0 -6
BITMAP
00
00
00
00
00
00
00
00
00
00
B8
C4
84
84
84
84
84
84
04
04
04
00
00
00
ENDCHAR
STARTCHAR u03B8
ENCODING 952
SWIDTH 438 0
DWIDTH 7 0
BBX 7 24 0 -6
BITMAP
00
00
00
00
00
00
00
30
48
84
84
84
FC
84
84
84
48
30
00
00
00
00
00
00
ENDCHAR
STARTCHAR u03B9
ENCODING 953
SWIDTH 250 0
DWIDTH 4 0
BBX 4 24 0 -6
BITMAP
00
00
00
00
00
00
00
00
00
00
40
C0
40
40
40
40
40
20
00
00
00
00
00
00
ENDCHAR
STARTCHAR u03BA
ENCODING 954
SWIDTH 438 0
DWIDTH 7 0
BBX 7 24 0 -6
BITMAP
00
00
00
00
00
00
00
00
00
00
84
88
B0
C0
A0
90
88
84
00
00
00
00
00
00
ENDCHAR
STARTCHAR u03BB
ENCODING 955
SWIDTH 438 0
DWIDTH 7 0
BBX 7 24 0 -6
BITMAP
00
00
00
00
00
00
00
C0
20
20
10
10
28
28
48
44
84
84
00
00
00
00
00
00
ENDCHAR
STARTCHAR u03BC
ENCODING 956
SWIDTH 438 0
DWIDTH 7 0
BBX 7 24 0 -6
BITMAP
00
00
00
00
00
00
00
00
00
00
84
84
84
84
84
84
CC
B4
80
80
80
00
00
00
ENDCHAR
STARTCHAR u03BD
ENCODING 957
SWIDTH 500 0
DWIDTH 8 0
BBX 8 24 0 -6
BITMAP
00
00
00
00
00
00
00
00
00
00
82
82
44
44
28
28
10
10
00
00
00
00
00
00
ENDCHAR
STARTCHAR u03BE
ENCODING 958
SWIDTH 438 0
DWIDTH 7 0
BBX 7 24 0 -6
BITMAP
00
00
00
00
00
00
00
3C
40
80
80
40
38
40
80
80
40
38
04
04
08
00
00
00
ENDCHAR
STARTCHAR u03BF
ENCODING 959
SWIDTH 438 0
DWIDTH 7 0
BBX 7 24 0 -6
BITMAP
00
00
00
00
00
00
00
00
00
00
78
84
84
84
84
84
84
78
00
00
00
00
00
00
ENDCHAR
STARTCHAR u03C0
ENCODING 960
SWIDTH 500 0
DWIDTH 8 0
BBX 8 24 0 -6
BITMAP
00
00
00
00
00
00
00
00
00
00
FE
44
44
44
44
44
44
86
00
00
00
00
00
00
ENDCHAR
STARTCHAR u03C1
ENCODING 961
SWIDTH 438 0
DWIDTH 7 0
BBX 7 24 0 -6
BITMAP
00
00
00
00
00
00
00
00
00
00
78
84
84
84
84
84
84
F8
80
80
80
00
00
00
ENDCHAR
STARTCHAR u03C2
ENCODING 962
SWIDTH 438 0
DWIDTH 7 0
BBX 7 24 0 -6
BITMAP
00
00
00
00
00
00
00
00
00
00
78
84
80
80
80
80
40
38
04
04
18
00
00
00
ENDCHAR
STARTCHAR u03C3
ENCODING 963
SWIDTH 500 0
DWIDTH 8 0
BBX 8 24 0 -6
BITMAP
00
00
00
00
00
00
00
00
00
00
7E
88
84
84
84
84
84
78
00
00
00
00
00
00
ENDCHAR
STARTCHAR u03C4
ENCODING 964
SWIDTH 438 0
DWIDTH 7 0
BBX 7 24 0 -6
BITMAP
00
00
00
00
00
00
00
00
00
00
FC
20
20
20
20
20
20
18
00
00
00
00
00
00
ENDCHAR
STARTCHAR u03C5
ENCODING 965
SWIDTH 438 0
DWIDTH 7 0
BBX 7 24 0 -6
BITMAP
00
00
00
00
00
00
00
00
00
00
84
84
84
84
84
84
84
78
00
00
00
00
00
00
ENDCHAR
STARTCHAR u03C6
ENCODING 966
SWIDTH 625 0
DWIDTH 10 0
BBX 10 24 0 -6
BITMAP
0000
0000
0000
0000
0000
0000
0000
0000
0000
0000
4600
8900
8880
8880
8880
8880
4900
3E00
0800
0800
0800
0000
0000
0000
ENDCHAR
STARTCHAR u03C7
ENCODING 967
SWIDTH 500 0
DWIDTH 8 0
BBX 8 24 0 -6
BITMAP
00
00
00
00
00
00
00
00
00
00
82
42
44
24
28
10
28
48
44
84
82
00
00
00
ENDCHAR
STARTCHAR u03C8
ENCODING 968
SWIDTH 625 0
DWIDTH 10 0
BBX 10 24 0 -6
BITMAP
0000
0000
0000
0000
0000
0000
0000
0000
0000
0000
8880
8880
8880
8880
8880
8880
4900
3E00
0800
0800
0800
0000
0000
0000
ENDCHAR
STARTCHAR u03C9
ENCODING 969
SWIDTH 625 0
DWIDTH 10 0
BBX 10 24 0 -6
BITMAP
0000
0000
0000
0000
0000
0000
0000
0000
0000
0000
4100
8080
8880
8880
8880
8880
9480
6300
0000
0000
0000
0000
0000
0000
ENDCHAR
STARTCHAR u03CA
ENCODING 970
SWIDTH 250 0
DWIDTH 4 0
BBX 4 24 0 -6
BITMAP
00
00
00
00
00
00
00
A0
00
00
40
C0
40
40
40
40
40
20
00
00
00
00
00
00
ENDCHAR
STARTCHAR u03CB
ENCODING 971
SWIDTH 438 0
DWIDTH 7 0
BBX 7 24 0 -6
BITMAP
00
00
00
00
00
00
00
48
00
00
84
84
84
84
84
84
84
78
00
00
00
00
00
00
ENDCHAR
STARTCHAR u03CC
ENCODING 972
SWIDTH 438 0
DWIDTH 7 0
BBX 7 24 0 -6
BITMAP
00
00
00
00
00
00
00
10
20
00
78
84
84
84
84
84
84
78
00
00
00
00
00
00
ENDCHAR
STARTCHAR u03CD
ENCODING 973
SWIDTH 438 0
DWIDTH 7 0
BBX 7 24 0 -6
BITMAP
00
00
00
00
00
00
00
10
20
00
84
84
84
84
84
84
84
78
00
00
00
00
00
00
ENDCHAR
STARTCHAR u03CE
ENCODING 974
SWIDTH 625 0
DWIDTH 10 0
BBX 10 24 0 -6
BITMAP
0000
0000
0000
0000
0000
0000
0000
0400
0800
0000
4100
8080
8880
8880
8880
8880
9480
6300
0000
0000
0000
0000
0000
0000
ENDCHAR
STARTCHAR u03D2
ENCODING 978
SWIDTH 500 0
DWIDTH 8 0
BBX 8 24 0 -6
BITMAP
00
00
00
00
00
00
00
C6
28
28
28
28
10
10
10
10
10
10
00
00
00
00
00
00
ENDCHAR
STARTCHAR u03D3
ENCODING 979
SWIDTH 500 0
DWIDTH 8 0
BBX 8 24 0 -6
BITMAP
00
00
00
00
40
80
00
C6
28
28
28
28
10
10
10
10
10
10
00
00
00
00
00
00
ENDCHAR
STARTCHAR u03D4
ENCODING 980
SWIDTH 500 0
DWIDTH 8 0
BBX 8 24 0 -6
BITMAP
00
00
00
00
00
44
00
C6
28
28
28
28
10
10
10
10
10
10
00
00
00
00
00
00
ENDCHAR
STARTCHAR u03D5
ENCODING 981
SWIDTH 625 0
DWIDTH 10 0
BBX 10 24 0 -6
BITMAP
0000
0000
0000
0000
0000
0000
0000
0800
0800
0800
7F00
8880
8880
8880
8880
8880
8880
7F00
0800
0800
0800
0000
0000
0000
ENDCHAR
STARTCHAR u03D6
ENCODING 982
SWIDTH 625 0
DWIDTH 10 0
BBX 10 24 0 -6
BITMAP
0000
0000
0000
0000
0000
0000
0000
0000
0000
0000
FF80
4100
8880
8880
8880
8880
9480
6300
0000
0000
0000
0000
0000
0000
ENDCHAR
STARTCHAR u03DA
ENCODING 986
SWIDTH 500 0
DWIDTH 8 0
BBX 8 24 0 -6
BITMAP
00
00
00
00
00
00
00
3C
42
82
80
80
80
80
80
40
20
1C
02
04
18
00
00
00
ENDCHAR
STARTCHAR u03DB
ENCODING 987
SWIDTH 438 0
DWIDTH 7 0
BBX 7 24 0 -6
BITMAP
00
00
00
00
00
00
00
00
00
00
78
84
80
80
80
80
40
38
04
04
18
00
00
00
ENDCHAR
STARTCHAR u03F2
ENCODING 1010
SWIDTH 438 0
DWIDTH 7 0
BBX 7 24 0 -6
BITMAP
00
00
00
00
00
00
00
00
00
00
78
84
80
80
80
80
84
78
00
00
00
00
00
00
ENDCHAR
STARTCHAR u03F3
ENCODING 1011
SWIDTH 250 0
DWIDTH 4 0
BBX 4 24 0 -6
BITMAP
00
00
00
00
00
00
00
20
00
00
E0
20
20
20
20
20
20
20
20
20
C0
00
00
00
ENDCHAR
STARTCHAR u03F4
ENCODING 1012
SWIDTH 500 0
DWIDTH 8 0
BBX 8 24 0 -6
BITMAP
00
00
00
00
00
00
00
38
44
82
82
82
FE
82
82
82
44
38
00
00
00
00
00
00
ENDCHAR
STARTCHAR u03F5
ENCODING 1013
SWIDTH 375 0
DWIDTH 6 0
BBX 6 24 0 -6
BITMAP
00
00
00
00
00
00
00
00
00
00
78
80
80
F8
80
80
80
78
00
00
00
00
00
00
ENDCHAR
STARTCHAR u03F6
ENCODING 1014
SWIDTH 375 0
DWIDTH 6 0
BBX 6 24 0 -6
BITMAP
00
00
00
00
00
00
00
00
00
00
F0
08
08
F8
08
08
08
F0
00
00
00
00
00
00
ENDCHAR
STARTCHAR u03F7
ENCODING 1015
SWIDTH 500 0
DWIDTH 8 0
BBX 8 24 0 -6
BITMAP
00
00
00
00
00
00
00
80
80
80
FC
82
82
82
FC
80
80
80
00
00
00
00
00
00
ENDCHAR
STARTCHAR u03F8
ENCODING 1016
SWIDTH 438 0
DWIDTH 7 0
BBX 7 24 0 -6
BITMAP
00
00
00
00
00
00
00
80
80
80
F8
84
84
84
84
84
84
F8
80
80
80
00
00
00
ENDCHAR
STARTCHAR u03F9
ENCODING 1017
SWIDTH 500 0
DWIDTH 8 0
BBX 8 24 0 -6
BITMAP
00
00
00
00
00
00
00
3C
42
80
80
80
80
80
80
80
42
3C
00
00
00
00
00
00
ENDCHAR
STARTCHAR u03FA
ENCODING 1018
SWIDTH 625 0
DWIDTH 10 0
BBX 10 24 0 -6
BITMAP
0000
0000
0000
0000
0000
0000
0000
8080
8080
C180
C180
A280
A280
9480
9480
8880
8880
8880
0000
0000
0000
0000
0000
0000
ENDCHAR
STARTCHAR u03FB
ENCODING 1019
SWIDTH 625 0
DWIDTH 10 0
BBX 10 24 0 -6
BITMAP
0000
0000
0000
0000
0000
0000
0000
0000
0000
0000
8080
C180
A280
A280
9480
9480
8880
8880
8000
8000
8000
0000
0000
0000
ENDCHAR
STARTCHAR u03FD
ENCODING 1021
SWIDTH 500 0
DWIDTH 8 0
BBX 8 24 0 -6
BITMAP
00
00
00
00
00
00
00
78
84
02
02
02
02
02
02
02
84
78
00
00
00
00
00
00
ENDCHAR
STARTCHAR u03FE
ENCODING 1022
SWIDTH 500 0
DWIDTH 8 0
BBX 8 24 0 -6
BITMAP
00
00
00
00
00
00
00
3C
42
80
80
80
90
80
80
80
42
3C
00
00
00
00
00
00
ENDCHAR
STARTCHAR u03FF
ENCODING 1023
SWIDTH 500 0
DWIDTH 8 0
BBX 8 24 0 -6
BITMAP
00
00
00
00
00
00
00
78
84
02
02
02
12
02
02
02
84
78
00
00
00
00
00
00
ENDCHAR
STARTCHAR u0400
ENCODING 1024
SWIDTH 500 0
DWIDTH 8 0
BBX 8 24 0 -6
BITMAP
00
00
00
00
20
10
00
FE
80
80
80
80
FC
80
80
80
80
FE
00
00
00
00
00
00
ENDCHAR
STARTCHAR u0401
ENCODING 1025
SWIDTH 500 0
DWIDTH 8 0
BBX 8 24 0 -6
BITMAP
00
00
00
00
00
44
00
FE
80
80
80
80
FC
80
80
80
80
FE
00
00
00
00
00
00
ENDCHAR
STARTCHAR u0403
ENCODING 1027
SWIDTH 438 0
DWIDTH 7 0
BBX 7 24 0 -6
BITMAP
00
00
00
00
10
20
00
FC
80
80
80
80
80
80
80
80
80
80
00
00
00
00
00
00
ENDCHAR
STARTCHAR u0404
ENCODING 1028
SWIDTH 500 0
DWIDTH 8 0
BBX 8 24 0 -6
BITMAP
00
00
00
00
00
00
00
3C
42
80
80
80
F8
80
80
80
42
3C
00
00
00
00
00
00
ENDCHAR
STARTCHAR u0405
ENCODING 1029
SWIDTH 500 0
DWIDTH 8 0
BBX 8 24 0 -6
BITMAP
00
00
00
00
00
00
00
7C
82
80
80
40
38
04
02
02
82
7C
00
00
00
00
00
00
ENDCHAR
STARTCHAR u0406
ENCODING 1030
SWIDTH 250 0
DWIDTH 4 0
BBX 4 24 0 -6
BITMAP
00
00
00
00
00
00
00
E0
40
40
40
40
40
40
40
40
40
E0
00
00
00
00
00
00
ENDCHAR
STARTCHAR u0407
ENCODING 1031
SWIDTH 250 0
DWIDTH 4 0
BBX 4 24 0 -6
BITMAP
00
00
00
00
00
A0
00
E0
40
40
40
40
40
40
40
40
40
E0
00
00
00
00
00
00
ENDCHAR
STARTCHAR u0408
ENCODING 1032
SWIDTH 438 0
DWIDTH 7 0
BBX 7 24 0 -6
BITMAP
00
00
00
00
00
00
00
04
04
04
04
04
04
04
84
84
84
78
00
00
00
00
00
00
ENDCHAR
STARTCHAR u040C
ENCODING 1036
SWIDTH 500 0
DWIDTH 8 0
BBX 8 24 0 -6
BITMAP
00
00
00
00
08
10
00
82
84
88
90
A0
C0
A0
90
88
84
82
00
00
00
00
00
00
ENDCHAR
STARTCHAR u040D
ENCODING 1037
SWIDTH 500 0
DWIDTH 8 0
BBX 8 24 0 -6
BITMAP
00
00
00
00
20
10
00
82
86
86
8A
8A
92
A2
A2
C2
C2
82
00
00
00
00
00
00
ENDCHAR
STARTCHAR u040E
ENCODING 1038
SWIDTH 500 0
DWIDTH 8 0
BBX 8 24 0 -6
BITMAP
00
00
00
00
44
38
00
82
82
44
44
44
28
28
10
10
20
C0
00
00
00
00
00
00
ENDCHAR
STARTCHAR u040F
ENCODING 1039
SWIDTH 500 0
DWIDTH 8 0
BBX 8 24 0 -6
BITMAP
00
00
00
00
00
00
00
82
82
82
82
82
82
82
82
82
82
FE
10
10
00
00
00
00
ENDCHAR
STARTCHAR u0410
ENCODING 1040
SWIDTH 500 0
DWIDTH 8 0
BBX 8 24 0 -6
BITMAP
00
00
00
00
00
00
00
10
10
28
28
28
44
44
7C
82
82
82
00
00
00
00
00
00
ENDCHAR
STARTCHAR u0411
ENCODING 1041
SWIDTH 500 0
DWIDTH 8 0
BBX 8 24 0 -6
BITMAP
00
00
00
00
00
00
00
F8
80
80
80
80
F8
84
82
82
84
F8
00
00
00
00
00
00
ENDCHAR
STARTCHAR u0412
ENCODING 1042
SWIDTH 500 0
DWIDTH 8 0
BBX 8 24 0 -6
BITMAP
00
00
00
00
00
00
00
F8
84
82
82
84
F8
84
82
82
84
F8
00
00
00
00
00
00
ENDCHAR
STARTCHAR u0413
ENCODING 1043
SWIDTH 438 0
DWIDTH 7 0
BBX 7 24 0 -6
BITMAP
00
00
00
00
00
00
00
FC
80
80
80
80
80
80
80
80
80
80
00
00
00
00
00
00
ENDCHAR
STARTCHAR u0414
ENCODING 1044
SWIDTH 563 0
DWIDTH 9 0
BBX 9 24 0 -6
BITMAP
0000
0000
0000
0000
0000
0000
0000
3E00
2200
2200
2200
2200
2200
4200
4200
4200
8200
FF00
8100
8100
8100
0000
0000
0000
ENDCHAR
STARTCHAR u0415
ENCODING 1045
SWIDTH 500 0
DWIDTH 8 0
BBX 8 24 0 -6
BITMAP
00
00
00
00
00
00
00
FE
80
80
80
80
FC
80
80
80
80
FE
00
00
00
00
00
00
ENDCHAR
STARTCHAR u0416
ENCODING 1046
SWIDTH 750 0
DWIDTH 12 0
BBX 12 24 0 -6
BITMAP
0000
0000
0000
0000
0000
0000
0000
8420
4440
4440
2480
1500
0E00
1500
2480
4440
8420
8420
0000
0000
0000
0000
0000
0000
ENDCHAR
STARTCHAR u0417
ENCODING 1047
SWIDTH 500 0
DWIDTH 8 0
BBX 8 24 0 -6
BITMAP
00
00
00
00
00
00
00
78
84
02
02
04
38
04
02
02
84
78
00
00
00
00
00
00
ENDCHAR
STARTCHAR u0418
ENCODING 1048
SWIDTH 500 0
DWIDTH 8 0
BBX 8 24 0 -6
BITMAP
00
00
00
00
00
00
00
82
86
86
8A
8A
92
A2
A2
C2
C2
82
00
00
00
00
00
00
ENDCHAR
STARTCHAR u0419
ENCODING 1049
SWIDTH 500 0
DWIDTH 8 0
BBX 8 24 0 -6
BITMAP
00
00
00
00
28
10
00
82
86
86
8A
8A
92
A2
A2
C2
C2
82
00
00
00
00
00
00
ENDCHAR
STARTCHAR u041A
ENCODING 1050
SWIDTH 500 0
DWIDTH 8 0
BBX 8 24 0 -6
BITMAP
00
00
00
00
00
00
00
82
84
88
90
A0
C0
A0
90
88
84
82
00
00
00
00
00
00
ENDCHAR
STARTCHAR u041B
ENCODING 1051
SWIDTH 500 0
DWIDTH 8 0
BBX 8 24 0 -6
BITMAP
00
00
00
00
00
00
00
3E
22
22
22
22
22
22
22
42
42
82
00
00
00
00
00
00
ENDCHAR
STARTCHAR u041C
ENCODING 1052
SWIDTH 625 0
DWIDTH 10 0
BBX 10 24 0 -6
BITMAP
0000
0000
0000
0000
0000
0000
0000
8080
8080
C180
C180
A280
A280
9480
9480
8880
8880
8880
0000
0000
0000
0000
0000
0000
ENDCHAR
STARTCHAR u041D
ENCODING 1053
SWIDTH 500 0
DWIDTH 8 0
BBX 8 24 0 -6
BITMAP
00
00
00
00
00
00
00
82
82
82
82
82
FE
82
82
82
82
82
00
00
00
00
00
00
ENDCHAR
STARTCHAR u041E
ENCODING 1054
SWIDTH 500 0
DWIDTH 8 0
BBX 8 24 0 -6
BITMAP
00
00
00
00
00
00
00
38
44
82
82
82
82
82
82
82
44
38
00
00
00
00
00
00
ENDCHAR
STARTCHAR u041F
ENCODING 1055
SWIDTH 500 0
DWIDTH 8 0
BBX 8 24 0 -6
BITMAP
00
00
00
00
00
00
00
FE
82
82
82
82
82
82
82
82
82
82
00
00
00
00
00
00
ENDCHAR
STARTCHAR u0420
ENCODING 1056
SWIDTH 500 0
DWIDTH 8 0
BBX 8 24 0 -6
BITMAP
00
00
00
00
00
00
00
FC
82
82
82
82
FC
80
80
80
80
80
00
00
00
00
00
00
ENDCHAR
STARTCHAR u0421
ENCODING 1057
SWIDTH 500 0
DWIDTH 8 0
BBX 8 24 0 -6
BITMAP
00
00
00
00
00
00
00
3C
42
80
80
80
80
80
80
80
42
3C
00
00
00
00
00
00
ENDCHAR
STARTCHAR u0422
ENCODING 1058
SWIDTH 500 0
DWIDTH 8 0
BBX 8 24 0 -6
BITMAP
00
00
00
00
00
00
00
FE
10
10
10
10
10
10
10
10
10
10
00
00
00
00
00
00
ENDCHAR
STARTCHAR u0423
ENCODING 1059
SWIDTH 500 0
DWIDTH 8 0
BBX 8 24 0 -6
BITMAP
00
00
00
00
00
00
00
82
82
44
44
44
28
28
10
10
20
C0
00
00
00
00
00
00
ENDCHAR
STARTCHAR u0424
ENCODING 1060
SWIDTH 750 0
DWIDTH 12 0
BBX 12 24 0 -6
BITMAP
0000
0000
0000
0000
0000
0000
0000
0400
3F80
4440
8420
8420
8420
8420
8420
4440
3F80
0400
0000
0000
0000
0000
0000
0000
ENDCHAR
STARTCHAR u0425
ENCODING 1061
SWIDTH 500 0
DWIDTH 8 0
BBX 8 24 0 -6
BITMAP
00
00
00
00
00
00
00
82
82
44
44
28
10
28
44
44
82
82
00
00
00
00
00
00
ENDCHAR
STARTCHAR u0426
ENCODING 1062
SWIDTH 563 0
DWIDTH 9 0
BBX 9 24 0 -6
BITMAP
0000
0000
0000
0000
0000
0000
0000
8200
8200
8200
8200
8200
8200
8200
8200
8200
8200
FF00
0100
0100
0000
0000
0000
0000
ENDCHAR
STARTCHAR u0427
ENCODING 1063
SWIDTH 500 0
DWIDTH 8 0
BBX 8 24 0 -6
BITMAP
00
00
00
00
00
00
00
82
82
82
82
46
3A
02
02
02
02
02
00
00
00
00
00
00
ENDCHAR
STARTCHAR u0428
ENCODING 1064
SWIDTH 750 0
DWIDTH 12 0
BBX 12 24 0 -6
BITMAP
0000
0000
0000
0000
0000
0000
0000
8420
8420
8420
8420
8420
8420
8420
8420
8420
8420
FFE0
0000
0000
0000
0000
0000
0000
ENDCHAR
STARTCHAR u0429
ENCODING 1065
SWIDTH 813 0
DWIDTH 13 0
BBX 13 24 0 -6
BITMAP
0000
0000
0000
0000
0000
0000
0000
8420
8420
8420
8420
8420
8420
8420
8420
8420
8420
FFF0
0010
0010
0000
0000
0000
0000
ENDCHAR
STARTCHAR u042A
ENCODING 1066
SWIDTH 625 0
DWIDTH 10 0
BBX 10 24 0 -6
BITMAP
0000
0000
0000
0000
0000
0000
0000
E000
2000
2000
2000
2000
3F00
2080
2080
2080
2080
3F00
0000
0000
0000
0000
0000
0000
ENDCHAR
STARTCHAR u042B
ENCODING 1067
SWIDTH 625 0
DWIDTH 10 0
BBX 10 24 0 -6
BITMAP
0000
0000
0000
0000
0000
0000
0000
8080
8080
8080
8080
8080
FC80
8280
8280
8280
8280
FC80
0000
0000
0000
0000
0000
0000
ENDCHAR
STARTCHAR u042C
ENCODING 1068
SWIDTH 500 0
DWIDTH 8 0
BBX 8 24 0 -6
BITMAP
00
00
00
00
00
00
00
80
80
80
80
80
FC
82
82
82
82
FC
00
00
00
00
00
00
ENDCHAR
STARTCHAR u042D
ENCODING 1069
SWIDTH 500 0
DWIDTH 8 0
BBX 8 24 0 -6
BITMAP
00
00
00
00
00
00
00
78
84
02
02
02
3E
02
02
02
84
78
00
00
00
00
00
00
ENDCHAR
STARTCHAR u042E
ENCODING 1070
SWIDTH 688 0
DWIDTH 11 0
BBX 11 24 0 -6
BITMAP
0000
0000
0000
0000
0000
0000
0000
8700
8880
9040
9040
9040
F040
9040
9040
9040
8880
8700
0000
0000
0000
0000
0000
0000
ENDCHAR
STARTCHAR u042F
ENCODING 1071
SWIDTH 500 0
DWIDTH 8 0
BBX 8 24 0 -6
BITMAP
00
00
00
00
00
00
00
7E
82
82
82
82
7E
22
22
42
42
82
00
00
00
00
00
00
ENDCHAR
STARTCHAR u0430
ENCODING 1072
SWIDTH 438 0
DWIDTH 7 0
BBX 7 24 0 -6
BITMAP
00
00
00
00
00
00
00
00
00
00
78
04
04
7C
84
84
84
7C
00
00
00
00
00
00
ENDCHAR
STARTCHAR u0431
ENCODING 1073
SWIDTH 438 0
DWIDTH 7 0
BBX 7 24 0 -6
BITMAP
00
00
00
00
00
00
00
04
78
80
80
F8
84
84
84
84
84
78
00
00
00
00
00
00
ENDCHAR
STARTCHAR u0432
ENCODING 1074
SWIDTH 438 0
DWIDTH 7 0
BBX 7 24 0 -6
BITMAP
00
00
00
00
00
00
00
00
00
00
F8
84
84
F8
84
84
84
F8
00
00
00
00
00
00
ENDCHAR
STARTCHAR u0433
ENCODING 1075
SWIDTH 375 0
DWIDTH 6 0
BBX 6 24 0 -6
BITMAP
00
00
00
00
00
00
00
00
00
00
F8
80
80
80
80
80
80
80
00
00
00
00
00
00
ENDCHAR
STARTCHAR u0434
ENCODING 1076
SWIDTH 563 0
DWIDTH 9 0
BBX 9 24 0 -6
BITMAP
0000
0000
0000
0000
0000
0000
0000
0000
0000
0000
3E00
2200
2200
2200
4200
4200
8200
FF00
8100
8100
0000
0000
0000
0000
ENDCHAR
STARTCHAR u0435
ENCODING 1077
SWIDTH 438 0
DWIDTH 7 0
BBX 7 24 0 -6
BITMAP
00
00
00
00
00
00
00
00
00
00
78
84
84
FC
80
80
84
78
00
00
00
00
00
00
ENDCHAR
STARTCHAR u0436
ENCODING 1078
SWIDTH 625 0
DWIDTH 10 0
BBX 10 24 0 -6
BITMAP
0000
0000
0000
0000
0000
0000
0000
0000
0000
0000
8880
4900
2A00
1C00
2A00
4900
8880
8880
0000
0000
0000
0000
0000
0000
ENDCHAR
STARTCHAR u0437
ENCODING 1079
SWIDTH 438 0
DWIDTH 7 0
BBX 7 24 0 -6
BITMAP
00
00
00
00
00
00
00
00
00
00
78
84
04
38
04
04
84
78
00
00
00
00
00
00
ENDCHAR
STARTCHAR u0438
ENCODING 1080
SWIDTH 438 0
DWIDTH 7 0
BBX 7 24 0 -6
BITMAP
00
00
00
00
00
00
00
00
00
00
84
8C
94
94
A4
A4
C4
84
00
00
00
00
00
00
ENDCHAR
STARTCHAR u0439
ENCODING 1081
SWIDTH 438 0
DWIDTH 7 0
BBX 7 24 0 -6
BITMAP
00
00
00
00
00
00
00
48
30
00
84
8C
94
94
A4
A4
C4
84
00
00
00
00
00
00
ENDCHAR
STARTCHAR u043A
ENCODING 1082
SWIDTH 438 0
DWIDTH 7 0
BBX 7 24 0 -6
BITMAP
00
00
00
00
00
00
00
00
00
00
84
88
B0
C0
A0
90
88
84
00
00
00
00
00
00
ENDCHAR
STARTCHAR u043B
ENCODING 1083
SWIDTH 438 0
DWIDTH 7 0
BBX 7 24 0 -6
BITMAP
00
00
00
00
00
00
00
00
00
00
7C
44
44
44
44
44
44
84
00
00
00
00
00
00
ENDCHAR
STARTCHAR u043C
ENCODING 1084
SWIDTH 625 0
DWIDTH 10 0
BBX 10 24 0 -6
BITMAP
0000
0000
0000
0000
0000
0000
0000
0000
0000
0000
8080
C180
A280
A280
9480
9480
8880
8880
0000
0000
0000
0000
0000
0000
ENDCHAR
STARTCHAR u043D
ENCODING 1085
SWIDTH 438 0
DWIDTH 7 0
BBX 7 24 0 -6
BITMAP
00
00
00
00
00
00
00
00
00
00
84
84
84
FC
84
84
84
84
00
00
00
00
00
00
ENDCHAR
STARTCHAR u043E
ENCODING 1086
SWIDTH 438 0
DWIDTH 7 0
BBX 7 24 0 -6
BITMAP
00
00
00
00
00
00
00
00
00
00
78
84
84
84
84
84
84
78
00
00
00
00
00
00
ENDCHAR
STARTCHAR u043F
ENCODING 1087
SWIDTH 438 0
DWIDTH 7 0
BBX 7 24 0 -6
BITMAP
00
00
00
00
00
00
00
00
00
00
FC
84
84
84
84
84
84
84
00
00
00
00
00
00
ENDCHAR
STARTCHAR u0440
ENCODING 1088
SWIDTH 438 0
DWIDTH 7 0
BBX 7 24 0 -6
BITMAP
00
00
00
00
00
00
00
00
00
00
F8
84
84
84
84
84
84
F8
80
80
80
00
00
00
ENDCHAR
STARTCHAR u0441
ENCODING 1089
SWIDTH 438 0
DWIDTH 7 0
BBX 7 24 0 -6
BITMAP
00
00
00
00
00
00
00
00
00
00
78
84
80
80
80
80
84
78
00
00
00
00
00
00
ENDCHAR
STARTCHAR u0442
ENCODING 1090
SWIDTH 500 0
DWIDTH 8 0
BBX 8 24 0 -6
BITMAP
00
00
00
00
00
00
00
00
00
00
FE
10
10
10
10
10
10
10
00
00
00
00
00
00
ENDCHAR
STARTCHAR u0443
ENCODING 1091
SWIDTH 500 0
DWIDTH 8 0
BBX 8 24 0 -6
BITMAP
00
00
00
00
00
00
00
00
00
00
82
82
44
44
44
28
28
10
10
20
C0
00
00
00
ENDCHAR
STARTCHAR u0444
ENCODING 1092
SWIDTH 625 0
DWIDTH 10 0
BBX 10 24 0 -6
BITMAP
0000
0000
0000
0000
0000
0000
0000
0800
0800
0800
7F00
8880
8880
8880
8880
8880
8880
7F00
0800
0800
0800
0000
0000
0000
ENDCHAR
STARTCHAR u0445
ENCODING 1093
SWIDTH 500 0
DWIDTH 8 0
BBX 8 24 0 -6
BITMAP
00
00
00
00
00
00
00
00
00
00
82
44
28
10
10
28
44
82
00
00
00
00
00
00
ENDCHAR
STARTCHAR u0446
ENCODING 1094
SWIDTH 500 0
DWIDTH 8 0
BBX 8 24 0 -6
BITMAP
00
00
00
00
00
00
00
00
00
00
84
84
84
84
84
84
84
FE
02
02
00
00
00
00
ENDCHAR
STARTCHAR u0447
ENCODING 1095
SWIDTH 438 0
DWIDTH 7 0
BBX 7 24 0 -6
BITMAP
00
00
00
00
00
00
00
00
00
00
84
84
84
8C
74
04
04
04
00
00
00
00
00
00
ENDCHAR
STARTCHAR u0448
ENCODING 1096
SWIDTH 625 0
DWIDTH 10 0
BBX 10 24 0 -6
BITMAP
0000
0000
0000
0000
0000
0000
0000
0000
0000
0000
8880
8880
8880
8880
8880
8880
8880
FF80
0000
0000
0000
0000
0000
0000
ENDCHAR
STARTCHAR u0449
ENCODING 1097
SWIDTH 688 0
DWIDTH 11 0
BBX 11 24 0 -6
BITMAP
0000
0000
0000
0000
0000
0000
0000
0000
0000
0000
8880
8880
8880
8880
8880
8880
8880
FFC0
0040
0040
0000
0000
0000
0000
ENDCHAR
STARTCHAR u044A
ENCODING 1098
SWIDTH 563 0
DWIDTH 9 0
BBX 9 24 0 -6
BITMAP
0000
0000
0000
0000
0000
0000
0000
0000
0000
0000
E000
2000
2000
3E00
2100
2100
2100
3E00
0000
0000
0000
0000
0000
0000
ENDCHAR
STARTCHAR u044B
ENCODING 1099
SWIDTH 563 0
DWIDTH 9 0
BBX 9 24 0 -6
BITMAP
0000
0000
0000
0000
0000
0000
0000
0000
0000
0000
8100
8100
8100
F900
8500
8500
8500
F900
0000
0000
0000
0000
0000
0000
ENDCHAR
STARTCHAR u044C
ENCODING 1100
SWIDTH 438 0
DWIDTH 7 0
BBX 7 24 0 -6
BITMAP
00
00
00
00
00
00
00
00
00
00
80
80
80
F8
84
84
84
F8
00
00
00
00
00
00
ENDCHAR
STARTCHAR u044D
ENCODING 1101
SWIDTH 438 0
DWIDTH 7 0
BBX 7 24 0 -6
BITMAP
00
00
00
00
00
00
00
00
00
00
78
84
04
3C
04
04
84
78
00
00
00
00
00
00
ENDCHAR
STARTCHAR u044E
ENCODING 1102
SWIDTH 625 0
DWIDTH 10 0
BBX 10 24 0 -6
BITMAP
0000
0000
0000
0000
0000
0000
0000
0000
0000
0000
8F00
9080
9080
F080
9080
9080
9080
8F00
0000
0000
0000
0000
0000
0000
ENDCHAR
STARTCHAR u044F
ENCODING 1103
SWIDTH 438 0
DWIDTH 7 0
BBX 7 24 0 -6
BITMAP
00
00
00
00
00
00
00
00
00
00
7C
84
84
84
7C
24
44
84
00
00
00
00
00
00
ENDCHAR
STARTCHAR u0450
ENCODING 1104
SWIDTH 438 0
DWIDTH 7 0
BBX 7 24 0 -6
BITMAP
00
00
00
00
00
00
00
20
10
00
78
84
84
FC
80
80
84
78
00
00
00
00
00
00
ENDCHAR
STARTCHAR u0451
ENCODING 1105
SWIDTH 438 0
DWIDTH 7 0
BBX 7 24 0 -6
BITMAP
00
00
00
00
00
00
00
48
00
00
78
84
84
FC
80
80
84
78
00
00
00
00
00
00
ENDCHAR
STARTCHAR u0453
ENCODING 1107
SWIDTH 375 0
DWIDTH 6 0
BBX 6 24 0 -6
BITMAP
00
00
00
00
00
00
00
10
20
00
F8
80
80
80
80
80
80
80
00
00
00
00
00
00
ENDCHAR
STARTCHAR u0454
ENCODING 1108
SWIDTH 438 0
DWIDTH 7 0
BBX 7 24 0 -6
BITMAP
00
00
00
00
00
00
00
00
00
00
78
84
80
F0
80
80
84
78
00
00
00
00
00
00
ENDCHAR
STARTCHAR u0455
ENCODING 1109
SWIDTH 438 0
DWIDTH 7 0
BBX 7 24 0 -6
BITMAP
00
00
00
00
00
00
00
00
00
00
78
84
80
60
18
04
84
78
00
00
00
00
00
00
ENDCHAR
STARTCHAR u0456
ENCODING 1110
SWIDTH 250 0
DWIDTH 4 0
BBX 4 24 0 -6
BITMAP
00
00
00
00
00
00
00
40
00
00
C0
40
40
40
40
40
40
E0
00
00
00
00
00
00
ENDCHAR
STARTCHAR u0457
ENCODING 1111
SWIDTH 250 0
DWIDTH 4 0
BBX 4 24 0 -6
BITMAP
00
00
00
00
00
00
00
A0
00
00
C0
40
40
40
40
40
40
E0
00
00
00
00
00
00
ENDCHAR
STARTCHAR u0458
ENCODING 1112
SWIDTH 250 0
DWIDTH 4 0
BBX 4 24 0 -6
BITMAP
00
00
00
00
00
00
00
20
00
00
E0
20
20
20
20
20
20
20
20
20
C0
00
00
00
ENDCHAR
STARTCHAR u045B
ENCODING 1115
SWIDTH 500 0
DWIDTH 8 0
BBX 8 24 0 -6
BITMAP
00
00
00
00
00
00
00
40
F0
40
5C
62
42
42
42
42
42
42
00
00
00
00
00
00
ENDCHAR
STARTCHAR u045C
ENCODING 1116
SWIDTH 438 0
DWIDTH 7 0
BBX 7 24 0 -6
BITMAP
00
00
00
00
00
00
00
10
20
00
84
88
B0
C0
A0
90
88
84
00
00
00
00
00
00
ENDCHAR
STARTCHAR u045D
ENCODING 1117
SWIDTH 438 0
DWIDTH 7 0
BBX 7 24 0 -6
BITMAP
00
00
00
00
00
00
00
20
10
00
84
8C
94
94
A4
A4
C4
84
00
00
00
00
00
00
ENDCHAR
STARTCHAR u045E
ENCODING 1118
SWIDTH 500 0
DWIDTH 8 0
BBX 8 24 0 -6
BITMAP
00
00
00
00
00
00
00
44
38
00
82
82
44
44
44
28
28
10
10
20
C0
00
00
00
ENDCHAR
STARTCHAR u045F
ENCODING 1119
SWIDTH 438 0
DWIDTH 7 0
BBX 7 24 0 -6
BITMAP
00
00
00
00
00
00
00
00
00
00
84
84
84
84
84
84
84
FC
10
10
00
00
00
00
ENDCHAR
STARTCHAR u0464
ENCODING 1124
SWIDTH 688 0
DWIDTH 11 0
BBX 11 24 0 -6
BITMAP
0000
0000
0000
0000
0000
0000
0000
8780
8840
9000
9000
9000
FF00
9000
9000
9000
8840
8780
0000
0000
0000
0000
0000
0000
ENDCHAR
STARTCHAR u0465
ENCODING 1125
SWIDTH 625 0
DWIDTH 10 0
BBX 10 24 0 -6
BITMAP
0000
0000
0000
0000
0000
0000
0000
0000
0000
0000
8F00
9080
9000
FE00
9000
9000
9080
8F00
0000
0000
0000
0000
0000
0000
ENDCHAR
STARTCHAR u0470
ENCODING 1136
SWIDTH 750 0
DWIDTH 12 0
BBX 12 24 0 -6
BITMAP
0000
0000
0000
0000
0000
0000
0000
8420
8420
8420
8420
8420
4440
3F80
0400
0400
0400
0400
0000
0000
0000
0000
0000
0000
ENDCHAR
STARTCHAR u0471
ENCODING 1137
SWIDTH 625 0
DWIDTH 10 0
BBX 10 24 0 -6
BITMAP
0000
0000
0000
0000
0000
0000
0000
0000
0000
0000
8880
8880
8880
8880
8880
8880
4900
3E00
0800
0800
0800
0000
0000
0000
ENDCHAR
STARTCHAR u0472
ENCODING 1138
SWIDTH 500 0
DWIDTH 8 0
BBX 8 24 0 -6
BITMAP
00
00
00
00
00
00
00
38
44
82
82
82
FE
82
82
82
44
38
00
00
00
00
00
00
ENDCHAR
STARTCHAR u0473
ENCODING 1139
SWIDTH 438 0
DWIDTH 7 0
BBX 7 24 0 -6
BITMAP
00
00
00
00
00
00
00
00
00
00
78
84
84
FC
84
84
84
78
00
00
00
00
00
00
ENDCHAR
STARTCHAR u0478
ENCODING 1144
SWIDTH 1000 0
DWIDTH 16 0
BBX 16 24 0 -6
BITMAP
0000
0000
0000
0000
0000
0000
0000
3800
4400
8200
8282
8282
8244
8244
8244
8228
4428
3810
0010
0020
00C0
0000
0000
0000
ENDCHAR
STARTCHAR u0479
ENCODING 1145
SWIDTH 938 0
DWIDTH 15 0
BBX 15 24 0 -6
BITMAP
0000
0000
0000
0000
0000
0000
0000
0000
0000
0000
7904
8504
8488
8488
8488
8450
8450
7820
0020
0040
0180
0000
0000
0000
ENDCHAR
STARTCHAR u0490
ENCODING 1168
SWIDTH 438 0
DWIDTH 7 0
BBX 7 24 0 -6
BITMAP
00
00
00
00
00
04
04
FC
80
80
80
80
80
80
80
80
80
80
00
00
00
00
00
00
ENDCHAR
STARTCHAR u0491
ENCODING 1169
SWIDTH 375 0
DWIDTH 6 0
BBX 6 24 0 -6
BITMAP
00
00
00
00
00
00
00
00
08
08
F8
80
80
80
80
80
80
80
00
00
00
00
00
00
ENDCHAR
STARTCHAR u049E
ENCODING 1182
SWIDTH 563 0
DWIDTH 9 0
BBX 9 24 0 -6
BITMAP
0000
0000
0000
0000
0000
0000
0000
4100
F200
4400
4800
5000
6000
5000
4800
4400
4200
4100
0000
0000
0000
0000
0000
0000
ENDCHAR
STARTCHAR u049F
ENCODING 1183
SWIDTH 500 0
DWIDTH 8 0
BBX 8 24 0 -6
BITMAP
00
00
00
00
00
00
00
40
F0
40
42
44
58
60
50
48
44
42
00
00
00
00
00
00
ENDCHAR
STARTCHAR u04AE
ENCODING 1198
SWIDTH 500 0
DWIDTH 8 0
BBX 8 24 0 -6
BITMAP
00
00
00
00
00
00
00
82
82
44
44
28
28
10
10
10
10
10
00
00
00
00
00
00
ENDCHAR
STARTCHAR u04AF
ENCODING 1199
SWIDTH 500 0
DWIDTH 8 0
BBX 8 24 0 -6
BITMAP
00
00
00
00
00
00
00
00
00
00
82
82
44
44
28
28
10
10
10
10
10
00
00
00
ENDCHAR
STARTCHAR u04B0
ENCODING 1200
SWIDTH 500 0
DWIDTH 8 0
BBX 8 24 0 -6
BITMAP
00
00
00
00
00
00
00
82
82
44
44
28
28
7C
10
10
10
10
00
00
00
00
00
00
ENDCHAR
STARTCHAR u04B1
ENCODING 1201
SWIDTH 500 0
DWIDTH 8 0
BBX 8 24 0 -6
BITMAP
00
00
00
00
00
00
00
00
00
00
82
82
44
44
28
28
7C
10
10
10
10
00
00
00
ENDCHAR
STARTCHAR u04BA
ENCODING 1210
SWIDTH 500 0
DWIDTH 8 0
BBX 8 24 0 -6
BITMAP
00
00
00
00
00
00
00
80
80
80
80
80
B8
C4
82
82
82
82
00
00
00
00
00
00
ENDCHAR
STARTCHAR u04BB
ENCODING 1211
SWIDTH 438 0
DWIDTH 7 0
BBX 7 24 0 -6
BITMAP
00
00
00
00
00
00
00
80
80
80
B8
C4
84
84
84
84
84
84
00
00
00
00
00
00
ENDCHAR
STARTCHAR u04C0
ENCODING 1216
SWIDTH 250 0
DWIDTH 4 0
BBX 4 24 0 -6
BITMAP
00
00
00
00
00
00
00
E0
40
40
40
40
40
40
40
40
40
E0
00
00
00
00
00
00
ENDCHAR
STARTCHAR u04C1
ENCODING 1217
SWIDTH 750 0
DWIDTH 12 0
BBX 12 24 0 -6
BITMAP
0000
0000
0000
0000
1100
0E00
0000
8420
4440
4440
2480
1500
0E00
1500
2480
4440
8420
8420
0000
0000
0000
0000
0000
0000
ENDCHAR
STARTCHAR u04C2
ENCODING 1218
SWIDTH 625 0
DWIDTH 10 0
BBX 10 24 0 -6
BITMAP
0000
0000
0000
0000
0000
0000
0000
2200
1C00
0000
8880
4900
2A00
1C00
2A00
4900
8880
8880
0000
0000
0000
0000
0000
0000
ENDCHAR
STARTCHAR u04C7
ENCODING 1223
SWIDTH 500 0
DWIDTH 8 0
BBX 8 24 0 -6
BITMAP
00
00
00
00
00
00
00
82
82
82
82
82
FE
82
82
82
82
82
02
0C
00
00
00
00
ENDCHAR
STARTCHAR u04C8
ENCODING 1224
SWIDTH 438 0
DWIDTH 7 0
BBX 7 24 0 -6
BITMAP
00
00
00
00
00
00
00
00
00
00
84
84
84
FC
84
84
84
84
04
18
00
00
00
00
ENDCHAR
STARTCHAR u04CF
ENCODING 1231
SWIDTH 250 0
DWIDTH 4 0
BBX 4 24 0 -6
BITMAP
00
00
00
00
00
00
00
E0
40
40
40
40
40
40
40
40
40
E0
00
00
00
00
00
00
ENDCHAR
STARTCHAR u04D0
ENCODING 1232
SWIDTH 500 0
DWIDTH 8 0
BBX 8 24 0 -6
BITMAP
00
00
00
00
44
38
00
10
10
28
28
28
44
44
7C
82
82
82
00
00
00
00
00
00
ENDCHAR
STARTCHAR u04D1
ENCODING 1233
SWIDTH 438 0
DWIDTH 7 0
BBX 7 24 0 -6
BITMAP
00
00
00
00
00
00
00
48
30
00
78
04
04
7C
84
84
84
7C
00
00
00
00
00
00
ENDCHAR
STARTCHAR u04D2
ENCODING 1234
SWIDTH 500 0
DWIDTH 8 0
BBX 8 24 0 -6
BITMAP
00
00
00
00
00
44
00
10
10
28
28
28
44
44
7C
82
82
82
00
00
00
00
00
00
ENDCHAR
STARTCHAR u04D3
ENCODING 1235
SWIDTH 438 0
DWIDTH 7 0
BBX 7 24 0 -6
BITMAP
00
00
00
00
00
00
00
48
00
00
78
04
04
7C
84
84
84
7C
00
00
00
00
00
00
ENDCHAR
STARTCHAR u04D4
ENCODING 1236
SWIDTH 625 0
DWIDTH 10 0
BBX 10 24 0 -6
BITMAP
0000
0000
0000
0000
0000
0000
0000
1F80
1800
2800
2800
2800
4F00
4800
7800
8800
8800
8F80
0000
0000
0000
0000
0000
0000
ENDCHAR
STARTCHAR u04D5
ENCODING 1237
SWIDTH 750 0
DWIDTH 12 0
BBX 12 24 0 -6
BITMAP
0000
0000
0000
0000
0000
0000
0000
0000
0000
0000
7BC0
0420
0420
7FE0
8400
8400
8420
7BC0
0000
0000
0000
0000
0000
0000
ENDCHAR
STARTCHAR u04D6
ENCODING 1238
SWIDTH 500 0
DWIDTH 8 0
BBX 8 24 0 -6
BITMAP
00
00
00
00
44
38
00
FE
80
80
80
80
FC
80
80
80
80
FE
00
00
00
00
00
00
ENDCHAR
STARTCHAR u04D7
ENCODING 1239
SWIDTH 438 0
DWIDTH 7 0
BBX 7 24 0 -6
BITMAP
00
00
00
00
00
00
00
48
30
00
78
84
84
FC
80
80
84
78
00
00
00
00
00
00
ENDCHAR
STARTCHAR u04D8
ENCODING 1240
SWIDTH 500 0
DWIDTH 8 0
BBX 8 24 0 -6
BITMAP
00
00
00
00
00
00
00
38
44
02
02
02
FE
82
82
82
44
38
00
00
00
00
00
00
ENDCHAR
STARTCHAR u04D9
ENCODING 1241
SWIDTH 438 0
DWIDTH 7 0
BBX 7 24 0 -6
BITMAP
00
00
00
00
00
00
00
00
00
00
78
84
04
04
FC
84
84
78
00
00
00
00
00
00
ENDCHAR
STARTCHAR u04DA
ENCODING 1242
SWIDTH 500 0
DWIDTH 8 0
BBX 8 24 0 -6
BITMAP
00
00
00
00
00
44
00
38
44
02
02
02
FE
82
82
82
44
38
00
00
00
00
00
00
ENDCHAR
STARTCHAR u04DB
ENCODING 1243
SWIDTH 438 0
DWIDTH 7 0
BBX 7 24 0 -6
BITMAP
00
00
00
00
00
00
00
48
00
00
78
84
04
04
FC
84
84
78
00
00
00
00
00
00
ENDCHAR
STARTCHAR u04DC
ENCODING 1244
SWIDTH 750 0
DWIDTH 12 0
BBX 12 24 0 -6
BITMAP
0000
0000
0000
0000
0000
1100
0000
8420
4440
4440
2480
1500
0E00
1500
2480
4440
8420
8420
0000
0000
0000
0000
0000
0000
ENDCHAR
STARTCHAR u04DD
ENCODING 1245
SWIDTH 625 0
DWIDTH 10 0
BBX 10 24 0 -6
BITMAP
0000
0000
0000
0000
0000
0000
0000
2200
0000
0000
8880
4900
2A00
1C00
2A00
4900
8880
8880
0000
0000
0000
0000
0000
0000
ENDCHAR
STARTCHAR u04DE
ENCODING 1246
SWIDTH 500 0
DWIDTH 8 0
BBX 8 24 0 -6
BITMAP
00
00
00
00
00
44
00
78
84
02
02
04
38
04
02
02
84
78
00
00
00
00
00
00
ENDCHAR
STARTCHAR u04DF
ENCODING 1247
SWIDTH 438 0
DWIDTH 7 0
BBX 7 24 0 -6
BITMAP
00
00
00
00
00
00
00
48
00
00
78
84
04
38
04
04
84
78
00
00
00
00
00
00
ENDCHAR
STARTCHAR u04E2
ENCODING 1250
SWIDTH 500 0
DWIDTH 8 0
BBX 8 24 0 -6
BITMAP
00
00
00
00
00
7C
00
82
86
86
8A
8A
92
A2
A2
C2
C2
82
00
00
00
00
00
00
ENDCHAR
STARTCHAR u04E3
ENCODING 1251
SWIDTH 438 0
DWIDTH 7 0
BBX 7 24 0 -6
BITMAP
00
00
00
00
00
00
00
78
00
00
84
8C
94
94
A4
A4
C4
84
00
00
00
00
00
00
ENDCHAR
STARTCHAR u04E4
ENCODING 1252
SWIDTH 500 0
DWIDTH 8 0
BBX 8 24 0 -6
BITMAP
00
00
00
00
00
44
00
82
86
86
8A
8A
92
A2
A2
C2
C2
82
00
00
00
00
00
00
ENDCHAR
STARTCHAR u04E5
ENCODING 1253
SWIDTH 438 0
DWIDTH 7 0
BBX 7 24 0 -6
BITMAP
00
00
00
00
00
00
00
48
00
00
84
8C
94
94
A4
A4
C4
84
00
00
00
00
00
00
ENDCHAR
STARTCHAR u04E6
ENCODING 1254
SWIDTH 500 0
DWIDTH 8 0
BBX 8 24 0 -6
BITMAP
00
00
00
00
00
44
00
38
44
82
82
82
82
82
82
82
44
38
00
00
00
00
00
00
ENDCHAR
STARTCHAR u04E7
ENCODING 1255
SWIDTH 438 0
DWIDTH 7 0
BBX 7 24 0 -6
BITMAP
00
00
00
00
00
00
00
48
00
00
78
84
84
84
84
84
84
78
00
00
00
00
00
00
ENDCHAR
STARTCHAR u04E8
ENCODING 1256
SWIDTH 500 0
DWIDTH 8 0
BBX 8 24 0 -6
BITMAP
00
00
00
00
00
00
00
38
44
82
82
82
FE
82
82
82
44
38
00
00
00
00
00
00
ENDCHAR
STARTCHAR u04E9
ENCODING 1257
SWIDTH 438 0
DWIDTH 7 0
BBX 7 24 0 -6
BITMAP
00
00
00
00
00
00
00
00
00
00
78
84
84
FC
84
84
84
78
00
00
00
00
00
00
ENDCHAR
STARTCHAR u04EA
ENCODING 1258
SWIDTH 500 0
DWIDTH 8 0
BBX 8 24 0 -6
BITMAP
00
00
00
00
00
44
00
38
44
82
82
82
FE
82
82
82
44
38
00
00
00
00
00
00
ENDCHAR
STARTCHAR u04EB
ENCODING 1259
SWIDTH 438 0
DWIDTH 7 0
BBX 7 24 0 -6
BITMAP
00
00
00
00
00
00
00
48
00
00
78
84
84
FC
84
84
84
78
00
00
00
00
00
00
ENDCHAR
STARTCHAR u04EC
ENCODING 1260
SWIDTH 500 0
DWIDTH 8 0
BBX 8 24 0 -6
BITMAP
00
00
00
00
00
44
00
78
84
02
02
02
3E
02
02
02
84
78
00
00
00
00
00
00
ENDCHAR
STARTCHAR u04ED
ENCODING 1261
SWIDTH 438 0
DWIDTH 7 0
BBX 7 24 0 -6
BITMAP
00
00
00
00
00
00
00
48
00
00
78
84
04
3C
04
04
84
78
00
00
00
00
00
00
ENDCHAR
STARTCHAR u04EE
ENCODING 1262
SWIDTH 500 0
DWIDTH 8 0
BBX 8 24 0 -6
BITMAP
00
00
00
00
00
7C
00
82
82
44
44
44
28
28
10
10
20
C0
00
00
00
00
00
00
ENDCHAR
STARTCHAR u04EF
ENCODING 1263
SWIDTH 500 0
DWIDTH 8 0
BBX 8 24 0 -6
BITMAP
00
00
00
00
00
00
00
7C
00
00
82
82
44
44
44
28
28
10
10
20
C0
00
00
00
ENDCHAR
STARTCHAR u04F0
ENCODING 1264
SWIDTH 500 0
DWIDTH 8 0
BBX 8 24 0 -6
BITMAP
00
00
00
00
00
44
00
82
82
44
44
44
28
28
10
10
20
C0
00
00
00
00
00
00
ENDCHAR
STARTCHAR u04F1
ENCODING 1265
SWIDTH 500 0
DWIDTH 8 0
BBX 8 24 0 -6
BITMAP
00
00
00
00
00
00
00
44
00
00
82
82
44
44
44
28
28
10
10
20
C0
00
00
00
ENDCHAR
STARTCHAR u04F2
ENCODING 1266
SWIDTH 500 0
DWIDTH 8 0
BBX 8 24 0 -6
BITMAP
00
00
00
00
14
28
00
82
82
44
44
44
28
28
10
10
20
C0
00
00
00
00
00
00
ENDCHAR
STARTCHAR u04F3
ENCODING 1267
SWIDTH 500 0
DWIDTH 8 0
BBX 8 24 0 -6
BITMAP
00
00
00
00
00
00
00
14
28
00
82
82
44
44
44
28
28
10
10
20
C0
00
00
00
ENDCHAR
STARTCHAR u04F4
ENCODING 1268
SWIDTH 500 0
DWIDTH 8 0
BBX 8 24 0 -6
BITMAP
00
00
00
00
00
44
00
82
82
82
82
46
3A
02
02
02
02
02
00
00
00
00
00
00
ENDCHAR
STARTCHAR u04F5
ENCODING 1269
SWIDTH 438 0
DWIDTH 7 0
BBX 7 24 0 -6
BITMAP
00
00
00
00
00
00
00
48
00
00
84
84
84
8C
74
04
04
04
00
00
00
00
00
00
ENDCHAR
STARTCHAR u04F6
ENCODING 1270
SWIDTH 438 0
DWIDTH 7 0
BBX 7 24 0 -6
BITMAP
00
00
00
00
00
00
00
FC
80
80
80
80
80
80
80
80
80
C0
40
40
00
00
00
00
ENDCHAR
STARTCHAR u04F7
ENCODING 1271
SWIDTH 375 0
DWIDTH 6 0
BBX 6 24 0 -6
BITMAP
00
00
00
00
00
00
00
00
00
00
F8
80
80
80
80
80
80
C0
40
40
00
00
00
00
ENDCHAR
STARTCHAR u04F8
ENCODING 1272
SWIDTH 625 0
DWIDTH 10 0
BBX 10 24 0 -6
BITMAP
0000
0000
0000
0000
0000
2200
0000
8080
8080
8080
8080
8080
FC80
8280
8280
8280
8280
FC80
0000
0000
0000
0000
0000
0000
ENDCHAR
STARTCHAR u04F9
ENCODING 1273
SWIDTH 563 0
DWIDTH 9 0
BBX 9 24 0 -6
BITMAP
0000
0000
0000
0000
0000
0000
0000
2200
0000
0000
8100
8100
8100
F900
8500
8500
8500
F900
0000
0000
0000
0000
0000
0000
ENDCHAR
STARTCHAR u1E9E
ENCODING 7838
SWIDTH 500 0
DWIDTH 8 0
BBX 8 24 0 -6
BITMAP
00
00
00
00
00
00
00
78
84
84
84
88
88
84
82
82
82
9C
00
00
00
00
00
00
ENDCHAR
STARTCHAR u2010
ENCODING 8208
SWIDTH 1000 0
DWIDTH 16 0
BBX 16 16 0 -2
BITMAP
0000
0000
0000
0000
0000
0000
0000
0000
0FE0
0000
0000
0000
0000
0000
0000
0000
ENDCHAR
STARTCHAR u2011
ENCODING 8209
SWIDTH 500 0
DWIDTH 8 0
BBX 8 16 0 -2
BITMAP
00
00
00
00
00
00
00
00
FE
00
00
00
00
00
00
00
ENDCHAR
STARTCHAR u2012
ENCODING 8210
SWIDTH 500 0
DWIDTH 8 0
BBX 8 16 0 -2
BITMAP
00
00
00
00
00
00
00
00
FE
00
00
00
00
00
00
00
ENDCHAR
STARTCHAR u2013
ENCODING 8211
SWIDTH 500 0
DWIDTH 8 0
BBX 8 16 0 -2
BITMAP
00
00
00
00
00
00
00
00
FF
00
00
00
00
00
00
00
ENDCHAR
STARTCHAR u2014
ENCODING 8212
SWIDTH 1000 0
DWIDTH 16 0
BBX 16 16 0 -2
BITMAP
0000
0000
0000
0000
0000
0000
0000
0000
FFFE
0000
0000
0000
0000
0000
0000
0000
ENDCHAR
STARTCHAR u2015
ENCODING 8213
SWIDTH 1000 0
DWIDTH 16 0
BBX 16 16 0 -2
BITMAP
0000
0000
0000
0000
0000
0000
0000
0000
FFFF
0000
0000
0000
0000
0000
0000
0000
ENDCHAR
STARTCHAR u2016
ENCODING 8214
SWIDTH 1000 0
DWIDTH 16 0
BBX 16 16 0 -2
BITMAP
0000
0280
0280
0280
0280
0280
0280
0280
0280
0280
0280
0280
0280
0280
0280
0280
ENDCHAR
STARTCHAR u2017
ENCODING 8215
SWIDTH 1000 0
DWIDTH 16 0
BBX 16 16 0 -2
BITMAP
0000
0000
0000
0000
0000
0000
0000
0000
0000
0000
0000
0000
0000
FFFE
0000
FFFE
ENDCHAR
STARTCHAR u2018
ENCODING 8216
SWIDTH 313 0
DWIDTH 5 0
BBX 5 24 0 -6
BITMAP
00
00
00
00
00
00
00
20
40
60
60
00
00
00
00
00
00
00
00
00
00
00
00
00
ENDCHAR
STARTCHAR u2019
ENCODING 8217
SWIDTH 313 0
DWIDTH 5 0
BBX 5 24 0 -6
BITMAP
00
00
00
00
00
00
00
60
60
20
40
00
00
00
00
00
00
00
00
00
00
00
00
00
ENDCHAR
STARTCHAR u201A
ENCODING 8218
SWIDTH 313 0
DWIDTH 5 0
BBX 5 24 0 -6
BITMAP
00
00
00
00
00
00
00
00
00
00
00
00
00
00
00
00
60
60
20
40
00
00
00
00
ENDCHAR
STARTCHAR u201B
ENCODING 8219
SWIDTH 313 0
DWIDTH 5 0
BBX 5 24 0 -6
BITMAP
00
00
00
00
00
00
00
60
60
40
20
00
00
00
00
00
00
00
00
00
00
00
00
00
ENDCHAR
STARTCHAR u201C
ENCODING 8220
SWIDTH 500 0
DWIDTH 8 0
BBX 8 24 0 -6
BITMAP
00
00
00
00
00
00
00
24
48
6C
6C
00
00
00
00
00
00
00
00
00
00
00
00
00
ENDCHAR
STARTCHAR u201D
ENCODING 8221
SWIDTH 500 0
DWIDTH 8 0
BBX 8 24 0 -6
BITMAP
00
00
00
00
00
00
00
6C
6C
24
48
00
00
00
00
00
00
00
00
00
00
00
00
00
ENDCHAR
STARTCHAR u201E
ENCODING 8222
SWIDTH 500 0
DWIDTH 8 0
BBX 8 24 0 -6
BITMAP
00
00
00
00
00
00
00
00
00
00
00
00
00
00
00
00
6C
6C
24
48
00
00
00
00
ENDCHAR
STARTCHAR u201F
ENCODING 8223
SWIDTH 500 0
DWIDTH 8 0
BBX 8 24 0 -6
BITMAP
00
00
00
00
00
00
00
6C
6C
48
24
00
00
00
00
00
00
00
00
00
00
00
00
00
ENDCHAR
STARTCHAR u2020
ENCODING 8224
SWIDTH 1000 0
DWIDTH 16 0
BBX 16 16 0 -2
BITMAP
0000
0100
0100
0100
0100
1FF0
0100
0100
0100
0100
0100
0100
0100
0100
0100
0100
ENDCHAR
STARTCHAR u2021
ENCODING 8225
SWIDTH 1000 0
DWIDTH 16 0
BBX 16 16 0 -2
BITMAP
0000
0100
0100
0100
1FF0
0100
0100
0100
0100
0100
0100
0100
1FF0
0100
0100
0100
ENDCHAR
STARTCHAR u2022
ENCODING 8226
SWIDTH 1000 0
DWIDTH 16 0
BBX 16 16 0 -2
BITMAP
0000
0000
0000
0000
0000
0000
0380
07C0
07C0
07C0
0380
0000
0000
0000
0000
0000
ENDCHAR
STARTCHAR u2023
ENCODING 8227
SWIDTH 1000 0
DWIDTH 16 0
BBX 16 16 0 -2
BITMAP
0000
0000
0000
0000
0000
0600
0700
0780
07C0
0780
0700
0600
0000
0000
0000
0000
ENDCHAR
STARTCHAR u2024
ENCODING 8228
SWIDTH 313 0
DWIDTH 5 0
BBX 5 24 0 -6
BITMAP
00
00
00
00
00
00
00
00
00
00
00
00
00
00
00
00
60
60
00
00
00
00
00
00
ENDCHAR
STARTCHAR u2025
ENCODING 8229
SWIDTH 500 0
DWIDTH 8 0
BBX 8 24 0 -6
BITMAP
00
00
00
00
00
00
00
00
00
00
00
00
00
00
00
00
6C
6C
00
00
00
00
00
00
ENDCHAR
STARTCHAR u2026
ENCODING 8230
SWIDTH 688 0
DWIDTH 11 0
BBX 11 24 0 -6
BITMAP
0000
0000
0000
0000
0000
0000
0000
0000
0000
0000
0000
0000
0000
0000
0000
0000
6D80
6D80
0000
0000
0000
0000
0000
0000
ENDCHAR
STARTCHAR u2027
ENCODING 8231
SWIDTH 313 0
DWIDTH 5 0
BBX 5 24 0 -6
BITMAP
00
00
00
00
00
00
00
00
00
00
00
00
60
60
00
00
00
00
00
00
00
00
00
00
ENDCHAR
STARTCHAR u2030
ENCODING 8240
SWIDTH 1000 0
DWIDTH 16 0
BBX 16 16 0 -2
BITMAP
0000
0000
0000
1840
2480
2480
1900
0100
0200
0400
04D8
0924
0924
10D8
0000
0000
ENDCHAR
STARTCHAR u2031
ENCODING 8241
SWIDTH 1000 0
DWIDTH 16 0
BBX 16 16 0 -2
BITMAP
0000
0000
0000
6100
9200
9200
6400
0400
0800
1000
136C
2492
2492
436C
0000
0000
ENDCHAR
STARTCHAR u2032
ENCODING 8242
SWIDTH 313 0
DWIDTH 5 0
BBX 5 24 0 -6
BITMAP
00
00
00
00
00
00
00
20
20
40
40
00
00
00
00
00
00
00
00
00
00
00
00
00
ENDCHAR
STARTCHAR u2033
ENCODING 8243
SWIDTH 438 0
DWIDTH 7 0
BBX 7 24 0 -6
BITMAP
00
00
00
00
00
00
00
28
28
50
50
00
00
00
00
00
00
00
00
00
00
00
00
00
ENDCHAR
STARTCHAR u2034
ENCODING 8244
SWIDTH 563 0
DWIDTH 9 0
BBX 9 24 0 -6
BITMAP
0000
0000
0000
0000
0000
0000
0000
2A00
2A00
5400
5400
0000
0000
0000
0000
0000
0000
0000
0000
0000
0000
0000
0000
0000
ENDCHAR
STARTCHAR u2035
ENCODING 8245
SWIDTH 313 0
DWIDTH 5 0
BBX 5 24 0 -6
BITMAP
00
00
00
00
00
00
00
40
40
20
20
00
00
00
00
00
00
00
00
00
00
00
00
00
ENDCHAR
STARTCHAR u2036
ENCODING 8246
SWIDTH 438 0
DWIDTH 7 0
BBX 7 24 0 -6
BITMAP
00
00
00
00
00
00
00
50
50
28
28
00
00
00
00
00
00
00
00
00
00
00
00
00
ENDCHAR
STARTCHAR u2037
ENCODING 8247
SWIDTH 563 0
DWIDTH 9 0
BBX 9 24 0 -6
BITMAP
0000
0000
0000
0000
0000
0000
0000
5400
5400
2A00
2A00
0000
0000
0000
0000
0000
0000
0000
0000
0000
0000
0000
0000
0000
ENDCHAR
STARTCHAR u203B
ENCODING 8251
SWIDTH 1000 0
DWIDTH 16 0
BBX 16 16 0 -2
BITMAP
0000
0000
4104
2388
1110
0820
0440
2288
711C
2288
0440
0820
1110
2388
4104
0000
ENDCHAR
STARTCHAR u203E
ENCODING 8254
SWIDTH 500 0
DWIDTH 8 0
BBX 8 16 0 -2
BITMAP
00
FE
00
00
00
00
00
00
00
00
00
00
00
00
00
00
ENDCHAR
STARTCHAR u2043
ENCODING 8259
SWIDTH 1000 0
DWIDTH 16 0
BBX 16 16 0 -2
BITMAP
0000
0000
0000
0000
0000
0000
0000
07C0
07C0
07C0
0000
0000
0000
0000
0000
0000
ENDCHAR
STARTCHAR u204B
ENCODING 8267
SWIDTH 500 0
DWIDTH 8 0
BBX 8 24 0 -6
BITMAP
00
00
00
00
00
00
00
F0
BC
BE
BE
BE
BE
BC
B0
A0
A0
A0
A0
A0
A0
00
00
00
ENDCHAR
STARTCHAR u204C
ENCODING 8268
SWIDTH 500 0
DWIDTH 8 0
BBX 8 24 0 -6
BITMAP
00
00
00
00
00
00
00
00
00
00
1E
7A
FA
FA
FA
FA
7A
1E
00
00
00
00
00
00
ENDCHAR
STARTCHAR u204D
ENCODING 8269
SWIDTH 500 0
DWIDTH 8 0
BBX 8 24 0 -6
BITMAP
00
00
00
00
00
00
00
00
00
00
F0
BC
BE
BE
BE
BE
BC
F0
00
00
00
00
00
00
ENDCHAR
STARTCHAR u2057
ENCODING 8279
SWIDTH 688 0
DWIDTH 11 0
BBX 11 24 0 -6
BITMAP
0000
0000
0000
0000
0000
0000
0000
2A80
2A80
5500
5500
0000
0000
0000
0000
0000
0000
0000
0000
0000
0000
0000
0000
0000
ENDCHAR
STARTCHAR u2070
ENCODING 8304
SWIDTH 375 0
DWIDTH 6 0
BBX 6 24 0 -6
BITMAP
00
00
00
00
00
70
88
98
A8
C8
88
70
00
00
00
00
00
00
00
00
00
00
00
00
ENDCHAR
STARTCHAR u2071
ENCODING 8305
SWIDTH 250 0
DWIDTH 4 0
BBX 4 24 0 -6
BITMAP
00
00
00
00
00
40
00
C0
40
40
40
E0
00
00
00
00
00
00
00
00
00
00
00
00
ENDCHAR
STARTCHAR u2074
ENCODING 8308
SWIDTH 375 0
DWIDTH 6 0
BBX 6 24 0 -6
BITMAP
00
00
00
00
00
30
50
50
90
90
F8
10
00
00
00
00
00
00
00
00
00
00
00
00
ENDCHAR
STARTCHAR u2075
ENCODING 8309
SWIDTH 375 0
DWIDTH 6 0
BBX 6 24 0 -6
BITMAP
00
00
00
00
00
F8
80
80
F0
08
88
70
00
00
00
00
00
00
00
00
00
00
00
00
ENDCHAR
STARTCHAR u2076
ENCODING 8310
SWIDTH 375 0
DWIDTH 6 0
BBX 6 24 0 -6
BITMAP
00
00
00
00
00
70
88
80
F0
88
88
70
00
00
00
00
00
00
00
00
00
00
00
00
ENDCHAR
STARTCHAR u2077
ENCODING 8311
SWIDTH 375 0
DWIDTH 6 0
BBX 6 24 0 -6
BITMAP
00
00
00
00
00
F8
08
10
10
20
20
20
00
00
00
00
00
00
00
00
00
00
00
00
ENDCHAR
STARTCHAR u2078
ENCODING 8312
SWIDTH 375 0
DWIDTH 6 0
BBX 6 24 0 -6
BITMAP
00
00
00
00
00
70
88
88
70
88
88
70
00
00
00
00
00
00
00
00
00
00
00
00
ENDCHAR
STARTCHAR u2079
ENCODING 8313
SWIDTH 375 0
DWIDTH 6 0
BBX 6 24 0 -6
BITMAP
00
00
00
00
00
70
88
88
78
08
88
70
00
00
00
00
00
00
00
00
00
00
00
00
ENDCHAR
STARTCHAR u207A
ENCODING 8314
SWIDTH 375 0
DWIDTH 6 0
BBX 6 24 0 -6
BITMAP
00
00
00
00
00
00
20
20
F8
20
20
00
00
00
00
00
00
00
00
00
00
00
00
00
ENDCHAR
STARTCHAR u207B
ENCODING 8315
SWIDTH 375 0
DWIDTH 6 0
BBX 6 24 0 -6
BITMAP
00
00
00
00
00
00
00
00
F8
00
00
00
00
00
00
00
00
00
00
00
00
00
00
00
ENDCHAR
STARTCHAR u207C
ENCODING 8316
SWIDTH 375 0
DWIDTH 6 0
BBX 6 24 0 -6
BITMAP
00
00
00
00
00
00
00
F8
00
F8
00
00
00
00
00
00
00
00
00
00
00
00
00
00
ENDCHAR
STARTCHAR u207D
ENCODING 8317
SWIDTH 188 0
DWIDTH 3 0
BBX 3 24 0 -6
BITMAP
00
00
00
00
00
40
80
80
80
80
80
40
00
00
00
00
00
00
00
00
00
00
00
00
ENDCHAR
STARTCHAR u207E
ENCODING 8318
SWIDTH 188 0
DWIDTH 3 0
BBX 3 24 0 -6
BITMAP
00
00
00
00
00
80
40
40
40
40
40
80
00
00
00
00
00
00
00
00
00
00
00
00
ENDCHAR
STARTCHAR u207F
ENCODING 8319
SWIDTH 375 0
DWIDTH 6 0
BBX 6 24 0 -6
BITMAP
00
00
00
00
00
00
00
B0
C8
88
88
88
00
00
00
00
00
00
00
00
00
00
00
00
ENDCHAR
STARTCHAR u2080
ENCODING 8320
SWIDTH 375 0
DWIDTH 6 0
BBX 6 24 0 -6
BITMAP
00
00
00
00
00
00
00
00
00
00
00
00
00
70
88
98
A8
C8
88
70
00
00
00
00
ENDCHAR
STARTCHAR u2081
ENCODING 8321
SWIDTH 375 0
DWIDTH 6 0
BBX 6 24 0 -6
BITMAP
00
00
00
00
00
00
00
00
00
00
00
00
00
20
60
20
20
20
20
70
00
00
00
00
ENDCHAR
STARTCHAR u2082
ENCODING 8322
SWIDTH 375 0
DWIDTH 6 0
BBX 6 24 0 -6
BITMAP
00
00
00
00
00
00
00
00
00
00
00
00
00
70
88
08
30
40
80
F8
00
00
00
00
ENDCHAR
STARTCHAR u2083
ENCODING 8323
SWIDTH 375 0
DWIDTH 6 0
BBX 6 24 0 -6
BITMAP
00
00
00
00
00
00
00
00
00
00
00
00
00
70
88
08
30
08
88
70
00
00
00
00
ENDCHAR
STARTCHAR u2084
ENCODING 8324
SWIDTH 375 0
DWIDTH 6 0
BBX 6 24 0 -6
BITMAP
00
00
00
00
00
00
00
00
00
00
00
00
00
30
50
50
90
90
F8
10
00
00
00
00
ENDCHAR
STARTCHAR u2085
ENCODING 8325
SWIDTH 375 0
DWIDTH 6 0
BBX 6 24 0 -6
BITMAP
00
00
00
00
00
00
00
00
00
00
00
00
00
F8
80
80
F0
08
88
70
00
00
00
00
ENDCHAR
STARTCHAR u2086
ENCODING 8326
SWIDTH 375 0
DWIDTH 6 0
BBX 6 24 0 -6
BITMAP
00
00
00
00
00
00
00
00
00
00
00
00
00
70
88
80
F0
88
88
70
00
00
00
00
ENDCHAR
STARTCHAR u2087
ENCODING 8327
SWIDTH 375 0
DWIDTH 6 0
BBX 6 24 0 -6
BITMAP
00
00
00
00
00
00
00
00
00
00
00
00
00
F8
08
10
10
20
20
20
00
00
00
00
ENDCHAR
STARTCHAR u2088
ENCODING 8328
SWIDTH 375 0
DWIDTH 6 0
BBX 6 24 0 -6
BITMAP
00
00
00
00
00
00
00
00
00
00
00
00
00
70
88
88
70
88
88
70
00
00
00
00
ENDCHAR
STARTCHAR u2089
ENCODING 8329
SWIDTH 375 0
DWIDTH 6 0
BBX 6 24 0 -6
BITMAP
00
00
00
00
00
00
00
00
00
00
00
00
00
70
88
88
78
08
88
70
00
00
00
00
ENDCHAR
STARTCHAR u208A
ENCODING 8330
SWIDTH 375 0
DWIDTH 6 0
BBX 6 24 0 -6
BITMAP
00
00
00
00
00
00
00
00
00
00
00
00
00
00
20
20
F8
20
20
00
00
00
00
00
ENDCHAR
STARTCHAR u208B
ENCODING 8331
SWIDTH 375 0
DWIDTH 6 0
BBX 6 24 0 -6
BITMAP
00
00
00
00
00
00
00
00
00
00
00
00
00
00
00
00
F8
00
00
00
00
00
00
00
ENDCHAR
STARTCHAR u208C
ENCODING 8332
SWIDTH 375 0
DWIDTH 6 0
BBX 6 24 0 -6
BITMAP
00
00
00
00
00
00
00
00
00
00
00
00
00
00
00
F8
00
F8
00
00
00
00
00
00
ENDCHAR
STARTCHAR u208D
ENCODING 8333
SWIDTH 188 0
DWIDTH 3 0
BBX 3 24 0 -6
BITMAP
00
00
00
00
00
00
00
00
00
00
00
00
00
40
80
80
80
80
80
40
00
00
00
00
ENDCHAR
STARTCHAR u208E
ENCODING 8334
SWIDTH 188 0
DWIDTH 3 0
BBX 3 24 0 -6
BITMAP
00
00
00
00
00
00
00
00
00
00
00
00
00
80
40
40
40
40
40
80
00
00
00
00
ENDCHAR
STARTCHAR u2090
ENCODING 8336
SWIDTH 375 0
DWIDTH 6 0
BBX 6 24 0 -6
BITMAP
00
00
00
00
00
00
00
00
00
00
00
00
00
00
00
70
08
78
88
78
00
00
00
00
ENDCHAR
STARTCHAR u2091
ENCODING 8337
SWIDTH 375 0
DWIDTH 6 0
BBX 6 24 0 -6
BITMAP
00
00
00
00
00
00
00
00
00
00
00
00
00
00
00
70
88
F8
80
70
00
00
00
00
ENDCHAR
STARTCHAR u2092
ENCODING 8338
SWIDTH 375 0
DWIDTH 6 0
BBX 6 24 0 -6
BITMAP
00
00
00
00
00
00
00
00
00
00
00
00
00
00
00
70
88
88
88
70
00
00
00
00
ENDCHAR
STARTCHAR u2093
ENCODING 8339
SWIDTH 375 0
DWIDTH 6 0
BBX 6 24 0 -6
BITMAP
00
00
00
00
00
00
00
00
00
00
00
00
00
00
00
88
50
20
50
88
00
00
00
00
ENDCHAR
STARTCHAR u2094
ENCODING 8340
SWIDTH 375 0
DWIDTH 6 0
BBX 6 24 0 -6
BITMAP
00
00
00
00
00
00
00
00
00
00
00
00
00
00
00
70
08
F8
88
70
00
00
00
00
ENDCHAR
STARTCHAR u2095
ENCODING 8341
SWIDTH 375 0
DWIDTH 6 0
BBX 6 24 0 -6
BITMAP
00
00
00
00
00
00
00
00
00
00
00
00
00
80
80
B0
C8
88
88
88
00
00
00
00
ENDCHAR
STARTCHAR u2096
ENCODING 8342
SWIDTH 375 0
DWIDTH 6 0
BBX 6 24 0 -6
BITMAP
00
00
00
00
00
00
00
00
00
00
00
00
00
80
80
88
B0
C0
A0
98
00
00
00
00
ENDCHAR
STARTCHAR u2097
ENCODING 8343
SWIDTH 250 0
DWIDTH 4 0
BBX 4 24 0 -6
BITMAP
00
00
00
00
00
00
00
00
00
00
00
00
00
C0
40
40
40
40
40
60
00
00
00
00
ENDCHAR
STARTCHAR u2098
ENCODING 8344
SWIDTH 500 0
DWIDTH 8 0
BBX 8 24 0 -6
BITMAP
00
00
00
00
00
00
00
00
00
00
00
00
00
00
00
EC
92
92
92
92
00
00
00
00
ENDCHAR
STARTCHAR u2099
ENCODING 8345
SWIDTH 375 0
DWIDTH 6 0
BBX 6 24 0 -6
BITMAP
00
00
00
00
00
00
00
00
00
00
00
00
00
00
00
B0
C8
88
88
88
00
00
00
00
ENDCHAR
STARTCHAR u209A
ENCODING 8346
SWIDTH 375 0
DWIDTH 6 0
BBX 6 24 0 -6
BITMAP
00
00
00
00
00
00
00
00
00
00
00
00
00
00
00
F0
88
88
88
F0
80
80
00
00
ENDCHAR
STARTCHAR u209B
ENCODING 8347
SWIDTH 375 0
DWIDTH 6 0
BBX 6 24 0 -6
BITMAP
00
00
00
00
00
00
00
00
00
00
00
00
00
00
00
78
80
70
08
F0
00
00
00
00
ENDCHAR
STARTCHAR u209C
ENCODING 8348
SWIDTH 313 0
DWIDTH 5 0
BBX 5 24 0 -6
BITMAP
00
00
00
00
00
00
00
00
00
00
00
00
00
40
40
F0
40
40
40
30
00
00
00
00
ENDCHAR
STARTCHAR u2103
ENCODING 8451
SWIDTH 813 0
DWIDTH 13 0
BBX 13 24 0 -6
BITMAP
0000
0000
0000
0000
0000
0000
6000
91E0
9210
6400
0400
0400
0400
0400
0400
0400
0210
01E0
0000
0000
0000
0000
0000
0000
ENDCHAR
STARTCHAR u2109
ENCODING 8457
SWIDTH 813 0
DWIDTH 13 0
BBX 13 24 0 -6
BITMAP
0000
0000
0000
0000
0000
0000
6000
97F0
9400
6400
0400
0400
07E0
0400
0400
0400
0400
0400
0000
0000
0000
0000
0000
0000
ENDCHAR
STARTCHAR u2116
ENCODING 8470
SWIDTH 1000 0
DWIDTH 16 0
BBX 16 16 0 -2
BITMAP
0000
0000
0000
4100
4100
6100
5100
5138
4944
4544
4544
4338
4100
417C
0000
0000
ENDCHAR
STARTCHAR u2122
ENCODING 8482
SWIDTH 1000 0
DWIDTH 16 0
BBX 16 16 0 -2
BITMAP
0000
FE82
10C6
10AA
1092
1082
1082
1082
0000
0000
0000
0000
0000
0000
0000
0000
ENDCHAR
STARTCHAR u2126
ENCODING 8486
SWIDTH 1000 0
DWIDTH 16 0
BBX 16 16 0 -2
BITMAP
0000
0000
07C0
0820
1010
2008
2008
2008
2008
2008
1010
0820
0440
0440
3C78
0000
ENDCHAR
STARTCHAR u2127
ENCODING 8487
SWIDTH 1000 0
DWIDTH 16 0
BBX 16 16 0 -2
BITMAP
0000
0000
3C78
0440
0440
0820
1010
2008
2008
2008
2008
2008
1010
0820
07C0
0000
ENDCHAR
STARTCHAR u212A
ENCODING 8490
SWIDTH 500 0
DWIDTH 8 0
BBX 8 24 0 -6
BITMAP
00
00
00
00
00
00
00
82
84
88
90
A0
C0
A0
90
88
84
82
00
00
00
00
00
00
ENDCHAR
STARTCHAR u212B
ENCODING 8491
SWIDTH 500 0
DWIDTH 8 0
BBX 8 24 0 -6
BITMAP
00
00
00
10
28
10
00
10
10
28
28
28
44
44
7C
82
82
82
00
00
00
00
00
00
ENDCHAR
STARTCHAR u212E
ENCODING 8494
SWIDTH 1000 0
DWIDTH 16 0
BBX 16 16 0 -2
BITMAP
0000
0000
0000
07C0
0820
1010
3018
3018
3FF8
3000
3000
1010
0820
07C0
0000
0000
ENDCHAR
STARTCHAR u2150
ENCODING 8528
SWIDTH 1000 0
DWIDTH 16 0
BBX 16 16 0 -2
BITMAP
0000
1002
3004
1008
1010
1020
1040
3880
0100
027C
0404
0808
1008
2010
4010
8010
ENDCHAR
STARTCHAR u2151
ENCODING 8529
SWIDTH 1000 0
DWIDTH 16 0
BBX 16 16 0 -2
BITMAP
0000
1002
3004
1008
1010
1020
1040
3880
0100
0238
0444
0844
103C
2004
4044
8038
ENDCHAR
STARTCHAR u2152
ENCODING 8530
SWIDTH 1000 0
DWIDTH 16 0
BBX 16 16 0 -2
BITMAP
0000
1002
3004
1008
1010
1020
1040
3880
0100
024C
04D2
0852
1052
2052
4052
80EC
ENDCHAR
STARTCHAR u2153
ENCODING 8531
SWIDTH 1000 0
DWIDTH 16 0
BBX 16 16 0 -2
BITMAP
0000
1002
3004
1008
1010
1020
1040
3880
0100
0238
0444
0804
1018
2004
4044
8038
ENDCHAR
STARTCHAR u2154
ENCODING 8532
SWIDTH 1000 0
DWIDTH 16 0
BBX 16 16 0 -2
BITMAP
0000
3802
4404
0408
1810
2020
4040
7C80
0100
0238
0444
0804
1018
2004
4044
8038
ENDCHAR
STARTCHAR u2155
ENCODING 8533
SWIDTH 1000 0
DWIDTH 16 0
BBX 16 16 0 -2
BITMAP
0000
1002
3004
1008
1010
1020
1040
3880
0100
027C
0440
0840
1078
2004
4044
8038
ENDCHAR
STARTCHAR u2156
ENCODING 8534
SWIDTH 1000 0
DWIDTH 16 0
BBX 16 16 0 -2
BITMAP
0000
3802
4404
0408
1810
2020
4040
7C80
0100
027C
0440
0840
1078
2004
4044
8038
ENDCHAR
STARTCHAR u2157
ENCODING 8535
SWIDTH 1000 0
DWIDTH 16 0
BBX 16 16 0 -2
BITMAP
0000
3802
4404
0408
1810
0420
4440
3880
0100
027C
0440
0840
1078
2004
4044
8038
ENDCHAR
STARTCHAR u2158
ENCODING 8536
SWIDTH 1000 0
DWIDTH 16 0
BBX 16 16 0 -2
BITMAP
0000
1802
2804
2808
4810
4820
7C40
0880
0100
027C
0440
0840
1078
2004
4044
8038
ENDCHAR
STARTCHAR u2159
ENCODING 8537
SWIDTH 1000 0
DWIDTH 16 0
BBX 16 16 0 -2
BITMAP
0000
1002
3004
1008
1010
1020
1040
3880
0100
0238
0444
0840
1078
2044
4044
8038
ENDCHAR
STARTCHAR u215A
ENCODING 8538
SWIDTH 1000 0
DWIDTH 16 0
BBX 16 16 0 -2
BITMAP
0000
7C02
4004
4008
7810
0420
4440
3880
0100
0238
0444
0840
1078
2044
4044
8038
ENDCHAR
STARTCHAR u215B
ENCODING 8539
SWIDTH 1000 0
DWIDTH 16 0
BBX 16 16 0 -2
BITMAP
0000
1002
3004
1008
1010
1020
1040
3880
0100
0238
0444
0844
1038
2044
4044
8038
ENDCHAR
STARTCHAR u215C
ENCODING 8540
SWIDTH 1000 0
DWIDTH 16 0
BBX 16 16 0 -2
BITMAP
0000
3802
4404
0408
1810
0420
4440
3880
0100
0238
0444
0844
1038
2044
4044
8038
ENDCHAR
STARTCHAR u215D
ENCODING 8541
SWIDTH 1000 0
DWIDTH 16 0
BBX 16 16 0 -2
BITMAP
0000
7C02
4004
4008
7810
0420
4440
3880
0100
0238
0444
0844
1038
2044
4044
8038
ENDCHAR
STARTCHAR u215E
ENCODING 8542
SWIDTH 1000 0
DWIDTH 16 0
BBX 16 16 0 -2
BITMAP
0000
7C02
0404
0808
0810
1020
1040
1080
0100
0238
0444
0844
1038
2044
4044
8038
ENDCHAR
STARTCHAR u215F
ENCODING 8543
SWIDTH 1000 0
DWIDTH 16 0
BBX 16 16 0 -2
BITMAP
0000
1002
3004
1008
1010
1020
1040
3880
0100
0200
0400
0800
1000
2000
4000
8000
ENDCHAR
STARTCHAR u2160
ENCODING 8544
SWIDTH 1000 0
DWIDTH 16 0
BBX 16 16 0 -2
BITMAP
0000
0000
0000
0380
0100
0100
0100
0100
0100
0100
0100
0100
0100
0380
0000
0000
ENDCHAR
STARTCHAR u2161
ENCODING 8545
SWIDTH 1000 0
DWIDTH 16 0
BBX 16 16 0 -2
BITMAP
0000
0000
0000
0EE0
0440
0440
0440
0440
0440
0440
0440
0440
0440
0EE0
0000
0000
ENDCHAR
STARTCHAR u2162
ENCODING 8546
SWIDTH 1000 0
DWIDTH 16 0
BBX 16 16 0 -2
BITMAP
0000
0000
0000
3BB8
1110
1110
1110
1110
1110
1110
1110
1110
1110
3BB8
0000
0000
ENDCHAR
STARTCHAR u2163
ENCODING 8547
SWIDTH 1000 0
DWIDTH 16 0
BBX 16 16 0 -2
BITMAP
0000
0000
0000
771C
2208
2208
2110
2110
2110
20A0
20A0
20A0
2040
7040
0000
0000
ENDCHAR
STARTCHAR u2164
ENCODING 8548
SWIDTH 1000 0
DWIDTH 16 0
BBX 16 16 0 -2
BITMAP
0000
0000
0000
1C70
0820
0820
0440
0440
0440
0280
0280
0280
0100
0100
0000
0000
ENDCHAR
STARTCHAR u2165
ENCODING 8549
SWIDTH 1000 0
DWIDTH 16 0
BBX 16 16 0 -2
BITMAP
0000
0000
0000
71DC
2088
2088
1108
1108
1108
0A08
0A08
0A08
0408
041C
0000
0000
ENDCHAR
STARTCHAR u2166
ENCODING 8550
SWIDTH 1000 0
DWIDTH 16 0
BBX 16 16 0 -2
BITMAP
0000
0000
0000
71FC
20A8
20A8
1128
1128
1128
0A28
0A28
0A28
0428
047C
0000
0000
ENDCHAR
STARTCHAR u2167
ENCODING 8551
SWIDTH 1000 0
DWIDTH 16 0
BBX 16 16 0 -2
BITMAP
0000
0000
0000
E3FE
4154
4154
2254
2254
2254
1454
1454
1454
0854
08FE
0000
0000
ENDCHAR
STARTCHAR u2168
ENCODING 8552
SWIDTH 1000 0
DWIDTH 16 0
BBX 16 16 0 -2
BITMAP
0000
0000
0000
771C
2208
2110
2110
20A0
2040
20A0
2110
2110
2208
771C
0000
0000
ENDCHAR
STARTCHAR u2169
ENCODING 8553
SWIDTH 1000 0
DWIDTH 16 0
BBX 16 16 0 -2
BITMAP
0000
0000
0000
1C70
0820
0440
0440
0280
0100
0280
0440
0440
0820
1C70
0000
0000
ENDCHAR
STARTCHAR u216A
ENCODING 8554
SWIDTH 1000 0
DWIDTH 16 0
BBX 16 16 0 -2
BITMAP
0000
0000
0000
71DC
2088
1108
1108
0A08
0408
0A08
1108
1108
2088
71DC
0000
0000
ENDCHAR
STARTCHAR u216B
ENCODING 8555
SWIDTH 1000 0
DWIDTH 16 0
BBX 16 16 0 -2
BITMAP
0000
0000
0000
71FC
20A8
1128
1128
0A28
0428
0A28
1128
1128
20A8
71FC
0000
0000
ENDCHAR
STARTCHAR u216C
ENCODING 8556
SWIDTH 1000 0
DWIDTH 16 0
BBX 16 16 0 -2
BITMAP
0000
0000
0000
0400
0400
0400
0400
0400
0400
0400
0400
0400
0400
07E0
0000
0000
ENDCHAR
STARTCHAR u216D
ENCODING 8557
SWIDTH 1000 0
DWIDTH 16 0
BBX 16 16 0 -2
BITMAP
0000
0000
0000
03C0
0420
0800
0800
0800
0800
0800
0800
0800
0420
03C0
0000
0000
ENDCHAR
STARTCHAR u216E
ENCODING 8558
SWIDTH 1000 0
DWIDTH 16 0
BBX 16 16 0 -2
BITMAP
0000
0000
0000
0F80
0840
0820
0820
0820
0820
0820
0820
0820
0840
0F80
0000
0000
ENDCHAR
STARTCHAR u216F
ENCODING 8559
SWIDTH 1000 0
DWIDTH 16 0
BBX 16 16 0 -2
BITMAP
0000
0000
0000
1010
1010
1830
1830
1450
1450
1290
1290
1110
1110
1110
0000
0000
ENDCHAR
STARTCHAR u2170
ENCODING 8560
SWIDTH 1000 0
DWIDTH 16 0
BBX 16 16 0 -2
BITMAP
0000
0000
0000
0100
0000
0000
0300
0100
0100
0100
0100
0100
0100
0380
0000
0000
ENDCHAR
STARTCHAR u2171
ENCODING 8561
SWIDTH 1000 0
DWIDTH 16 0
BBX 16 16 0 -2
BITMAP
0000
0000
0000
0440
0000
0000
0CC0
0440
0440
0440
0440
0440
0440
0EE0
0000
0000
ENDCHAR
STARTCHAR u2172
ENCODING 8562
SWIDTH 1000 0
DWIDTH 16 0
BBX 16 16 0 -2
BITMAP
0000
0000
0000
1110
0000
0000
3330
1110
1110
1110
1110
1110
1110
3BB8
0000
0000
ENDCHAR
STARTCHAR u2173
ENCODING 8563
SWIDTH 1000 0
DWIDTH 16 0
BBX 16 16 0 -2
BITMAP
0000
0000
0000
1000
0000
0000
371C
1208
1110
1110
10A0
10A0
1040
3840
0000
0000
ENDCHAR
STARTCHAR u2174
ENCODING 8564
SWIDTH 1000 0
DWIDTH 16 0
BBX 16 16 0 -2
BITMAP
0000
0000
0000
0000
0000
0000
1C70
0820
0440
0440
0280
0280
0100
0100
0000
0000
ENDCHAR
STARTCHAR u2175
ENCODING 8565
SWIDTH 1000 0
DWIDTH 16 0
BBX 16 16 0 -2
BITMAP
0000
0000
0000
0008
0000
0000
71D8
2088
1108
1108
0A08
0A08
0408
041C
0000
0000
ENDCHAR
STARTCHAR u2176
ENCODING 8566
SWIDTH 1000 0
DWIDTH 16 0
BBX 16 16 0 -2
BITMAP
0000
0000
0000
0028
0000
0000
71F8
20A8
1128
1128
0A28
0A28
0428
047C
0000
0000
ENDCHAR
STARTCHAR u2177
ENCODING 8567
SWIDTH 1000 0
DWIDTH 16 0
BBX 16 16 0 -2
BITMAP
0000
0000
0000
0054
0000
0000
E3FC
4154
2254
2254
1454
1454
0854
08FE
0000
0000
ENDCHAR
STARTCHAR u2178
ENCODING 8568
SWIDTH 1000 0
DWIDTH 16 0
BBX 16 16 0 -2
BITMAP
0000
0000
0000
1000
0000
0000
33B8
1110
10A0
1040
1040
10A0
1110
3BB8
0000
0000
ENDCHAR
STARTCHAR u2179
ENCODING 8569
SWIDTH 1000 0
DWIDTH 16 0
BBX 16 16 0 -2
BITMAP
0000
0000
0000
0000
0000
0000
0EE0
0440
0280
0100
0100
0280
0440
0EE0
0000
0000
ENDCHAR
STARTCHAR u217A
ENCODING 8570
SWIDTH 1000 0
DWIDTH 16 0
BBX 16 16 0 -2
BITMAP
0000
0000
0000
0010
0000
0000
3BB0
1110
0A10
0410
0410
0A10
1110
3BB8
0000
0000
ENDCHAR
STARTCHAR u217B
ENCODING 8571
SWIDTH 1000 0
DWIDTH 16 0
BBX 16 16 0 -2
BITMAP
0000
0000
0000
0028
0000
0000
7778
2228
1428
0828
0828
1428
2228
777C
0000
0000
ENDCHAR
STARTCHAR u217C
ENCODING 8572
SWIDTH 1000 0
DWIDTH 16 0
BBX 16 16 0 -2
BITMAP
0000
0000
0000
0300
0100
0100
0100
0100
0100
0100
0100
0100
0100
0180
0000
0000
ENDCHAR
STARTCHAR u217D
ENCODING 8573
SWIDTH 1000 0
DWIDTH 16 0
BBX 16 16 0 -2
BITMAP
0000
0000
0000
0000
0000
0000
03C0
0420
0400
0400
0400
0400
0420
03C0
0000
0000
ENDCHAR
STARTCHAR u217E
ENCODING 8574
SWIDTH 1000 0
DWIDTH 16 0
BBX 16 16 0 -2
BITMAP
0000
0000
0000
0020
0020
0020
03E0
0420
0420
0420
0420
0420
0420
03E0
0000
0000
ENDCHAR
STARTCHAR u217F
ENCODING 8575
SWIDTH 1000 0
DWIDTH 16 0
BBX 16 16 0 -2
BITMAP
0000
0000
0000
0000
0000
0000
16E0
1910
1110
1110
1110
1110
1110
1110
0000
0000
ENDCHAR
STARTCHAR u2180
ENCODING 8576
SWIDTH 1000 0
DWIDTH 16 0
BBX 16 16 0 -2
BITMAP
0000
0000
0000
1FF0
2108
4104
4104
4104
4104
4104
4104
4104
2108
1FF0
0000
0000
ENDCHAR
STARTCHAR u2181
ENCODING 8577
SWIDTH 1000 0
DWIDTH 16 0
BBX 16 16 0 -2
BITMAP
0000
0000
0000
0F80
0840
0820
0E20
0920
0920
0920
0E20
0820
0840
0F80
0000
0000
ENDCHAR
STARTCHAR u2182
ENCODING 8578
SWIDTH 1000 0
DWIDTH 16 0
BBX 16 16 0 -2
BITMAP
0000
0000
0000
1FF0
2108
4104
47C4
4924
4924
4924
47C4
4104
2108
1FF0
0000
0000
ENDCHAR
STARTCHAR u2183
ENCODING 8579
SWIDTH 1000 0
DWIDTH 16 0
BBX 16 16 0 -2
BITMAP
0000
0000
0000
0780
0840
0020
0020
0020
0020
0020
0020
0020
0840
0780
0000
0000
ENDCHAR
STARTCHAR u2184
ENCODING 8580
SWIDTH 1000 0
DWIDTH 16 0
BBX 16 16 0 -2
BITMAP
0000
0000
0000
0000
0000
0000
03C0
0420
0020
0020
0020
0020
0420
03C0
0000
0000
ENDCHAR
STARTCHAR u2185
ENCODING 8581
SWIDTH 1000 0
DWIDTH 16 0
BBX 16 16 0 -2
BITMAP
0000
0000
0000
03C0
0420
0800
0800
0800
0800
0800
0800
0820
0460
03A0
0020
0000
ENDCHAR
STARTCHAR u2186
ENCODING 8582
SWIDTH 1000 0
DWIDTH 16 0
BBX 16 16 0 -2
BITMAP
0000
0000
0000
0100
0100
0100
0100
0100
0100
1110
0920
0540
0380
0100
0000
0000
ENDCHAR
STARTCHAR u2187
ENCODING 8583
SWIDTH 1000 0
DWIDTH 16 0
BBX 16 16 0 -2
BITMAP
0000
0000
0000
0F80
0840
0E20
0920
0CA0
0AA0
0CA0
0920
0E20
0840
0F80
0000
0000
ENDCHAR
STARTCHAR u2188
ENCODING 8584
SWIDTH 1000 0
DWIDTH 16 0
BBX 16 16 0 -2
BITMAP
0000
0000
0000
1FF0
2108
47C4
4924
5394
5554
5394
4924
47C4
2108
1FF0
0000
0000
ENDCHAR
STARTCHAR u2189
ENCODING 8585
SWIDTH 1000 0
DWIDTH 16 0
BBX 16 16 0 -2
BITMAP
0000
3802
4404
4C08
5410
6420
4440
3880
0100
0238
0444
0804
1018
2004
4044
8038
ENDCHAR
STARTCHAR u218A
ENCODING 8586
SWIDTH 1000 0
DWIDTH 16 0
BBX 16 16 0 -2
BITMAP
0000
0000
0000
07E0
0020
0040
0080
0100
0200
0400
0400
0400
0420
03C0
0000
0000
ENDCHAR
STARTCHAR u218B
ENCODING 8587
SWIDTH 1000 0
DWIDTH 16 0
BBX 16 16 0 -2
BITMAP
0000
0000
0000
03C0
0420
0400
0400
0400
0380
0400
0400
0400
0420
03C0
0000
0000
ENDCHAR
STARTCHAR u2190
ENCODING 8592
SWIDTH 1000 0
DWIDTH 16 0
BBX 16 16 0 -2
BITMAP
0000
0000
0000
0000
0000
0800
1000
2000
7FFC
2000
1000
0800
0000
0000
0000
0000
ENDCHAR
STARTCHAR u2191
ENCODING 8593
SWIDTH 1000 0
DWIDTH 16 0
BBX 16 16 0 -2
BITMAP
0000
0000
0100
0380
0540
0920
0100
0100
0100
0100
0100
0100
0100
0100
0100
0000
ENDCHAR
STARTCHAR u2192
ENCODING 8594
SWIDTH 1000 0
DWIDTH 16 0
BBX 16 16 0 -2
BITMAP
0000
0000
0000
0000
0000
0020
0010
0008
7FFC
0008
0010
0020
0000
0000
0000
0000
ENDCHAR
STARTCHAR u2193
ENCODING 8595
SWIDTH 1000 0
DWIDTH 16 0
BBX 16 16 0 -2
BITMAP
0000
0000
0100
0100
0100
0100
0100
0100
0100
0100
0100
0920
0540
0380
0100
0000
ENDCHAR
STARTCHAR u2194
ENCODING 8596
SWIDTH 1000 0
DWIDTH 16 0
BBX 16 16 0 -2
BITMAP
0000
0000
0000
0000
0000
1010
2008
4004
FFFE
4004
2008
1010
0000
0000
0000
0000
ENDCHAR
STARTCHAR u2195
ENCODING 8597
SWIDTH 1000 0
DWIDTH 16 0
BBX 16 16 0 -2
BITMAP
0000
0100
0380
0540
0920
0100
0100
0100
0100
0100
0100
0100
0920
0540
0380
0100
ENDCHAR
STARTCHAR u2196
ENCODING 8598
SWIDTH 1000 0
DWIDTH 16 0
BBX 16 16 0 -2
BITMAP
0000
0000
0000
3F00
3000
2800
2400
2200
2100
0080
0040
0020
0010
0008
0000
0000
ENDCHAR
STARTCHAR u2197
ENCODING 8599
SWIDTH 1000 0
DWIDTH 16 0
BBX 16 16 0 -2
BITMAP
0000
0000
0000
01F8
0018
0028
0048
0088
0108
0200
0400
0800
1000
2000
0000
0000
ENDCHAR
STARTCHAR u2198
ENCODING 8600
SWIDTH 1000 0
DWIDTH 16 0
BBX 16 16 0 -2
BITMAP
0000
0000
0000
2000
1000
0800
0400
0200
0108
0088
0048
0028
0018
01F8
0000
0000
ENDCHAR
STARTCHAR u2199
ENCODING 8601
SWIDTH 1000 0
DWIDTH 16 0
BBX 16 16 0 -2
BITMAP
0000
0000
0000
0008
0010
0020
0040
0080
2100
2200
2400
2800
3000
3F00
0000
0000
ENDCHAR
STARTCHAR u219A
ENCODING 8602
SWIDTH 1000 0
DWIDTH 16 0
BBX 16 16 0 -2
BITMAP
0000
0000
0000
0000
0010
1010
2010
4020
FFFE
4020
2040
1040
0040
0000
0000
0000
ENDCHAR
STARTCHAR u219B
ENCODING 8603
SWIDTH 1000 0
DWIDTH 16 0
BBX 16 16 0 -2
BITMAP
0000
0000
0000
0000
0400
0410
0408
0804
FFFE
0804
1008
1010
1000
0000
0000
0000
ENDCHAR
STARTCHAR u219C
ENCODING 8604
SWIDTH 1000 0
DWIDTH 16 0
BBX 16 16 0 -2
BITMAP
0000
0000
0000
0000
0000
7C00
6060
5090
4908
4604
0000
0000
0000
0000
0000
0000
ENDCHAR
STARTCHAR u219D
ENCODING 8605
SWIDTH 1000 0
DWIDTH 16 0
BBX 16 16 0 -2
BITMAP
0000
0000
0000
0000
0000
007C
0C0C
1214
2124
40C4
0000
0000
0000
0000
0000
0000
ENDCHAR
STARTCHAR u219E
ENCODING 8606
SWIDTH 1000 0
DWIDTH 16 0
BBX 16 16 0 -2
BITMAP
0000
0000
0000
0000
0000
0900
1200
2400
7FFC
2400
1200
0900
0000
0000
0000
0000
ENDCHAR
STARTCHAR u219F
ENCODING 8607
SWIDTH 1000 0
DWIDTH 16 0
BBX 16 16 0 -2
BITMAP
0000
0000
0100
0380
0540
0920
0380
0540
0920
0100
0100
0100
0100
0100
0100
0000
ENDCHAR
STARTCHAR u21A0
ENCODING 8608
SWIDTH 1000 0
DWIDTH 16 0
BBX 16 16 0 -2
BITMAP
0000
0000
0000
0000
0000
0120
0090
0048
7FFC
0048
0090
0120
0000
0000
0000
0000
ENDCHAR
STARTCHAR u21A1
ENCODING 8609
SWIDTH 1000 0
DWIDTH 16 0
BBX 16 16 0 -2
BITMAP
0000
0000
0100
0100
0100
0100
0100
0100
0920
0540
0380
0920
0540
0380
0100
0000
ENDCHAR
STARTCHAR u21A2
ENCODING 8610
SWIDTH 1000 0
DWIDTH 16 0
BBX 16 16 0 -2
BITMAP
0000
0000
0000
0000
0000
0804
1008
2010
7FE0
2010
1008
0804
0000
0000
0000
0000
ENDCHAR
STARTCHAR u21A3
ENCODING 8611
SWIDTH 1000 0
DWIDTH 16 0
BBX 16 16 0 -2
BITMAP
0000
0000
0000
0000
0000
4020
2010
1008
0FFC
1008
2010
4020
0000
0000
0000
0000
ENDCHAR
STARTCHAR u21A4
ENCODING 8612
SWIDTH 1000 0
DWIDTH 16 0
BBX 16 16 0 -2
BITMAP
0000
0000
0000
0000
0000
0804
1004
2004
7FFC
2004
1004
0804
0000
0000
0000
0000
ENDCHAR
STARTCHAR u21A5
ENCODING 8613
SWIDTH 1000 0
DWIDTH 16 0
BBX 16 16 0 -2
BITMAP
0000
0000
0100
0380
0540
0920
0100
0100
0100
0100
0100
0100
0100
0100
0FE0
0000
ENDCHAR
STARTCHAR u21A6
ENCODING 8614
SWIDTH 1000 0
DWIDTH 16 0
BBX 16 16 0 -2
BITMAP
0000
0000
0000
0000
0000
4020
4010
4008
7FFC
4008
4010
4020
0000
0000
0000
0000
ENDCHAR
STARTCHAR u21A7
ENCODING 8615
SWIDTH 1000 0
DWIDTH 16 0
BBX 16 16 0 -2
BITMAP
0000
0000
0FE0
0100
0100
0100
0100
0100
0100
0100
0100
0920
0540
0380
0100
0000
ENDCHAR
STARTCHAR u21A8
ENCODING 8616
SWIDTH 1000 0
DWIDTH 16 0
BBX 16 16 0 -2
BITMAP
0000
0100
0380
0540
0920
0100
0100
0100
0100
0100
0920
0540
0380
0100
0000
0FE0
ENDCHAR
STARTCHAR u21A9
ENCODING 8617
SWIDTH 1000 0
DWIDTH 16 0
BBX 16 16 0 -2
BITMAP
0000
0000
0FC0
0020
0010
0008
0008
0008
0008
0408
0810
1020
3FC0
1000
0800
0400
ENDCHAR
STARTCHAR u21AA
ENCODING 8618
SWIDTH 1000 0
DWIDTH 16 0
BBX 16 16 0 -2
BITMAP
0000
0000
07E0
0800
1000
2000
2000
2000
2000
2040
1020
0810
07F8
0010
0020
0040
ENDCHAR
STARTCHAR u21AB
ENCODING 8619
SWIDTH 1000 0
DWIDTH 16 0
BBX 16 16 0 -2
BITMAP
0000
0000
0000
0000
0038
0844
1044
2044
7FF8
2040
1040
0840
0000
0000
0000
0000
ENDCHAR
STARTCHAR u21AC
ENCODING 8620
SWIDTH 1000 0
DWIDTH 16 0
BBX 16 16 0 -2
BITMAP
0000
0000
0000
0000
3800
4420
4410
4408
3FFC
0408
0410
0420
0000
0000
0000
0000
ENDCHAR
STARTCHAR u21AD
ENCODING 8621
SWIDTH 1000 0
DWIDTH 16 0
BBX 16 16 0 -2
BITMAP
0000
0000
0000
0000
0000
1010
2008
4104
FABE
4444
2008
1010
0000
0000
0000
0000
ENDCHAR
STARTCHAR u21AE
ENCODING 8622
SWIDTH 1000 0
DWIDTH 16 0
BBX 16 16 0 -2
BITMAP
0000
0000
0000
0000
0080
1090
2088
4104
FFFE
4104
2208
1210
0200
0000
0000
0000
ENDCHAR
STARTCHAR u21AF
ENCODING 8623
SWIDTH 1000 0
DWIDTH 16 0
BBX 16 16 0 -2
BITMAP
0000
0000
0800
0800
0880
0980
0A80
0C80
0880
0080
0080
0490
02A0
01C0
0080
0000
ENDCHAR
STARTCHAR u21B0
ENCODING 8624
SWIDTH 1000 0
DWIDTH 16 0
BBX 16 16 0 -2
BITMAP
0000
1000
2000
4000
FFFC
4004
2004
1004
0004
0004
0004
0004
0004
0004
0004
0004
ENDCHAR
STARTCHAR u21B1
ENCODING 8625
SWIDTH 1000 0
DWIDTH 16 0
BBX 16 16 0 -2
BITMAP
0000
0010
0008
0004
7FFE
4004
4008
4010
4000
4000
4000
4000
4000
4000
4000
4000
ENDCHAR
STARTCHAR u21B2
ENCODING 8626
SWIDTH 1000 0
DWIDTH 16 0
BBX 16 16 0 -2
BITMAP
0000
0004
0004
0004
0004
0004
0004
0004
0004
1004
2004
4004
FFFC
4000
2000
1000
ENDCHAR
STARTCHAR u21B3
ENCODING 8627
SWIDTH 1000 0
DWIDTH 16 0
BBX 16 16 0 -2
BITMAP
0000
4000
4000
4000
4000
4000
4000
4000
4000
4010
4008
4004
7FFE
0004
0008
0010
ENDCHAR
STARTCHAR u21B4
ENCODING 8628
SWIDTH 1000 0
DWIDTH 16 0
BBX 16 16 0 -2
BITMAP
0000
0000
0000
0000
FFF0
0010
0010
0010
0010
0092
0054
0038
0010
0000
0000
0000
ENDCHAR
STARTCHAR u21B5
ENCODING 8629
SWIDTH 1000 0
DWIDTH 16 0
BBX 16 16 0 -2
BITMAP
0000
0000
0000
0000
0002
0002
1002
2002
4002
FFFE
4000
2000
1000
0000
0000
0000
ENDCHAR
STARTCHAR u21B6
ENCODING 8630
SWIDTH 1000 0
DWIDTH 16 0
BBX 16 16 0 -2
BITMAP
0000
0000
0000
03E0
0410
0808
1004
1004
1004
1004
9204
5404
3800
1000
0000
0000
ENDCHAR
STARTCHAR u21B7
ENCODING 8631
SWIDTH 1000 0
DWIDTH 16 0
BBX 16 16 0 -2
BITMAP
0000
0000
0000
0F80
1040
2020
4010
4010
4010
4010
4092
4054
0038
0010
0000
0000
ENDCHAR
STARTCHAR u21B8
ENCODING 8632
SWIDTH 1000 0
DWIDTH 16 0
BBX 16 16 0 -2
BITMAP
0000
0000
7FFC
0000
3F00
3000
2800
2400
2200
2100
0080
0040
0020
0010
0008
0000
ENDCHAR
STARTCHAR u21B9
ENCODING 8633
SWIDTH 1000 0
DWIDTH 16 0
BBX 16 16 0 -2
BITMAP
0000
0000
8800
9000
A000
FFFE
A000
9000
8822
0012
000A
FFFE
000A
0012
0022
0000
ENDCHAR
STARTCHAR u21BA
ENCODING 8634
SWIDTH 1000 0
DWIDTH 16 0
BBX 16 16 0 -2
BITMAP
0000
0000
007C
0860
1050
2048
2048
4004
4004
4004
2008
2008
1010
0C60
0380
0000
ENDCHAR
STARTCHAR u21BB
ENCODING 8635
SWIDTH 1000 0
DWIDTH 16 0
BBX 16 16 0 -2
BITMAP
0000
0000
7C00
0C20
1410
2408
2408
4004
4004
4004
2008
2008
1010
0C60
0380
0000
ENDCHAR
STARTCHAR u21BC
ENCODING 8636
SWIDTH 1000 0
DWIDTH 16 0
BBX 16 16 0 -2
BITMAP
0000
0000
0000
0000
0000
0800
1000
2000
7FFC
0000
0000
0000
0000
0000
0000
0000
ENDCHAR
STARTCHAR u21BD
ENCODING 8637
SWIDTH 1000 0
DWIDTH 16 0
BBX 16 16 0 -2
BITMAP
0000
0000
0000
0000
0000
0000
0000
0000
7FFC
2000
1000
0800
0000
0000
0000
0000
ENDCHAR
STARTCHAR u21BE
ENCODING 8638
SWIDTH 1000 0
DWIDTH 16 0
BBX 16 16 0 -2
BITMAP
0000
0000
0100
0180
0140
0120
0100
0100
0100
0100
0100
0100
0100
0100
0100
0000
ENDCHAR
STARTCHAR u21BF
ENCODING 8639
SWIDTH 1000 0
DWIDTH 16 0
BBX 16 16 0 -2
BITMAP
0000
0000
0100
0300
0500
0900
0100
0100
0100
0100
0100
0100
0100
0100
0100
0000
ENDCHAR
STARTCHAR u21C0
ENCODING 8640
SWIDTH 1000 0
DWIDTH 16 0
BBX 16 16 0 -2
BITMAP
0000
0000
0000
0000
0000
0020
0010
0008
7FFC
0000
0000
0000
0000
0000
0000
0000
ENDCHAR
STARTCHAR u21C1
ENCODING 8641
SWIDTH 1000 0
DWIDTH 16 0
BBX 16 16 0 -2
BITMAP
0000
0000
0000
0000
0000
0000
0000
0000
7FFC
0008
0010
0020
0000
0000
0000
0000
ENDCHAR
STARTCHAR u21C2
ENCODING 8642
SWIDTH 1000 0
DWIDTH 16 0
BBX 16 16 0 -2
BITMAP
0000
0000
0100
0100
0100
0100
0100
0100
0100
0100
0100
0120
0140
0180
0100
0000
ENDCHAR
STARTCHAR u21C3
ENCODING 8643
SWIDTH 1000 0
DWIDTH 16 0
BBX 16 16 0 -2
BITMAP
0000
0000
0100
0100
0100
0100
0100
0100
0100
0100
0100
0900
0500
0300
0100
0000
ENDCHAR
STARTCHAR u21C4
ENCODING 8644
SWIDTH 1000 0
DWIDTH 16 0
BBX 16 16 0 -2
BITMAP
0000
0000
0020
0010
0008
7FFC
0008
0010
0820
1000
2000
7FFC
2000
1000
0800
0000
ENDCHAR
STARTCHAR u21C5
ENCODING 8645
SWIDTH 1000 0
DWIDTH 16 0
BBX 16 16 0 -2
BITMAP
0000
0000
0820
1C20
2A20
4920
0820
0820
0820
0820
0820
0924
08A8
0870
0820
0000
ENDCHAR
STARTCHAR u21C6
ENCODING 8646
SWIDTH 1000 0
DWIDTH 16 0
BBX 16 16 0 -2
BITMAP
0000
0000
0800
1000
2000
7FFC
2000
1000
0820
0010
0008
7FFC
0008
0010
0020
0000
ENDCHAR
STARTCHAR u21C7
ENCODING 8647
SWIDTH 1000 0
DWIDTH 16 0
BBX 16 16 0 -2
BITMAP
0000
0000
0800
1000
2000
7FFC
2000
1000
0800
1000
2000
7FFC
2000
1000
0800
0000
ENDCHAR
STARTCHAR u21C8
ENCODING 8648
SWIDTH 1000 0
DWIDTH 16 0
BBX 16 16 0 -2
BITMAP
0000
0000
0820
1C70
2AA8
4924
0820
0820
0820
0820
0820
0820
0820
0820
0820
0000
ENDCHAR
STARTCHAR u21C9
ENCODING 8649
SWIDTH 1000 0
DWIDTH 16 0
BBX 16 16 0 -2
BITMAP
0000
0000
0020
0010
0008
7FFC
0008
0010
0020
0010
0008
7FFC
0008
0010
0020
0000
ENDCHAR
STARTCHAR u21CA
ENCODING 8650
SWIDTH 1000 0
DWIDTH 16 0
BBX 16 16 0 -2
BITMAP
0000
0000
0820
0820
0820
0820
0820
0820
0820
0820
0820
4924
2AA8
1C70
0820
0000
ENDCHAR
STARTCHAR u21CB
ENCODING 8651
SWIDTH 1000 0
DWIDTH 16 0
BBX 16 16 0 -2
BITMAP
0000
0000
0000
0800
1000
2000
7FFC
0000
0000
7FFC
0008
0010
0020
0000
0000
0000
ENDCHAR
STARTCHAR u21CC
ENCODING 8652
SWIDTH 1000 0
DWIDTH 16 0
BBX 16 16 0 -2
BITMAP
0000
0000
0000
0020
0010
0008
7FFC
0000
0000
7FFC
2000
1000
0800
0000
0000
0000
ENDCHAR
STARTCHAR u21CD
ENCODING 8653
SWIDTH 1000 0
DWIDTH 16 0
BBX 16 16 0 -2
BITMAP
0000
0000
0000
0000
0420
0820
1040
3FFC
4040
3FFC
1040
0880
0480
0000
0000
0000
ENDCHAR
STARTCHAR u21CE
ENCODING 8654
SWIDTH 1000 0
DWIDTH 16 0
BBX 16 16 0 -2
BITMAP
0000
0000
0000
0000
08A0
1090
2108
7FFC
8102
7FFC
2108
1210
0A20
0000
0000
0000
ENDCHAR
STARTCHAR u21CF
ENCODING 8655
SWIDTH 1000 0
DWIDTH 16 0
BBX 16 16 0 -2
BITMAP
0000
0000
0000
0000
0240
0220
0410
7FF8
0404
7FF8
0410
0820
0840
0000
0000
0000
ENDCHAR
STARTCHAR u21D0
ENCODING 8656
SWIDTH 1000 0
DWIDTH 16 0
BBX 16 16 0 -2
BITMAP
0000
0000
0000
0000
0400
0800
1000
3FFC
4000
3FFC
1000
0800
0400
0000
0000
0000
ENDCHAR
STARTCHAR u21D1
ENCODING 8657
SWIDTH 1000 0
DWIDTH 16 0
BBX 16 16 0 -2
BITMAP
0000
0000
0100
0280
06C0
0AA0
1290
0280
0280
0280
0280
0280
0280
0280
0280
0000
ENDCHAR
STARTCHAR u21D2
ENCODING 8658
SWIDTH 1000 0
DWIDTH 16 0
BBX 16 16 0 -2
BITMAP
0000
0000
0000
0000
0040
0020
0010
7FF8
0004
7FF8
0010
0020
0040
0000
0000
0000
ENDCHAR
STARTCHAR u21D3
ENCODING 8659
SWIDTH 1000 0
DWIDTH 16 0
BBX 16 16 0 -2
BITMAP
0000
0000
0280
0280
0280
0280
0280
0280
0280
0280
1290
0AA0
06C0
0280
0100
0000
ENDCHAR
STARTCHAR u21D4
ENCODING 8660
SWIDTH 1000 0
DWIDTH 16 0
BBX 16 16 0 -2
BITMAP
0000
0000
0000
0000
0820
1010
2008
7FFC
8002
7FFC
2008
1010
0820
0000
0000
0000
ENDCHAR
STARTCHAR u21D5
ENCODING 8661
SWIDTH 1000 0
DWIDTH 16 0
BBX 16 16 0 -2
BITMAP
0000
0100
0280
06C0
0AA0
1290
0280
0280
0280
0280
0280
1290
0AA0
06C0
0280
0100
ENDCHAR
STARTCHAR u21D6
ENCODING 8662
SWIDTH 1000 0
DWIDTH 16 0
BBX 16 16 0 -2
BITMAP
0000
0000
0000
3F80
2800
3400
2A00
2500
2280
2140
00A0
0050
0028
0010
0000
0000
ENDCHAR
STARTCHAR u21D7
ENCODING 8663
SWIDTH 1000 0
DWIDTH 16 0
BBX 16 16 0 -2
BITMAP
0000
0000
0000
03F8
0028
0058
00A8
0148
0288
0508
0A00
1400
2800
1000
0000
0000
ENDCHAR
STARTCHAR u21D8
ENCODING 8664
SWIDTH 1000 0
DWIDTH 16 0
BBX 16 16 0 -2
BITMAP
0000
0000
0000
1000
2800
1400
0A00
0508
0288
0148
00A8
0058
0028
03F8
0000
0000
ENDCHAR
STARTCHAR u21D9
ENCODING 8665
SWIDTH 1000 0
DWIDTH 16 0
BBX 16 16 0 -2
BITMAP
0000
0000
0000
0010
0028
0050
00A0
2140
2280
2500
2A00
3400
2800
3F80
0000
0000
ENDCHAR
STARTCHAR u21DA
ENCODING 8666
SWIDTH 1000 0
DWIDTH 16 0
BBX 16 16 0 -2
BITMAP
0000
0000
0000
0000
0400
0800
1FFC
2000
7FFC
2000
1FFC
0800
0400
0000
0000
0000
ENDCHAR
STARTCHAR u21DB
ENCODING 8667
SWIDTH 1000 0
DWIDTH 16 0
BBX 16 16 0 -2
BITMAP
0000
0000
0000
0000
0040
0020
7FF0
0008
7FFC
0008
7FF0
0020
0040
0000
0000
0000
ENDCHAR
STARTCHAR u21DC
ENCODING 8668
SWIDTH 1000 0
DWIDTH 16 0
BBX 16 16 0 -2
BITMAP
0000
0000
0000
0000
0000
0800
1000
2020
7C54
2288
1100
0800
0000
0000
0000
0000
ENDCHAR
STARTCHAR u21DD
ENCODING 8669
SWIDTH 1000 0
DWIDTH 16 0
BBX 16 16 0 -2
BITMAP
0000
0000
0000
0000
0000
0020
0010
0808
547C
2288
0110
0020
0000
0000
0000
0000
ENDCHAR
STARTCHAR u21DE
ENCODING 8670
SWIDTH 1000 0
DWIDTH 16 0
BBX 16 16 0 -2
BITMAP
0000
0000
0100
0380
0540
0920
0100
0100
0FE0
0100
0FE0
0100
0100
0100
0100
0000
ENDCHAR
STARTCHAR u21DF
ENCODING 8671
SWIDTH 1000 0
DWIDTH 16 0
BBX 16 16 0 -2
BITMAP
0000
0000
0100
0100
0100
0100
0FE0
0100
0FE0
0100
0100
0920
0540
0380
0100
0000
ENDCHAR
STARTCHAR u21E0
ENCODING 8672
SWIDTH 1000 0
DWIDTH 16 0
BBX 16 16 0 -2
BITMAP
0000
0000
0000
0000
0000
0800
1000
2000
7B6C
2000
1000
0800
0000
0000
0000
0000
ENDCHAR
STARTCHAR u21E1
ENCODING 8673
SWIDTH 1000 0
DWIDTH 16 0
BBX 16 16 0 -2
BITMAP
0000
0000
0100
0380
0540
0920
0000
0100
0100
0000
0100
0100
0000
0100
0100
0000
ENDCHAR
STARTCHAR u21E2
ENCODING 8674
SWIDTH 1000 0
DWIDTH 16 0
BBX 16 16 0 -2
BITMAP
0000
0000
0000
0000
0000
0020
0010
0008
6DBC
0008
0010
0020
0000
0000
0000
0000
ENDCHAR
STARTCHAR u21E3
ENCODING 8675
SWIDTH 1000 0
DWIDTH 16 0
BBX 16 16 0 -2
BITMAP
0000
0000
0100
0100
0000
0100
0100
0000
0100
0100
0000
0920
0540
0380
0100
0000
ENDCHAR
STARTCHAR u21E4
ENCODING 8676
SWIDTH 1000 0
DWIDTH 16 0
BBX 16 16 0 -2
BITMAP
0000
0000
0000
0000
0000
4200
4400
4800
5FFC
4800
4400
4200
0000
0000
0000
0000
ENDCHAR
STARTCHAR u21E5
ENCODING 8677
SWIDTH 1000 0
DWIDTH 16 0
BBX 16 16 0 -2
BITMAP
0000
0000
0000
0000
0000
0084
0044
0024
7FF4
0024
0044
0084
0000
0000
0000
0000
ENDCHAR
STARTCHAR u21E6
ENCODING 8678
SWIDTH 1000 0
DWIDTH 16 0
BBX 16 16 0 -2
BITMAP
0000
0000
0000
0200
0600
0A00
13FC
2004
4004
2004
13FC
0A00
0600
0200
0000
0000
ENDCHAR
STARTCHAR u21E7
ENCODING 8679
SWIDTH 1000 0
DWIDTH 16 0
BBX 16 16 0 -2
BITMAP
0000
0000
0100
0280
0440
0820
1010
3C78
0440
0440
0440
0440
0440
0440
07C0
0000
ENDCHAR
STARTCHAR u21E8
ENCODING 8680
SWIDTH 1000 0
DWIDTH 16 0
BBX 16 16 0 -2
BITMAP
0000
0000
0000
0080
00C0
00A0
7F90
4008
4004
4008
7F90
00A0
00C0
0080
0000
0000
ENDCHAR
STARTCHAR u21E9
ENCODING 8681
SWIDTH 1000 0
DWIDTH 16 0
BBX 16 16 0 -2
BITMAP
0000
0000
07C0
0440
0440
0440
0440
0440
0440
3C78
1010
0820
0440
0280
0100
0000
ENDCHAR
STARTCHAR u21EA
ENCODING 8682
SWIDTH 1000 0
DWIDTH 16 0
BBX 16 16 0 -2
BITMAP
0000
0000
0100
0280
0440
0820
1010
3C78
0440
0440
07C0
0000
07C0
0440
07C0
0000
ENDCHAR
STARTCHAR u21EB
ENCODING 8683
SWIDTH 1000 0
DWIDTH 16 0
BBX 16 16 0 -2
BITMAP
0000
0000
0100
0280
0440
0820
1010
3C78
0440
0440
0440
0440
1C70
1010
1FF0
0000
ENDCHAR
STARTCHAR u21EC
ENCODING 8684
SWIDTH 1000 0
DWIDTH 16 0
BBX 16 16 0 -2
BITMAP
0000
0000
0100
0280
07C0
0820
1010
3C78
0440
0440
0440
0440
1C70
1010
1FF0
0000
ENDCHAR
STARTCHAR u21ED
ENCODING 8685
SWIDTH 1000 0
DWIDTH 16 0
BBX 16 16 0 -2
BITMAP
0000
0000
0100
0380
0540
0920
1110
3D78
0540
0540
0540
0540
1D70
1110
1FF0
0000
ENDCHAR
STARTCHAR u21EE
ENCODING 8686
SWIDTH 1000 0
DWIDTH 16 0
BBX 16 16 0 -2
BITMAP
0000
0000
0100
0280
0540
0AA0
1450
2828
1010
3C78
0440
0440
0440
0440
07C0
0000
ENDCHAR
STARTCHAR u21EF
ENCODING 8687
SWIDTH 1000 0
DWIDTH 16 0
BBX 16 16 0 -2
BITMAP
0000
0000
0100
0280
0540
0AA0
1450
2828
1010
3C78
0440
0440
1C70
1010
1FF0
0000
ENDCHAR
STARTCHAR u21F0
ENCODING 8688
SWIDTH 1000 0
DWIDTH 16 0
BBX 16 16 0 -2
BITMAP
0000
0000
0000
0080
70C0
50A0
5F90
4008
4004
4008
5F90
50A0
70C0
0080
0000
0000
ENDCHAR
STARTCHAR u21F1
ENCODING 8689
SWIDTH 1000 0
DWIDTH 16 0
BBX 16 16 0 -2
BITMAP
0000
0000
7FFC
4000
5F80
5800
5400
5200
5100
5080
4040
4020
4010
4008
4004
0000
ENDCHAR
STARTCHAR u21F2
ENCODING 8690
SWIDTH 1000 0
DWIDTH 16 0
BBX 16 16 0 -2
BITMAP
0000
0000
4004
2004
1004
0804
0404
0214
0114
0094
0054
0034
03F4
0004
7FFC
0000
ENDCHAR
STARTCHAR u21F3
ENCODING 8691
SWIDTH 1000 0
DWIDTH 16 0
BBX 16 16 0 -2
BITMAP
0000
0100
0280
0440
0820
1C70
0440
0440
0440
0440
0440
1C70
0820
0440
0280
0100
ENDCHAR
STARTCHAR u21F4
ENCODING 8692
SWIDTH 1000 0
DWIDTH 16 0
BBX 16 16 0 -2
BITMAP
0000
0000
0000
0000
0000
0020
0E10
1108
7FFC
1108
0E10
0020
0000
0000
0000
0000
ENDCHAR
STARTCHAR u21F5
ENCODING 8693
SWIDTH 1000 0
DWIDTH 16 0
BBX 16 16 0 -2
BITMAP
0000
0000
0820
0870
08A8
0924
0820
0820
0820
0820
0820
4920
2A20
1C20
0820
0000
ENDCHAR
STARTCHAR u21F6
ENCODING 8694
SWIDTH 1000 0
DWIDTH 16 0
BBX 16 16 0 -2
BITMAP
0000
0000
0010
0008
7FFC
0008
0010
0008
7FFC
0008
0010
0008
7FFC
0008
0010
0000
ENDCHAR
STARTCHAR u21F7
ENCODING 8695
SWIDTH 1000 0
DWIDTH 16 0
BBX 16 16 0 -2
BITMAP
0000
0000
0000
0000
0000
0880
1080
2080
7FFC
2080
1080
0880
0000
0000
0000
0000
ENDCHAR
STARTCHAR u21F8
ENCODING 8696
SWIDTH 1000 0
DWIDTH 16 0
BBX 16 16 0 -2
BITMAP
0000
0000
0000
0000
0000
0220
0210
0208
7FFC
0208
0210
0220
0000
0000
0000
0000
ENDCHAR
STARTCHAR u21F9
ENCODING 8697
SWIDTH 1000 0
DWIDTH 16 0
BBX 16 16 0 -2
BITMAP
0000
0000
0000
0000
0000
1110
2108
4104
FFFE
4104
2108
1110
0000
0000
0000
0000
ENDCHAR
STARTCHAR u21FA
ENCODING 8698
SWIDTH 1000 0
DWIDTH 16 0
BBX 16 16 0 -2
BITMAP
0000
0000
0000
0000
0000
0940
1140
2140
7FFC
2140
1140
0940
0000
0000
0000
0000
ENDCHAR
STARTCHAR u21FB
ENCODING 8699
SWIDTH 1000 0
DWIDTH 16 0
BBX 16 16 0 -2
BITMAP
0000
0000
0000
0000
0000
0520
0510
0508
7FFC
0508
0510
0520
0000
0000
0000
0000
ENDCHAR
STARTCHAR u21FC
ENCODING 8700
SWIDTH 1000 0
DWIDTH 16 0
BBX 16 16 0 -2
BITMAP
0000
0000
0000
0000
0000
1290
2288
4284
FFFE
4284
2288
1290
0000
0000
0000
0000
ENDCHAR
STARTCHAR u21FD
ENCODING 8701
SWIDTH 1000 0
DWIDTH 16 0
BBX 16 16 0 -2
BITMAP
0000
0000
0000
0000
0000
0800
1800
2800
4FFC
2800
1800
0800
0000
0000
0000
0000
ENDCHAR
STARTCHAR u21FE
ENCODING 8702
SWIDTH 1000 0
DWIDTH 16 0
BBX 16 16 0 -2
BITMAP
0000
0000
0000
0000
0000
0020
0030
0028
7FE4
0028
0030
0020
0000
0000
0000
0000
ENDCHAR
STARTCHAR u21FF
ENCODING 8703
SWIDTH 1000 0
DWIDTH 16 0
BBX 16 16 0 -2
BITMAP
0000
0000
0000
0000
0000
1010
3018
5014
9FF2
5014
3018
1010
0000
0000
0000
0000
ENDCHAR
STARTCHAR u230C
ENCODING 8972
SWIDTH 1000 0
DWIDTH 16 0
BBX 16 16 0 -2
BITMAP
0000
0000
0000
0000
0000
0000
0000
0000
007C
0000
0100
0100
0100
0100
0100
0000
ENDCHAR
STARTCHAR u230D
ENCODING 8973
SWIDTH 1000 0
DWIDTH 16 0
BBX 16 16 0 -2
BITMAP
0000
0000
0000
0000
0000
0000
0000
0000
7C00
0000
0100
0100
0100
0100
0100
0000
ENDCHAR
STARTCHAR u230E
ENCODING 8974
SWIDTH 1000 0
DWIDTH 16 0
BBX 16 16 0 -2
BITMAP
0000
0000
0100
0100
0100
0100
0100
0000
007C
0000
0000
0000
0000
0000
0000
0000
ENDCHAR
STARTCHAR u230F
ENCODING 8975
SWIDTH 1000 0
DWIDTH 16 0
BBX 16 16 0 -2
BITMAP
0000
0000
0100
0100
0100
0100
0100
0000
7C00
0000
0000
0000
0000
0000
0000
0000
ENDCHAR
STARTCHAR u2310
ENCODING 8976
SWIDTH 1000 0
DWIDTH 16 0
BBX 16 16 0 -2
BITMAP
0000
0000
0000
0000
0000
0000
1FF0
1000
1000
1000
1000
0000
0000
0000
0000
0000
ENDCHAR
STARTCHAR u2311
ENCODING 8977
SWIDTH 1000 0
DWIDTH 16 0
BBX 16 16 0 -2
BITMAP
0000
0000
0000
3838
26C8
2108
1010
1010
0820
1010
1010
2108
26C8
3838
0000
0000
ENDCHAR
STARTCHAR u2312
ENCODING 8978
SWIDTH 1000 0
DWIDTH 16 0
BBX 16 16 0 -2
BITMAP
0000
0000
0000
0000
0000
0380
0C60
1010
2008
2008
4004
4004
0000
0000
0000
0000
ENDCHAR
STARTCHAR u2313
ENCODING 8979
SWIDTH 1000 0
DWIDTH 16 0
BBX 16 16 0 -2
BITMAP
0000
0000
0000
0000
0000
0380
0C60
1010
2008
2008
4004
7FFC
0000
0000
0000
0000
ENDCHAR
STARTCHAR u2314
ENCODING 8980
SWIDTH 1000 0
DWIDTH 16 0
BBX 16 16 0 -2
BITMAP
0000
0000
0380
0C60
1010
2008
1010
1010
0820
0820
0440
0440
0280
0280
0100
0000
ENDCHAR
STARTCHAR u2315
ENCODING 8981
SWIDTH 1000 0
DWIDTH 16 0
BBX 16 16 0 -2
BITMAP
0000
0000
01E0
0210
0408
0804
0804
0804
0804
0408
0610
09E0
1000
2000
4000
0000
ENDCHAR
STARTCHAR u2316
ENCODING 8982
SWIDTH 1000 0
DWIDTH 16 0
BBX 16 16 0 -2
BITMAP
0000
0000
0100
0100
07C0
0920
1110
1110
7FFC
1110
1110
0920
07C0
0100
0100
0000
ENDCHAR
STARTCHAR u2317
ENCODING 8983
SWIDTH 1000 0
DWIDTH 16 0
BBX 16 16 0 -2
BITMAP
0000
0000
0820
0820
0820
7FFC
0820
0820
0820
0820
0820
7FFC
0820
0820
0820
0000
ENDCHAR
STARTCHAR u2318
ENCODING 8984
SWIDTH 1000 0
DWIDTH 16 0
BBX 16 16 0 -2
BITMAP
0000
0000
3838
4444
4444
4444
3FF8
0440
0440
0440
3FF8
4444
4444
4444
3838
0000
ENDCHAR
STARTCHAR u2319
ENCODING 8985
SWIDTH 1000 0
DWIDTH 16 0
BBX 16 16 0 -2
BITMAP
0000
0000
0000
0000
0000
0000
1000
1000
1000
1000
1FF0
0000
0000
0000
0000
0000
ENDCHAR
STARTCHAR u231A
ENCODING 8986
SWIDTH 1000 0
DWIDTH 16 0
BBX 16 16 0 -2
BITMAP
0000
07C0
07C0
07C0
0FE0
1110
1110
1110
11F0
1010
1010
1010
0FE0
07C0
07C0
07C0
ENDCHAR
STARTCHAR u231B
ENCODING 8987
SWIDTH 1000 0
DWIDTH 16 0
BBX 16 16 0 -2
BITMAP
0000
3FF8
1010
1010
1010
1010
0820
0440
0280
07C0
0FE0
1FF0
1FF0
1FF0
1FF0
3FF8
ENDCHAR
STARTCHAR u231C
ENCODING 8988
SWIDTH 1000 0
DWIDTH 16 0
BBX 16 16 0 -2
BITMAP
0000
0000
7F00
4000
4000
4000
4000
4000
4000
0000
0000
0000
0000
0000
0000
0000
ENDCHAR
STARTCHAR u231D
ENCODING 8989
SWIDTH 1000 0
DWIDTH 16 0
BBX 16 16 0 -2
BITMAP
0000
0000
01FC
0004
0004
0004
0004
0004
0004
0000
0000
0000
0000
0000
0000
0000
ENDCHAR
STARTCHAR u231E
ENCODING 8990
SWIDTH 1000 0
DWIDTH 16 0
BBX 16 16 0 -2
BITMAP
0000
0000
0000
0000
0000
0000
0000
0000
4000
4000
4000
4000
4000
4000
7F00
0000
ENDCHAR
STARTCHAR u231F
ENCODING 8991
SWIDTH 1000 0
DWIDTH 16 0
BBX 16 16 0 -2
BITMAP
0000
0000
0000
0000
0000
0000
0000
0000
0004
0004
0004
0004
0004
0004
01FC
0000
ENDCHAR
STARTCHAR u23CE
ENCODING 9166
SWIDTH 1000 0
DWIDTH 16 0
BBX 16 16 0 -2
BITMAP
0000
003E
0022
0022
0022
0422
0C22
1422
27C2
4002
8002
4004
27F8
1400
0C00
0400
ENDCHAR
STARTCHAR u23CF
ENCODING 9167
SWIDTH 1000 0
DWIDTH 16 0
BBX 16 16 0 -2
BITMAP
0000
0000
0000
0000
0100
0380
07C0
0FE0
1FF0
3FF8
0000
3FF8
3FF8
0000
0000
0000
ENDCHAR
STARTCHAR u23E8
ENCODING 9192
SWIDTH 1000 0
DWIDTH 16 0
BBX 16 16 0 -2
BITMAP
0000
0000
0000
0000
0000
0000
0000
0000
0000
08E0
1910
0930
0950
0990
0910
1CE0
ENDCHAR
STARTCHAR u23E9
ENCODING 9193
SWIDTH 1000 0
DWIDTH 16 0
BBX 16 16 0 -2
BITMAP
0000
0000
0000
0000
2080
30C0
38E0
3CF0
3EF8
3CF0
38E0
30C0
2080
0000
0000
0000
ENDCHAR
STARTCHAR u23EA
ENCODING 9194
SWIDTH 1000 0
DWIDTH 16 0
BBX 16 16 0 -2
BITMAP
0000
0000
0000
0000
0208
0618
0E38
1E78
3EF8
1E78
0E38
0618
0208
0000
0000
0000
ENDCHAR
STARTCHAR u23EB
ENCODING 9195
SWIDTH 1000 0
DWIDTH 16 0
BBX 16 16 0 -2
BITMAP
0000
0000
0000
0100
0380
07C0
0FE0
1FF0
0000
0100
0380
07C0
0FE0
1FF0
0000
0000
ENDCHAR
STARTCHAR u23EC
ENCODING 9196
SWIDTH 1000 0
DWIDTH 16 0
BBX 16 16 0 -2
BITMAP
0000
0000
0000
1FF0
0FE0
07C0
0380
0100
0000
1FF0
0FE0
07C0
0380
0100
0000
0000
ENDCHAR
STARTCHAR u23ED
ENCODING 9197
SWIDTH 1000 0
DWIDTH 16 0
BBX 16 16 0 -2
BITMAP
0000
0000
0000
0000
210C
318C
39CC
3DEC
3FFC
3DEC
39CC
318C
210C
0000
0000
0000
ENDCHAR
STARTCHAR u23EE
ENCODING 9198
SWIDTH 1000 0
DWIDTH 16 0
BBX 16 16 0 -2
BITMAP
0000
0000
0000
0000
3084
318C
339C
37BC
3FFC
37BC
339C
318C
3084
0000
0000
0000
ENDCHAR
STARTCHAR u23EF
ENCODING 9199
SWIDTH 1000 0
DWIDTH 16 0
BBX 16 16 0 -2
BITMAP
0000
0000
0000
0000
20D8
30D8
38D8
3CD8
3ED8
3CD8
38D8
30D8
20D8
0000
0000
0000
ENDCHAR
STARTCHAR u23F0
ENCODING 9200
SWIDTH 1000 0
DWIDTH 16 0
BBX 16 16 0 -2
BITMAP
0000
3118
4384
AC6A
9012
2108
2108
4104
4104
4204
2408
2008
1010
0C60
1BB0
3018
ENDCHAR
STARTCHAR u23F1
ENCODING 9201
SWIDTH 1000 0
DWIDTH 16 0
BBX 16 16 0 -2
BITMAP
0000
0380
0398
0C78
1010
2108
2108
4104
4104
4004
2008
2008
1010
0C60
0380
0000
ENDCHAR
STARTCHAR u23F2
ENCODING 9202
SWIDTH 1000 0
DWIDTH 16 0
BBX 16 16 0 -2
BITMAP
0000
0000
0380
0C60
1010
2008
2008
4004
41E4
4004
2008
2008
1010
0C60
0380
0000
ENDCHAR
STARTCHAR u23F3
ENCODING 9203
SWIDTH 1000 0
DWIDTH 16 0
BBX 16 16 0 -2
BITMAP
0000
3FF8
1010
1010
1010
1FF0
0FE0
07C0
0380
0540
0920
1110
1FF0
1FF0
1FF0
3FF8
ENDCHAR
STARTCHAR u23F4
ENCODING 9204
SWIDTH 1000 0
DWIDTH 16 0
BBX 16 16 0 -2
BITMAP
0000
0000
0000
0000
0040
00C0
01C0
03C0
07C0
03C0
01C0
00C0
0040
0000
0000
0000
ENDCHAR
STARTCHAR u23F5
ENCODING 9205
SWIDTH 1000 0
DWIDTH 16 0
BBX 16 16 0 -2
BITMAP
0000
0000
0000
0000
0400
0600
0700
0780
07C0
0780
0700
0600
0400
0000
0000
0000
ENDCHAR
STARTCHAR u23F6
ENCODING 9206
SWIDTH 1000 0
DWIDTH 16 0
BBX 16 16 0 -2
BITMAP
0000
0000
0000
0000
0000
0000
0100
0380
07C0
0FE0
1FF0
0000
0000
0000
0000
0000
ENDCHAR
STARTCHAR u23F7
ENCODING 9207
SWIDTH 1000 0
DWIDTH 16 0
BBX 16 16 0 -2
BITMAP
0000
0000
0000
0000
0000
0000
1FF0
0FE0
07C0
0380
0100
0000
0000
0000
0000
0000
ENDCHAR
STARTCHAR u23F8
ENCODING 9208
SWIDTH 1000 0
DWIDTH 16 0
BBX 16 16 0 -2
BITMAP
0000
0000
0000
0000
0000
0C60
0C60
0C60
0C60
0C60
0C60
0C60
0000
0000
0000
0000
ENDCHAR
STARTCHAR u23F9
ENCODING 9209
SWIDTH 1000 0
DWIDTH 16 0
BBX 16 16 0 -2
BITMAP
0000
0000
0000
0000
0000
0FE0
0FE0
0FE0
0FE0
0FE0
0FE0
0FE0
0000
0000
0000
0000
ENDCHAR
STARTCHAR u23FA
ENCODING 9210
SWIDTH 1000 0
DWIDTH 16 0
BBX 16 16 0 -2
BITMAP
0000
0000
0000
0000
0000
0380
07C0
0FE0
0FE0
0FE0
07C0
0380
0000
0000
0000
0000
ENDCHAR
STARTCHAR u23FB
ENCODING 9211
SWIDTH 1000 0
DWIDTH 16 0
BBX 16 16 0 -2
BITMAP
0000
0000
0100
0920
1110
2108
2108
4104
4104
4004
2008
2008
1010
0C60
0380
0000
ENDCHAR
STARTCHAR u23FC
ENCODING 9212
SWIDTH 1000 0
DWIDTH 16 0
BBX 16 16 0 -2
BITMAP
0000
0000
0380
0C60
1010
2108
2108
4104
4104
4104
2108
2108
1010
0C60
0380
0000
ENDCHAR
STARTCHAR u23FD
ENCODING 9213
SWIDTH 1000 0
DWIDTH 16 0
BBX 16 16 0 -2
BITMAP
0000
0000
0000
0100
0100
0100
0100
0100
0100
0100
0100
0100
0100
0100
0000
0000
ENDCHAR
STARTCHAR u23FE
ENCODING 9214
SWIDTH 1000 0
DWIDTH 16 0
BBX 16 16 0 -2
BITMAP
0000
0000
03C0
0F00
1E00
3C00
3C00
7800
7800
7C00
3C00
3E04
1F98
0FF0
03E0
0000
ENDCHAR
STARTCHAR u23FF
ENCODING 9215
SWIDTH 1000 0
DWIDTH 16 0
BBX 16 16 0 -2
BITMAP
0000
0000
0000
001C
0070
01A8
0644
1844
6044
1844
0644
01A8
0070
001C
0000
0000
ENDCHAR
STARTCHAR u2460
ENCODING 9312
SWIDTH 1000 0
DWIDTH 16 0
BBX 16 16 0 -2
BITMAP
0000
07C0
1830
2008
4104
4304
8102
8102
8102
8102
8102
4104
4384
2008
1830
07C0
ENDCHAR
STARTCHAR u2461
ENCODING 9313
SWIDTH 1000 0
DWIDTH 16 0
BBX 16 16 0 -2
BITMAP
0000
07C0
1830
2008
4384
4444
8042
8042
8082
8102
8202
4404
47C4
2008
1830
07C0
ENDCHAR
STARTCHAR u2462
ENCODING 9314
SWIDTH 1000 0
DWIDTH 16 0
BBX 16 16 0 -2
BITMAP
0000
07C0
1830
2008
4384
4444
8042
8042
8182
8042
8042
4444
4384
2008
1830
07C0
ENDCHAR
STARTCHAR u2463
ENCODING 9315
SWIDTH 1000 0
DWIDTH 16 0
BBX 16 16 0 -2
BITMAP
0000
07C0
1830
2008
4084
4184
8182
8282
8282
8482
87C2
4084
4084
2008
1830
07C0
ENDCHAR
STARTCHAR u2464
ENCODING 9316
SWIDTH 1000 0
DWIDTH 16 0
BBX 16 16 0 -2
BITMAP
0000
07C0
1830
2008
47C4
4404
8402
8402
8782
8042
8042
4444
4384
2008
1830
07C0
ENDCHAR
STARTCHAR u2465
ENCODING 9317
SWIDTH 1000 0
DWIDTH 16 0
BBX 16 16 0 -2
BITMAP
0000
07C0
1830
2008
4384
4444
8402
8402
8782
8442
8442
4444
4384
2008
1830
07C0
ENDCHAR
STARTCHAR u2466
ENCODING 9318
SWIDTH 1000 0
DWIDTH 16 0
BBX 16 16 0 -2
BITMAP
0000
07C0
1830
2008
47C4
4044
8042
8082
8082
8102
8102
4104
4104
2008
1830
07C0
ENDCHAR
STARTCHAR u2467
ENCODING 9319
SWIDTH 1000 0
DWIDTH 16 0
BBX 16 16 0 -2
BITMAP
0000
07C0
1830
2008
4384
4444
8442
8442
8382
8442
8442
4444
4384
2008
1830
07C0
ENDCHAR
STARTCHAR u2468
ENCODING 9320
SWIDTH 1000 0
DWIDTH 16 0
BBX 16 16 0 -2
BITMAP
0000
07C0
1830
2008
4384
4444
8442
8442
83C2
8042
8042
4444
4384
2008
1830
07C0
ENDCHAR
STARTCHAR u2469
ENCODING 9321
SWIDTH 1000 0
DWIDTH 16 0
BBX 16 16 0 -2
BITMAP
0000
07C0
1830
2008
48E4
5914
8912
8932
8952
8992
8912
4914
5CE4
2008
1830
07C0
ENDCHAR
STARTCHAR u246A
ENCODING 9322
SWIDTH 1000 0
DWIDTH 16 0
BBX 16 16 0 -2
BITMAP
0000
07C0
1830
2008
4824
5864
8822
8822
8822
8822
8822
4824
5C74
2008
1830
07C0
ENDCHAR
STARTCHAR u246B
ENCODING 9323
SWIDTH 1000 0
DWIDTH 16 0
BBX 16 16 0 -2
BITMAP
0000
07C0
1830
2008
48E4
5914
8812
8812
8822
8842
8882
4904
5DF4
2008
1830
07C0
ENDCHAR
STARTCHAR u246C
ENCODING 9324
SWIDTH 1000 0
DWIDTH 16 0
BBX 16 16 0 -2
BITMAP
0000
07C0
1830
2008
48E4
5914
8812
8812
8862
8812
8812
4914
5CE4
2008
1830
07C0
ENDCHAR
STARTCHAR u246D
ENCODING 9325
SWIDTH 1000 0
DWIDTH 16 0
BBX 16 16 0 -2
BITMAP
0000
07C0
1830
2008
4824
5864
8862
88A2
88A2
8922
89F2
4824
5C24
2008
1830
07C0
ENDCHAR
STARTCHAR u246E
ENCODING 9326
SWIDTH 1000 0
DWIDTH 16 0
BBX 16 16 0 -2
BITMAP
0000
07C0
1830
2008
49F4
5904
8902
8902
89E2
8812
8812
4914
5CE4
2008
1830
07C0
ENDCHAR
STARTCHAR u246F
ENCODING 9327
SWIDTH 1000 0
DWIDTH 16 0
BBX 16 16 0 -2
BITMAP
0000
07C0
1830
2008
48E4
5914
8902
8902
89E2
8912
8912
4914
5CE4
2008
1830
07C0
ENDCHAR
STARTCHAR u2470
ENCODING 9328
SWIDTH 1000 0
DWIDTH 16 0
BBX 16 16 0 -2
BITMAP
0000
07C0
1830
2008
49F4
5814
8812
8822
8822
8842
8842
4844
5C44
2008
1830
07C0
ENDCHAR
STARTCHAR u2471
ENCODING 9329
SWIDTH 1000 0
DWIDTH 16 0
BBX 16 16 0 -2
BITMAP
0000
07C0
1830
2008
48E4
5914
8912
8912
88E2
8912
8912
4914
5CE4
2008
1830
07C0
ENDCHAR
STARTCHAR u2472
ENCODING 9330
SWIDTH 1000 0
DWIDTH 16 0
BBX 16 16 0 -2
BITMAP
0000
07C0
1830
2008
48E4
5914
8912
8912
88F2
8812
8812
4914
5CE4
2008
1830
07C0
ENDCHAR
STARTCHAR u2473
ENCODING 9331
SWIDTH 1000 0
DWIDTH 16 0
BBX 16 16 0 -2
BITMAP
0000
07C0
1830
2008
4C64
5294
8292
82B2
84D2
8492
8892
5094
5E64
2008
1830
07C0
ENDCHAR
STARTCHAR u2474
ENCODING 9332
SWIDTH 1000 0
DWIDTH 16 0
BBX 16 16 0 -2
BITMAP
0000
1010
2008
4004
4104
8302
8102
8102
8102
8102
8102
8102
4384
4004
2008
1010
ENDCHAR
STARTCHAR u2475
ENCODING 9333
SWIDTH 1000 0
DWIDTH 16 0
BBX 16 16 0 -2
BITMAP
0000
1010
2008
4004
4384
8442
8042
8042
8082
8102
8202
8402
47C4
4004
2008
1010
ENDCHAR
STARTCHAR u2476
ENCODING 9334
SWIDTH 1000 0
DWIDTH 16 0
BBX 16 16 0 -2
BITMAP
0000
1010
2008
4004
4384
8442
8042
8042
8182
8042
8042
8442
4384
4004
2008
1010
ENDCHAR
STARTCHAR u2477
ENCODING 9335
SWIDTH 1000 0
DWIDTH 16 0
BBX 16 16 0 -2
BITMAP
0000
1010
2008
4004
4084
8182
8182
8282
8282
8482
87C2
8082
4084
4004
2008
1010
ENDCHAR
STARTCHAR u2478
ENCODING 9336
SWIDTH 1000 0
DWIDTH 16 0
BBX 16 16 0 -2
BITMAP
0000
1010
2008
4004
47C4
8402
8402
8402
8782
8042
8042
8442
4384
4004
2008
1010
ENDCHAR
STARTCHAR u2479
ENCODING 9337
SWIDTH 1000 0
DWIDTH 16 0
BBX 16 16 0 -2
BITMAP
0000
1010
2008
4004
4384
8442
8402
8402
8782
8442
8442
8442
4384
4004
2008
1010
ENDCHAR
STARTCHAR u247A
ENCODING 9338
SWIDTH 1000 0
DWIDTH 16 0
BBX 16 16 0 -2
BITMAP
0000
1010
2008
4004
47C4
8042
8042
8082
8082
8102
8102
8102
4104
4004
2008
1010
ENDCHAR
STARTCHAR u247B
ENCODING 9339
SWIDTH 1000 0
DWIDTH 16 0
BBX 16 16 0 -2
BITMAP
0000
1010
2008
4004
4384
8442
8442
8442
8382
8442
8442
8442
4384
4004
2008
1010
ENDCHAR
STARTCHAR u247C
ENCODING 9340
SWIDTH 1000 0
DWIDTH 16 0
BBX 16 16 0 -2
BITMAP
0000
1010
2008
4004
4384
8442
8442
8442
83C2
8042
8042
8442
4384
4004
2008
1010
ENDCHAR
STARTCHAR u247D
ENCODING 9341
SWIDTH 1000 0
DWIDTH 16 0
BBX 16 16 0 -2
BITMAP
0000
1010
2008
4004
48E4
9912
8912
8932
8952
8992
8912
8912
5CE4
4004
2008
1010
ENDCHAR
STARTCHAR u247E
ENCODING 9342
SWIDTH 1000 0
DWIDTH 16 0
BBX 16 16 0 -2
BITMAP
0000
1010
2008
4004
4824
9862
8822
8822
8822
8822
8822
8822
5C74
4004
2008
1010
ENDCHAR
STARTCHAR u247F
ENCODING 9343
SWIDTH 1000 0
DWIDTH 16 0
BBX 16 16 0 -2
BITMAP
0000
1010
2008
4004
48E4
9912
8812
8812
8822
8842
8882
8902
5DF4
4004
2008
1010
ENDCHAR
STARTCHAR u2480
ENCODING 9344
SWIDTH 1000 0
DWIDTH 16 0
BBX 16 16 0 -2
BITMAP
0000
1010
2008
4004
48E4
9912
8812
8812
8862
8812
8812
8912
5CE4
4004
2008
1010
ENDCHAR
STARTCHAR u2481
ENCODING 9345
SWIDTH 1000 0
DWIDTH 16 0
BBX 16 16 0 -2
BITMAP
0000
1010
2008
4004
4824
9862
8862
88A2
88A2
8922
89F2
8822
5C24
4004
2008
1010
ENDCHAR
STARTCHAR u2482
ENCODING 9346
SWIDTH 1000 0
DWIDTH 16 0
BBX 16 16 0 -2
BITMAP
0000
1010
2008
4004
49F4
9902
8902
8902
89E2
8812
8812
8912
5CE4
4004
2008
1010
ENDCHAR
STARTCHAR u2483
ENCODING 9347
SWIDTH 1000 0
DWIDTH 16 0
BBX 16 16 0 -2
BITMAP
0000
1010
2008
4004
48E4
9912
8902
8902
89E2
8912
8912
8912
5CE4
4004
2008
1010
ENDCHAR
STARTCHAR u2484
ENCODING 9348
SWIDTH 1000 0
DWIDTH 16 0
BBX 16 16 0 -2
BITMAP
0000
1010
2008
4004
49F4
9812
8812
8822
8822
8842
8842
8842
5C44
4004
2008
1010
ENDCHAR
STARTCHAR u2485
ENCODING 9349
SWIDTH 1000 0
DWIDTH 16 0
BBX 16 16 0 -2
BITMAP
0000
1010
2008
4004
48E4
9912
8912
8912
88E2
8912
8912
8912
5CE4
4004
2008
1010
ENDCHAR
STARTCHAR u2486
ENCODING 9350
SWIDTH 1000 0
DWIDTH 16 0
BBX 16 16 0 -2
BITMAP
0000
1010
2008
4004
48E4
9912
8912
8912
88F2
8812
8812
8912
5CE4
4004
2008
1010
ENDCHAR
STARTCHAR u2487
ENCODING 9351
SWIDTH 1000 0
DWIDTH 16 0
BBX 16 16 0 -2
BITMAP
0000
1010
2008
4004
4C64
9292
8292
82B2
84D2
8492
8892
9092
5E64
4004
2008
1010
ENDCHAR
STARTCHAR u2488
ENCODING 9352
SWIDTH 1000 0
DWIDTH 16 0
BBX 16 24 0 -6
BITMAP
0000
0000
0000
0000
0000
0000
0000
0200
0600
0200
0200
0200
0200
0200
0200
0200
0230
0730
0000
0000
0000
0000
0000
0000
ENDCHAR
STARTCHAR u2489
ENCODING 9353
SWIDTH 1000 0
DWIDTH 16 0
BBX 16 24 0 -6
BITMAP
0000
0000
0000
0000
0000
0000
0000
0F00
1080
0080
0080
0080
0100
0200
0400
0800
1030
1FB0
0000
0000
0000
0000
0000
0000
ENDCHAR
STARTCHAR u248A
ENCODING 9354
SWIDTH 1000 0
DWIDTH 16 0
BBX 16 24 0 -6
BITMAP
0000
0000
0000
0000
0000
0000
0000
0F00
1080
0080
0080
0080
0700
0080
0080
0080
10B0
0F30
0000
0000
0000
0000
0000
0000
ENDCHAR
STARTCHAR u248B
ENCODING 9355
SWIDTH 1000 0
DWIDTH 16 0
BBX 16 24 0 -6
BITMAP
0000
0000
0000
0000
0000
0000
0000
0100
0300
0300
0500
0500
0900
0900
1100
1F80
0130
0130
0000
0000
0000
0000
0000
0000
ENDCHAR
STARTCHAR u248C
ENCODING 9356
SWIDTH 1000 0
DWIDTH 16 0
BBX 16 24 0 -6
BITMAP
0000
0000
0000
0000
0000
0000
0000
1F80
1000
1000
1000
1000
1F00
0080
0080
0080
10B0
0F30
0000
0000
0000
0000
0000
0000
ENDCHAR
STARTCHAR u248D
ENCODING 9357
SWIDTH 1000 0
DWIDTH 16 0
BBX 16 24 0 -6
BITMAP
0000
0000
0000
0000
0000
0000
0000
0F00
1080
1000
1000
1000
1F00
1080
1080
1080
10B0
0F30
0000
0000
0000
0000
0000
0000
ENDCHAR
STARTCHAR u248E
ENCODING 9358
SWIDTH 1000 0
DWIDTH 16 0
BBX 16 24 0 -6
BITMAP
0000
0000
0000
0000
0000
0000
0000
1F80
0080
0080
0100
0100
0100
0200
0200
0200
0230
0230
0000
0000
0000
0000
0000
0000
ENDCHAR
STARTCHAR u248F
ENCODING 9359
SWIDTH 1000 0
DWIDTH 16 0
BBX 16 24 0 -6
BITMAP
0000
0000
0000
0000
0000
0000
0000
0F00
1080
1080
1080
1080
0F00
1080
1080
1080
10B0
0F30
0000
0000
0000
0000
0000
0000
ENDCHAR
STARTCHAR u2490
ENCODING 9360
SWIDTH 1000 0
DWIDTH 16 0
BBX 16 24 0 -6
BITMAP
0000
0000
0000
0000
0000
0000
0000
0F00
1080
1080
1080
1080
0F80
0080
0080
0080
10B0
0F30
0000
0000
0000
0000
0000
0000
ENDCHAR
STARTCHAR u2491
ENCODING 9361
SWIDTH 1000 0
DWIDTH 16 0
BBX 16 24 0 -6
BITMAP
0000
0000
0000
0000
0000
0000
0000
21E0
6210
2210
2210
2230
22D0
2310
2210
2210
2216
71E6
0000
0000
0000
0000
0000
0000
ENDCHAR
STARTCHAR u2492
ENCODING 9362
SWIDTH 1000 0
DWIDTH 16 0
BBX 16 24 0 -6
BITMAP
0000
0000
0000
0000
0000
0000
0000
1040
30C0
1040
1040
1040
1040
1040
1040
1040
1046
38E6
0000
0000
0000
0000
0000
0000
ENDCHAR
STARTCHAR u2493
ENCODING 9363
SWIDTH 1000 0
DWIDTH 16 0
BBX 16 24 0 -6
BITMAP
0000
0000
0000
0000
0000
0000
0000
21E0
6210
2010
2010
2010
2020
2040
2080
2100
2206
73F6
0000
0000
0000
0000
0000
0000
ENDCHAR
STARTCHAR u2494
ENCODING 9364
SWIDTH 1000 0
DWIDTH 16 0
BBX 16 24 0 -6
BITMAP
0000
0000
0000
0000
0000
0000
0000
21E0
6210
2010
2010
2010
2060
2010
2010
2010
2216
71E6
0000
0000
0000
0000
0000
0000
ENDCHAR
STARTCHAR u2495
ENCODING 9365
SWIDTH 1000 0
DWIDTH 16 0
BBX 16 24 0 -6
BITMAP
0000
0000
0000
0000
0000
0000
0000
2020
6060
2060
20A0
20A0
2120
2120
2220
23F0
2026
7026
0000
0000
0000
0000
0000
0000
ENDCHAR
STARTCHAR u2496
ENCODING 9366
SWIDTH 1000 0
DWIDTH 16 0
BBX 16 24 0 -6
BITMAP
0000
0000
0000
0000
0000
0000
0000
23F0
6200
2200
2200
2200
23E0
2010
2010
2010
2216
71E6
0000
0000
0000
0000
0000
0000
ENDCHAR
STARTCHAR u2497
ENCODING 9367
SWIDTH 1000 0
DWIDTH 16 0
BBX 16 24 0 -6
BITMAP
0000
0000
0000
0000
0000
0000
0000
21E0
6210
2200
2200
2200
23E0
2210
2210
2210
2216
71E6
0000
0000
0000
0000
0000
0000
ENDCHAR
STARTCHAR u2498
ENCODING 9368
SWIDTH 1000 0
DWIDTH 16 0
BBX 16 24 0 -6
BITMAP
0000
0000
0000
0000
0000
0000
0000
23F0
6010
2010
2020
2020
2020
2040
2040
2040
2046
7046
0000
0000
0000
0000
0000
0000
ENDCHAR
STARTCHAR u2499
ENCODING 9369
SWIDTH 1000 0
DWIDTH 16 0
BBX 16 24 0 -6
BITMAP
0000
0000
0000
0000
0000
0000
0000
21E0
6210
2210
2210
2210
21E0
2210
2210
2210
2216
71E6
0000
0000
0000
0000
0000
0000
ENDCHAR
STARTCHAR u249A
ENCODING 9370
SWIDTH 1000 0
DWIDTH 16 0
BBX 16 24 0 -6
BITMAP
0000
0000
0000
0000
0000
0000
0000
21E0
6210
2210
2210
2210
21F0
2010
2010
2010
2216
71E6
0000
0000
0000
0000
0000
0000
ENDCHAR
STARTCHAR u249B
ENCODING 9371
SWIDTH 1000 0
DWIDTH 16 0
BBX 16 24 0 -6
BITMAP
0000
0000
0000
0000
0000
0000
0000
38E0
4510
0510
0510
0930
0950
1190
1110
2110
4116
7CE6
0000
0000
0000
0000
0000
0000
ENDCHAR
STARTCHAR u249C
ENCODING 9372
SWIDTH 1000 0
DWIDTH 16 0
BBX 16 16 0 -2
BITMAP
0000
1010
2008
4004
4004
8002
8382
8042
83C2
8442
8442
83C2
4004
4004
2008
1010
ENDCHAR
STARTCHAR u249D
ENCODING 9373
SWIDTH 1000 0
DWIDTH 16 0
BBX 16 16 0 -2
BITMAP
0000
1010
2008
4404
4404
8402
8782
8442
8442
8442
8442
8782
4004
4004
2008
1010
ENDCHAR
STARTCHAR u249E
ENCODING 9374
SWIDTH 1000 0
DWIDTH 16 0
BBX 16 16 0 -2
BITMAP
0000
1010
2008
4004
4004
8002
8382
8442
8402
8402
8442
8382
4004
4004
2008
1010
ENDCHAR
STARTCHAR u249F
ENCODING 9375
SWIDTH 1000 0
DWIDTH 16 0
BBX 16 16 0 -2
BITMAP
0000
1010
2008
4044
4044
8042
83C2
8442
8442
8442
8442
83C2
4004
4004
2008
1010
ENDCHAR
STARTCHAR u24A0
ENCODING 9376
SWIDTH 1000 0
DWIDTH 16 0
BBX 16 16 0 -2
BITMAP
0000
1010
2008
4004
4004
8002
8382
8442
87C2
8402
8442
8382
4004
4004
2008
1010
ENDCHAR
STARTCHAR u24A1
ENCODING 9377
SWIDTH 1000 0
DWIDTH 16 0
BBX 16 16 0 -2
BITMAP
0000
1010
2008
4004
40C4
8102
8102
87C2
8102
8102
8102
8102
4104
4004
2008
1010
ENDCHAR
STARTCHAR u24A2
ENCODING 9378
SWIDTH 1000 0
DWIDTH 16 0
BBX 16 16 0 -2
BITMAP
0000
1010
2008
4004
4004
83C2
8442
8442
8442
8442
83C2
8042
4044
4384
2008
1010
ENDCHAR
STARTCHAR u24A3
ENCODING 9379
SWIDTH 1000 0
DWIDTH 16 0
BBX 16 16 0 -2
BITMAP
0000
1010
2008
4404
4404
8402
8582
8642
8442
8442
8442
8442
4004
4004
2008
1010
ENDCHAR
STARTCHAR u24A4
ENCODING 9380
SWIDTH 1000 0
DWIDTH 16 0
BBX 16 16 0 -2
BITMAP
0000
1010
2008
4004
4104
8002
8302
8102
8102
8102
8102
8382
4004
4004
2008
1010
ENDCHAR
STARTCHAR u24A5
ENCODING 9381
SWIDTH 1000 0
DWIDTH 16 0
BBX 16 16 0 -2
BITMAP
0000
1010
2008
4004
4084
8002
8382
8082
8082
8082
8082
8082
4084
4304
2008
1010
ENDCHAR
STARTCHAR u24A6
ENCODING 9382
SWIDTH 1000 0
DWIDTH 16 0
BBX 16 16 0 -2
BITMAP
0000
1010
2008
4004
4404
8402
8402
8442
8582
8602
8502
8482
4444
4004
2008
1010
ENDCHAR
STARTCHAR u24A7
ENCODING 9383
SWIDTH 1000 0
DWIDTH 16 0
BBX 16 16 0 -2
BITMAP
0000
1010
2008
4004
4304
8102
8102
8102
8102
8102
8102
8102
4184
4004
2008
1010
ENDCHAR
STARTCHAR u24A8
ENCODING 9384
SWIDTH 1000 0
DWIDTH 16 0
BBX 16 16 0 -2
BITMAP
0000
1010
2008
4004
4004
8002
8EC2
8922
8922
8922
8922
8922
4004
4004
2008
1010
ENDCHAR
STARTCHAR u24A9
ENCODING 9385
SWIDTH 1000 0
DWIDTH 16 0
BBX 16 16 0 -2
BITMAP
0000
1010
2008
4004
4004
8002
8582
8642
8442
8442
8442
8442
4004
4004
2008
1010
ENDCHAR
STARTCHAR u24AA
ENCODING 9386
SWIDTH 1000 0
DWIDTH 16 0
BBX 16 16 0 -2
BITMAP
0000
1010
2008
4004
4004
8002
8382
8442
8442
8442
8442
8382
4004
4004
2008
1010
ENDCHAR
STARTCHAR u24AB
ENCODING 9387
SWIDTH 1000 0
DWIDTH 16 0
BBX 16 16 0 -2
BITMAP
0000
1010
2008
4004
4004
8782
8442
8442
8442
8442
8782
8402
4404
4404
2008
1010
ENDCHAR
STARTCHAR u24AC
ENCODING 9388
SWIDTH 1000 0
DWIDTH 16 0
BBX 16 16 0 -2
BITMAP
0000
1010
2008
4004
4004
83C2
8442
8442
8442
8442
83C2
8042
4044
4044
2008
1010
ENDCHAR
STARTCHAR u24AD
ENCODING 9389
SWIDTH 1000 0
DWIDTH 16 0
BBX 16 16 0 -2
BITMAP
0000
1010
2008
4004
4004
8002
85C2
8602
8402
8402
8402
8402
4004
4004
2008
1010
ENDCHAR
STARTCHAR u24AE
ENCODING 9390
SWIDTH 1000 0
DWIDTH 16 0
BBX 16 16 0 -2
BITMAP
0000
1010
2008
4004
4004
8002
8382
8442
8302
8082
8442
8382
4004
4004
2008
1010
ENDCHAR
STARTCHAR u24AF
ENCODING 9391
SWIDTH 1000 0
DWIDTH 16 0
BBX 16 16 0 -2
BITMAP
0000
1010
2008
4004
4104
8102
8102
87C2
8102
8102
8102
8102
40C4
4004
2008
1010
ENDCHAR
STARTCHAR u24B0
ENCODING 9392
SWIDTH 1000 0
DWIDTH 16 0
BBX 16 16 0 -2
BITMAP
0000
1010
2008
4004
4004
8002
8442
8442
8442
8442
84C2
8342
4004
4004
2008
1010
ENDCHAR
STARTCHAR u24B1
ENCODING 9393
SWIDTH 1000 0
DWIDTH 16 0
BBX 16 16 0 -2
BITMAP
0000
1010
2008
4004
4004
8002
8442
8442
8282
8282
8102
8102
4004
4004
2008
1010
ENDCHAR
STARTCHAR u24B2
ENCODING 9394
SWIDTH 1000 0
DWIDTH 16 0
BBX 16 16 0 -2
BITMAP
0000
1010
2008
4004
4004
8002
8922
8922
8AA2
8AA2
8442
8442
4004
4004
2008
1010
ENDCHAR
STARTCHAR u24B3
ENCODING 9395
SWIDTH 1000 0
DWIDTH 16 0
BBX 16 16 0 -2
BITMAP
0000
1010
2008
4004
4004
8002
8442
8282
8102
8102
8282
8442
4004
4004
2008
1010
ENDCHAR
STARTCHAR u24B4
ENCODING 9396
SWIDTH 1000 0
DWIDTH 16 0
BBX 16 16 0 -2
BITMAP
0000
1010
2008
4004
4004
8002
8442
8442
8442
8282
8282
8102
4104
4604
2008
1010
ENDCHAR
STARTCHAR u24B5
ENCODING 9397
SWIDTH 1000 0
DWIDTH 16 0
BBX 16 16 0 -2
BITMAP
0000
1010
2008
4004
4004
8002
87C2
8082
8102
8202
8402
87C2
4004
4004
2008
1010
ENDCHAR
STARTCHAR u24B6
ENCODING 9398
SWIDTH 1000 0
DWIDTH 16 0
BBX 16 16 0 -2
BITMAP
0000
07C0
1830
2008
4104
4104
8282
8282
8282
8382
8442
4444
4444
2008
1830
07C0
ENDCHAR
STARTCHAR u24B7
ENCODING 9399
SWIDTH 1000 0
DWIDTH 16 0
BBX 16 16 0 -2
BITMAP
0000
07C0
1830
2008
4784
4444
8442
8442
8782
8442
8442
4444
4784
2008
1830
07C0
ENDCHAR
STARTCHAR u24B8
ENCODING 9400
SWIDTH 1000 0
DWIDTH 16 0
BBX 16 16 0 -2
BITMAP
0000
07C0
1830
2008
4384
4444
8402
8402
8402
8402
8402
4444
4384
2008
1830
07C0
ENDCHAR
STARTCHAR u24B9
ENCODING 9401
SWIDTH 1000 0
DWIDTH 16 0
BBX 16 16 0 -2
BITMAP
0000
07C0
1830
2008
4704
4484
8442
8442
8442
8442
8442
4484
4704
2008
1830
07C0
ENDCHAR
STARTCHAR u24BA
ENCODING 9402
SWIDTH 1000 0
DWIDTH 16 0
BBX 16 16 0 -2
BITMAP
0000
07C0
1830
2008
47C4
4404
8402
8402
8782
8402
8402
4404
47C4
2008
1830
07C0
ENDCHAR
STARTCHAR u24BB
ENCODING 9403
SWIDTH 1000 0
DWIDTH 16 0
BBX 16 16 0 -2
BITMAP
0000
07C0
1830
2008
47C4
4404
8402
8402
8782
8402
8402
4404
4404
2008
1830
07C0
ENDCHAR
STARTCHAR u24BC
ENCODING 9404
SWIDTH 1000 0
DWIDTH 16 0
BBX 16 16 0 -2
BITMAP
0000
07C0
1830
2008
4384
4444
8402
8402
8402
84C2
8442
4444
43C4
2008
1830
07C0
ENDCHAR
STARTCHAR u24BD
ENCODING 9405
SWIDTH 1000 0
DWIDTH 16 0
BBX 16 16 0 -2
BITMAP
0000
07C0
1830
2008
4444
4444
8442
8442
87C2
8442
8442
4444
4444
2008
1830
07C0
ENDCHAR
STARTCHAR u24BE
ENCODING 9406
SWIDTH 1000 0
DWIDTH 16 0
BBX 16 16 0 -2
BITMAP
0000
07C0
1830
2008
4384
4104
8102
8102
8102
8102
8102
4104
4384
2008
1830
07C0
ENDCHAR
STARTCHAR u24BF
ENCODING 9407
SWIDTH 1000 0
DWIDTH 16 0
BBX 16 16 0 -2
BITMAP
0000
07C0
1830
2008
4044
4044
8042
8042
8042
8042
8442
4444
4384
2008
1830
07C0
ENDCHAR
STARTCHAR u24C0
ENCODING 9408
SWIDTH 1000 0
DWIDTH 16 0
BBX 16 16 0 -2
BITMAP
0000
07C0
1830
2008
4444
4484
8482
8502
8602
8502
8482
4484
4444
2008
1830
07C0
ENDCHAR
STARTCHAR u24C1
ENCODING 9409
SWIDTH 1000 0
DWIDTH 16 0
BBX 16 16 0 -2
BITMAP
0000
07C0
1830
2008
4404
4404
8402
8402
8402
8402
8402
4404
47C4
2008
1830
07C0
ENDCHAR
STARTCHAR u24C2
ENCODING 9410
SWIDTH 1000 0
DWIDTH 16 0
BBX 16 16 0 -2
BITMAP
0000
07C0
1830
2008
4824
4824
8C62
8C62
8AA2
8AA2
8922
4924
4924
2008
1830
07C0
ENDCHAR
STARTCHAR u24C3
ENCODING 9411
SWIDTH 1000 0
DWIDTH 16 0
BBX 16 16 0 -2
BITMAP
0000
07C0
1830
2008
4444
4644
8642
8542
8542
8542
84C2
44C4
4444
2008
1830
07C0
ENDCHAR
STARTCHAR u24C4
ENCODING 9412
SWIDTH 1000 0
DWIDTH 16 0
BBX 16 16 0 -2
BITMAP
0000
07C0
1830
2008
4384
4444
8442
8442
8442
8442
8442
4444
4384
2008
1830
07C0
ENDCHAR
STARTCHAR u24C5
ENCODING 9413
SWIDTH 1000 0
DWIDTH 16 0
BBX 16 16 0 -2
BITMAP
0000
07C0
1830
2008
4784
4444
8442
8442
8782
8402
8402
4404
4404
2008
1830
07C0
ENDCHAR
STARTCHAR u24C6
ENCODING 9414
SWIDTH 1000 0
DWIDTH 16 0
BBX 16 16 0 -2
BITMAP
0000
07C0
1830
2008
4384
4444
8442
8442
8442
8442
8542
4484
4344
2008
1830
07C0
ENDCHAR
STARTCHAR u24C7
ENCODING 9415
SWIDTH 1000 0
DWIDTH 16 0
BBX 16 16 0 -2
BITMAP
0000
07C0
1830
2008
4784
4444
8442
8442
8782
8502
8482
4484
4444
2008
1830
07C0
ENDCHAR
STARTCHAR u24C8
ENCODING 9416
SWIDTH 1000 0
DWIDTH 16 0
BBX 16 16 0 -2
BITMAP
0000
07C0
1830
2008
4384
4444
8402
8402
8382
8042
8042
4444
4384
2008
1830
07C0
ENDCHAR
STARTCHAR u24C9
ENCODING 9417
SWIDTH 1000 0
DWIDTH 16 0
BBX 16 16 0 -2
BITMAP
0000
07C0
1830
2008
47C4
4104
8102
8102
8102
8102
8102
4104
4104
2008
1830
07C0
ENDCHAR
STARTCHAR u24CA
ENCODING 9418
SWIDTH 1000 0
DWIDTH 16 0
BBX 16 16 0 -2
BITMAP
0000
07C0
1830
2008
4444
4444
8442
8442
8442
8442
8442
4444
4384
2008
1830
07C0
ENDCHAR
STARTCHAR u24CB
ENCODING 9419
SWIDTH 1000 0
DWIDTH 16 0
BBX 16 16 0 -2
BITMAP
0000
07C0
1830
2008
4444
4444
8442
8442
8282
8282
8282
4104
4104
2008
1830
07C0
ENDCHAR
STARTCHAR u24CC
ENCODING 9420
SWIDTH 1000 0
DWIDTH 16 0
BBX 16 16 0 -2
BITMAP
0000
07C0
1830
2008
4924
4924
8922
8922
8AA2
8AA2
8AA2
4444
4444
2008
1830
07C0
ENDCHAR
STARTCHAR u24CD
ENCODING 9421
SWIDTH 1000 0
DWIDTH 16 0
BBX 16 16 0 -2
BITMAP
0000
07C0
1830
2008
4444
4444
8282
8282
8102
8282
8282
4444
4444
2008
1830
07C0
ENDCHAR
STARTCHAR u24CE
ENCODING 9422
SWIDTH 1000 0
DWIDTH 16 0
BBX 16 16 0 -2
BITMAP
0000
07C0
1830
2008
4444
4444
8282
8282
8102
8102
8102
4104
4104
2008
1830
07C0
ENDCHAR
STARTCHAR u24CF
ENCODING 9423
SWIDTH 1000 0
DWIDTH 16 0
BBX 16 16 0 -2
BITMAP
0000
07C0
1830
2008
47C4
4044
8082
8082
8102
8202
8202
4404
47C4
2008
1830
07C0
ENDCHAR
STARTCHAR u24D0
ENCODING 9424
SWIDTH 1000 0
DWIDTH 16 0
BBX 16 16 0 -2
BITMAP
0000
07C0
1830
2008
4004
4004
8382
8042
83C2
8442
8442
43C4
4004
2008
1830
07C0
ENDCHAR
STARTCHAR u24D1
ENCODING 9425
SWIDTH 1000 0
DWIDTH 16 0
BBX 16 16 0 -2
BITMAP
0000
07C0
1830
2408
4404
4404
8782
8442
8442
8442
8442
4784
4004
2008
1830
07C0
ENDCHAR
STARTCHAR u24D2
ENCODING 9426
SWIDTH 1000 0
DWIDTH 16 0
BBX 16 16 0 -2
BITMAP
0000
07C0
1830
2008
4004
4004
8382
8442
8402
8402
8442
4384
4004
2008
1830
07C0
ENDCHAR
STARTCHAR u24D3
ENCODING 9427
SWIDTH 1000 0
DWIDTH 16 0
BBX 16 16 0 -2
BITMAP
0000
07C0
1830
2048
4044
4044
83C2
8442
8442
8442
8442
43C4
4004
2008
1830
07C0
ENDCHAR
STARTCHAR u24D4
ENCODING 9428
SWIDTH 1000 0
DWIDTH 16 0
BBX 16 16 0 -2
BITMAP
0000
07C0
1830
2008
4004
4004
8382
8442
87C2
8402
8442
4384
4004
2008
1830
07C0
ENDCHAR
STARTCHAR u24D5
ENCODING 9429
SWIDTH 1000 0
DWIDTH 16 0
BBX 16 16 0 -2
BITMAP
0000
07C0
1830
2008
40C4
4104
8102
87C2
8102
8102
8102
4104
4104
2008
1830
07C0
ENDCHAR
STARTCHAR u24D6
ENCODING 9430
SWIDTH 1000 0
DWIDTH 16 0
BBX 16 16 0 -2
BITMAP
0000
07C0
1830
2008
4004
43C4
8442
8442
8442
8442
83C2
4044
4044
2388
1830
07C0
ENDCHAR
STARTCHAR u24D7
ENCODING 9431
SWIDTH 1000 0
DWIDTH 16 0
BBX 16 16 0 -2
BITMAP
0000
07C0
1830
2408
4404
4404
8582
8642
8442
8442
8442
4444
4004
2008
1830
07C0
ENDCHAR
STARTCHAR u24D8
ENCODING 9432
SWIDTH 1000 0
DWIDTH 16 0
BBX 16 16 0 -2
BITMAP
0000
07C0
1830
2008
4104
4004
8302
8102
8102
8102
8102
4384
4004
2008
1830
07C0
ENDCHAR
STARTCHAR u24D9
ENCODING 9433
SWIDTH 1000 0
DWIDTH 16 0
BBX 16 16 0 -2
BITMAP
0000
07C0
1830
2008
4084
4004
8382
8082
8082
8082
8082
4084
4084
2308
1830
07C0
ENDCHAR
STARTCHAR u24DA
ENCODING 9434
SWIDTH 1000 0
DWIDTH 16 0
BBX 16 16 0 -2
BITMAP
0000
07C0
1830
2008
4404
4404
8402
8442
8582
8602
8502
4484
4444
2008
1830
07C0
ENDCHAR
STARTCHAR u24DB
ENCODING 9435
SWIDTH 1000 0
DWIDTH 16 0
BBX 16 16 0 -2
BITMAP
0000
07C0
1830
2008
4304
4104
8102
8102
8102
8102
8102
4104
4184
2008
1830
07C0
ENDCHAR
STARTCHAR u24DC
ENCODING 9436
SWIDTH 1000 0
DWIDTH 16 0
BBX 16 16 0 -2
BITMAP
0000
07C0
1830
2008
4004
4004
8EC2
8922
8922
8922
8922
4924
4004
2008
1830
07C0
ENDCHAR
STARTCHAR u24DD
ENCODING 9437
SWIDTH 1000 0
DWIDTH 16 0
BBX 16 16 0 -2
BITMAP
0000
07C0
1830
2008
4004
4004
8582
8642
8442
8442
8442
4444
4004
2008
1830
07C0
ENDCHAR
STARTCHAR u24DE
ENCODING 9438
SWIDTH 1000 0
DWIDTH 16 0
BBX 16 16 0 -2
BITMAP
0000
07C0
1830
2008
4004
4004
8382
8442
8442
8442
8442
4384
4004
2008
1830
07C0
ENDCHAR
STARTCHAR u24DF
ENCODING 9439
SWIDTH 1000 0
DWIDTH 16 0
BBX 16 16 0 -2
BITMAP
0000
07C0
1830
2008
4004
4784
8442
8442
8442
8442
8782
4404
4404
2408
1830
07C0
ENDCHAR
STARTCHAR u24E0
ENCODING 9440
SWIDTH 1000 0
DWIDTH 16 0
BBX 16 16 0 -2
BITMAP
0000
07C0
1830
2008
4004
43C4
8442
8442
8442
8442
83C2
4044
4044
2048
1830
07C0
ENDCHAR
STARTCHAR u24E1
ENCODING 9441
SWIDTH 1000 0
DWIDTH 16 0
BBX 16 16 0 -2
BITMAP
0000
07C0
1830
2008
4004
4004
85C2
8602
8402
8402
8402
4404
4004
2008
1830
07C0
ENDCHAR
STARTCHAR u24E2
ENCODING 9442
SWIDTH 1000 0
DWIDTH 16 0
BBX 16 16 0 -2
BITMAP
0000
07C0
1830
2008
4004
4004
8382
8442
8302
8082
8442
4384
4004
2008
1830
07C0
ENDCHAR
STARTCHAR u24E3
ENCODING 9443
SWIDTH 1000 0
DWIDTH 16 0
BBX 16 16 0 -2
BITMAP
0000
07C0
1830
2008
4104
4104
8102
87C2
8102
8102
8102
4104
40C4
2008
1830
07C0
ENDCHAR
STARTCHAR u24E4
ENCODING 9444
SWIDTH 1000 0
DWIDTH 16 0
BBX 16 16 0 -2
BITMAP
0000
07C0
1830
2008
4004
4004
8442
8442
8442
8442
84C2
4344
4004
2008
1830
07C0
ENDCHAR
STARTCHAR u24E5
ENCODING 9445
SWIDTH 1000 0
DWIDTH 16 0
BBX 16 16 0 -2
BITMAP
0000
07C0
1830
2008
4004
4004
8442
8442
8282
8282
8102
4104
4004
2008
1830
07C0
ENDCHAR
STARTCHAR u24E6
ENCODING 9446
SWIDTH 1000 0
DWIDTH 16 0
BBX 16 16 0 -2
BITMAP
0000
07C0
1830
2008
4004
4004
8922
8922
8AA2
8AA2
8442
4444
4004
2008
1830
07C0
ENDCHAR
STARTCHAR u24E7
ENCODING 9447
SWIDTH 1000 0
DWIDTH 16 0
BBX 16 16 0 -2
BITMAP
0000
07C0
1830
2008
4004
4004
8442
8282
8102
8102
8282
4444
4004
2008
1830
07C0
ENDCHAR
STARTCHAR u24E8
ENCODING 9448
SWIDTH 1000 0
DWIDTH 16 0
BBX 16 16 0 -2
BITMAP
0000
07C0
1830
2008
4004
4004
8442
8442
8442
8282
8282
4104
4104
2608
1830
07C0
ENDCHAR
STARTCHAR u24E9
ENCODING 9449
SWIDTH 1000 0
DWIDTH 16 0
BBX 16 16 0 -2
BITMAP
0000
07C0
1830
2008
4004
4004
87C2
8082
8102
8202
8402
47C4
4004
2008
1830
07C0
ENDCHAR
STARTCHAR u24EA
ENCODING 9450
SWIDTH 1000 0
DWIDTH 16 0
BBX 16 16 0 -2
BITMAP
0000
07C0
1830
2008
4384
4444
8442
84C2
8542
8642
8442
4444
4384
2008
1830
07C0
ENDCHAR
STARTCHAR u24EB
ENCODING 9451
SWIDTH 1000 0
DWIDTH 16 0
BBX 16 16 0 -2
BITMAP
0000
07C0
1FF0
3FF8
77DC
679C
F7DE
F7DE
F7DE
F7DE
F7DE
77DC
638C
3FF8
1FF0
07C0
ENDCHAR
STARTCHAR u24EC
ENCODING 9452
SWIDTH 1000 0
DWIDTH 16 0
BBX 16 16 0 -2
BITMAP
0000
07C0
1FF0
3FF8
771C
66EC
F7EE
F7EE
F7DE
F7BE
F77E
76FC
620C
3FF8
1FF0
07C0
ENDCHAR
STARTCHAR u24ED
ENCODING 9453
SWIDTH 1000 0
DWIDTH 16 0
BBX 16 16 0 -2
BITMAP
0000
07C0
1FF0
3FF8
771C
66EC
F7EE
F7EE
F79E
F7EE
F7EE
76EC
631C
3FF8
1FF0
07C0
ENDCHAR
STARTCHAR u24EE
ENCODING 9454
SWIDTH 1000 0
DWIDTH 16 0
BBX 16 16 0 -2
BITMAP
0000
07C0
1FF0
3FF8
77DC
679C
F79E
F75E
F75E
F6DE
F60E
77DC
63DC
3FF8
1FF0
07C0
ENDCHAR
STARTCHAR u24EF
ENCODING 9455
SWIDTH 1000 0
DWIDTH 16 0
BBX 16 16 0 -2
BITMAP
0000
07C0
1FF0
3FF8
760C
66FC
F6FE
F6FE
F61E
F7EE
F7EE
76EC
631C
3FF8
1FF0
07C0
ENDCHAR
STARTCHAR u24F0
ENCODING 9456
SWIDTH 1000 0
DWIDTH 16 0
BBX 16 16 0 -2
BITMAP
0000
07C0
1FF0
3FF8
771C
66EC
F6FE
F6FE
F61E
F6EE
F6EE
76EC
631C
3FF8
1FF0
07C0
ENDCHAR
STARTCHAR u24F1
ENCODING 9457
SWIDTH 1000 0
DWIDTH 16 0
BBX 16 16 0 -2
BITMAP
0000
07C0
1FF0
3FF8
760C
67EC
F7EE
F7DE
F7DE
F7BE
F7BE
77BC
63BC
3FF8
1FF0
07C0
ENDCHAR
STARTCHAR u24F2
ENCODING 9458
SWIDTH 1000 0
DWIDTH 16 0
BBX 16 16 0 -2
BITMAP
0000
07C0
1FF0
3FF8
771C
66EC
F6EE
F6EE
F71E
F6EE
F6EE
76EC
631C
3FF8
1FF0
07C0
ENDCHAR
STARTCHAR u24F3
ENCODING 9459
SWIDTH 1000 0
DWIDTH 16 0
BBX 16 16 0 -2
BITMAP
0000
07C0
1FF0
3FF8
771C
66EC
F6EE
F6EE
F70E
F7EE
F7EE
76EC
631C
3FF8
1FF0
07C0
ENDCHAR
STARTCHAR u24F4
ENCODING 9460
SWIDTH 1000 0
DWIDTH 16 0
BBX 16 16 0 -2
BITMAP
0000
07C0
1FF0
3FF8
739C
6D6C
FD6E
FD4E
FB2E
FB6E
F76E
6F6C
619C
3FF8
1FF0
07C0
ENDCHAR
STARTCHAR u24F5
ENCODING 9461
SWIDTH 1000 0
DWIDTH 16 0
BBX 16 16 0 -2
BITMAP
0000
07C0
1830
27C8
5834
5114
A30A
A10A
A10A
A10A
A10A
5394
5834
27C8
1830
07C0
ENDCHAR
STARTCHAR u24F6
ENCODING 9462
SWIDTH 1000 0
DWIDTH 16 0
BBX 16 16 0 -2
BITMAP
0000
07C0
1830
27C8
5834
5394
A44A
A04A
A18A
A20A
A40A
57D4
5834
27C8
1830
07C0
ENDCHAR
STARTCHAR u24F7
ENCODING 9463
SWIDTH 1000 0
DWIDTH 16 0
BBX 16 16 0 -2
BITMAP
0000
07C0
1830
27C8
5834
5394
A44A
A04A
A18A
A04A
A44A
5394
5834
27C8
1830
07C0
ENDCHAR
STARTCHAR u24F8
ENCODING 9464
SWIDTH 1000 0
DWIDTH 16 0
BBX 16 16 0 -2
BITMAP
0000
07C0
1830
27C8
5834
5194
A28A
A28A
A48A
A48A
A7CA
5094
5834
27C8
1830
07C0
ENDCHAR
STARTCHAR u24F9
ENCODING 9465
SWIDTH 1000 0
DWIDTH 16 0
BBX 16 16 0 -2
BITMAP
0000
07C0
1830
27C8
5834
57D4
A40A
A40A
A78A
A04A
A04A
5794
5834
27C8
1830
07C0
ENDCHAR
STARTCHAR u24FA
ENCODING 9466
SWIDTH 1000 0
DWIDTH 16 0
BBX 16 16 0 -2
BITMAP
0000
07C0
1830
27C8
5834
5394
A44A
A40A
A78A
A44A
A44A
5394
5834
27C8
1830
07C0
ENDCHAR
STARTCHAR u24FB
ENCODING 9467
SWIDTH 1000 0
DWIDTH 16 0
BBX 16 16 0 -2
BITMAP
0000
07C0
1830
27C8
5834
57D4
A04A
A08A
A08A
A10A
A10A
5114
5834
27C8
1830
07C0
ENDCHAR
STARTCHAR u24FC
ENCODING 9468
SWIDTH 1000 0
DWIDTH 16 0
BBX 16 16 0 -2
BITMAP
0000
07C0
1830
27C8
5834
5394
A44A
A44A
A38A
A44A
A44A
5394
5834
27C8
1830
07C0
ENDCHAR
STARTCHAR u24FD
ENCODING 9469
SWIDTH 1000 0
DWIDTH 16 0
BBX 16 16 0 -2
BITMAP
0000
07C0
1830
27C8
5834
5394
A44A
A44A
A3CA
A04A
A44A
5394
5834
27C8
1830
07C0
ENDCHAR
STARTCHAR u24FE
ENCODING 9470
SWIDTH 1000 0
DWIDTH 16 0
BBX 16 16 0 -2
BITMAP
0000
07C0
1830
27C8
5834
54D4
AD2A
A52A
A52A
A52A
A52A
5ED4
5834
27C8
1830
07C0
ENDCHAR
STARTCHAR u24FF
ENCODING 9471
SWIDTH 1000 0
DWIDTH 16 0
BBX 16 16 0 -2
BITMAP
0000
07C0
1FF0
3FF8
7C7C
7BBC
FBBE
FB3E
FABE
F9BE
FBBE
7BBC
7C7C
3FF8
1FF0
07C0
ENDCHAR
STARTCHAR u2500
ENCODING 9472
SWIDTH 1000 0
DWIDTH 16 0
BBX 16 16 0 -2
BITMAP
0000
0000
0000
0000
0000
0000
0000
0000
FFFF
0000
0000
0000
0000
0000
0000
0000
ENDCHAR
STARTCHAR u2501
ENCODING 9473
SWIDTH 1000 0
DWIDTH 16 0
BBX 16 16 0 -2
BITMAP
0000
0000
0000
0000
0000
0000
0000
FFFF
FFFF
FFFF
0000
0000
0000
0000
0000
0000
ENDCHAR
STARTCHAR u2502
ENCODING 9474
SWIDTH 1000 0
DWIDTH 16 0
BBX 16 16 0 -2
BITMAP
0100
0100
0100
0100
0100
0100
0100
0100
0100
0100
0100
0100
0100
0100
0100
0100
ENDCHAR
STARTCHAR u2503
ENCODING 9475
SWIDTH 1000 0
DWIDTH 16 0
BBX 16 16 0 -2
BITMAP
0380
0380
0380
0380
0380
0380
0380
0380
0380
0380
0380
0380
0380
0380
0380
0380
ENDCHAR
STARTCHAR u2504
ENCODING 9476
SWIDTH 1000 0
DWIDTH 16 0
BBX 16 16 0 -2
BITMAP
0000
0000
0000
0000
0000
0000
0000
0000
F7DE
0000
0000
0000
0000
0000
0000
0000
ENDCHAR
STARTCHAR u2505
ENCODING 9477
SWIDTH 1000 0
DWIDTH 16 0
BBX 16 16 0 -2
BITMAP
0000
0000
0000
0000
0000
0000
0000
F7DE
F7DE
F7DE
0000
0000
0000
0000
0000
0000
ENDCHAR
STARTCHAR u2506
ENCODING 9478
SWIDTH 1000 0
DWIDTH 16 0
BBX 16 16 0 -2
BITMAP
0000
0100
0100
0100
0100
0000
0100
0100
0100
0100
0100
0000
0100
0100
0100
0100
ENDCHAR
STARTCHAR u2507
ENCODING 9479
SWIDTH 1000 0
DWIDTH 16 0
BBX 16 16 0 -2
BITMAP
0000
0380
0380
0380
0380
0000
0380
0380
0380
0380
0380
0000
0380
0380
0380
0380
ENDCHAR
STARTCHAR u2508
ENCODING 9480
SWIDTH 1000 0
DWIDTH 16 0
BBX 16 16 0 -2
BITMAP
0000
0000
0000
0000
0000
0000
0000
0000
EEEE
0000
0000
0000
0000
0000
0000
0000
ENDCHAR
STARTCHAR u2509
ENCODING 9481
SWIDTH 1000 0
DWIDTH 16 0
BBX 16 16 0 -2
BITMAP
0000
0000
0000
0000
0000
0000
0000
EEEE
EEEE
EEEE
0000
0000
0000
0000
0000
0000
ENDCHAR
STARTCHAR u250A
ENCODING 9482
SWIDTH 1000 0
DWIDTH 16 0
BBX 16 16 0 -2
BITMAP
0000
0100
0100
0100
0000
0100
0100
0100
0000
0100
0100
0100
0000
0100
0100
0100
ENDCHAR
STARTCHAR u250B
ENCODING 9483
SWIDTH 1000 0
DWIDTH 16 0
BBX 16 16 0 -2
BITMAP
0000
0380
0380
0380
0000
0380
0380
0380
0000
0380
0380
0380
0000
0380
0380
0380
ENDCHAR
STARTCHAR u250C
ENCODING 9484
SWIDTH 1000 0
DWIDTH 16 0
BBX 16 16 0 -2
BITMAP
0000
0000
0000
0000
0000
0000
0000
0000
01FF
0100
0100
0100
0100
0100
0100
0100
ENDCHAR
STARTCHAR u250D
ENCODING 9485
SWIDTH 1000 0
DWIDTH 16 0
BBX 16 16 0 -2
BITMAP
0000
0000
0000
0000
0000
0000
0000
01FF
01FF
01FF
0100
0100
0100
0100
0100
0100
ENDCHAR
STARTCHAR u250E
ENCODING 9486
SWIDTH 1000 0
DWIDTH 16 0
BBX 16 16 0 -2
BITMAP
0000
0000
0000
0000
0000
0000
0000
0000
03FF
0380
0380
0380
0380
0380
0380
0380
ENDCHAR
STARTCHAR u250F
ENCODING 9487
SWIDTH 1000 0
DWIDTH 16 0
BBX 16 16 0 -2
BITMAP
0000
0000
0000
0000
0000
0000
0000
03FF
03FF
03FF
0380
0380
0380
0380
0380
0380
ENDCHAR
STARTCHAR u2510
ENCODING 9488
SWIDTH 1000 0
DWIDTH 16 0
BBX 16 16 0 -2
BITMAP
0000
0000
0000
0000
0000
0000
0000
0000
FF00
0100
0100
0100
0100
0100
0100
0100
ENDCHAR
STARTCHAR u2511
ENCODING 9489
SWIDTH 1000 0
DWIDTH 16 0
BBX 16 16 0 -2
BITMAP
0000
0000
0000
0000
0000
0000
0000
FF00
FF00
FF00
0100
0100
0100
0100
0100
0100
ENDCHAR
STARTCHAR u2512
ENCODING 9490
SWIDTH 1000 0
DWIDTH 16 0
BBX 16 16 0 -2
BITMAP
0000
0000
0000
0000
0000
0000
0000
0000
FF80
0380
0380
0380
0380
0380
0380
0380
ENDCHAR
STARTCHAR u2513
ENCODING 9491
SWIDTH 1000 0
DWIDTH 16 0
BBX 16 16 0 -2
BITMAP
0000
0000
0000
0000
0000
0000
0000
FF80
FF80
FF80
0380
0380
0380
0380
0380
0380
ENDCHAR
STARTCHAR u2514
ENCODING 9492
SWIDTH 1000 0
DWIDTH 16 0
BBX 16 16 0 -2
BITMAP
0100
0100
0100
0100
0100
0100
0100
0100
01FF
0000
0000
0000
0000
0000
0000
0000
ENDCHAR
STARTCHAR u2515
ENCODING 9493
SWIDTH 1000 0
DWIDTH 16 0
BBX 16 16 0 -2
BITMAP
0100
0100
0100
0100
0100
0100
0100
01FF
01FF
01FF
0000
0000
0000
0000
0000
0000
ENDCHAR
STARTCHAR u2516
ENCODING 9494
SWIDTH 1000 0
DWIDTH 16 0
BBX 16 16 0 -2
BITMAP
0380
0380
0380
0380
0380
0380
0380
0380
03FF
0000
0000
0000
0000
0000
0000
0000
ENDCHAR
STARTCHAR u2517
ENCODING 9495
SWIDTH 1000 0
DWIDTH 16 0
BBX 16 16 0 -2
BITMAP
0380
0380
0380
0380
0380
0380
0380
03FF
03FF
03FF
0000
0000
0000
0000
0000
0000
ENDCHAR
STARTCHAR u2518
ENCODING 9496
SWIDTH 1000 0
DWIDTH 16 0
BBX 16 16 0 -2
BITMAP
0100
0100
0100
0100
0100
0100
0100
0100
FF00
0000
0000
0000
0000
0000
0000
0000
ENDCHAR
STARTCHAR u2519
ENCODING 9497
SWIDTH 1000 0
DWIDTH 16 0
BBX 16 16 0 -2
BITMAP
0100
0100
0100
0100
0100
0100
0100
FF00
FF00
FF00
0000
0000
0000
0000
0000
0000
ENDCHAR
STARTCHAR u251A
ENCODING 9498
SWIDTH 1000 0
DWIDTH 16 0
BBX 16 16 0 -2
BITMAP
0380
0380
0380
0380
0380
0380
0380
0380
FF80
0000
0000
0000
0000
0000
0000
0000
ENDCHAR
STARTCHAR u251B
ENCODING 9499
SWIDTH 1000 0
DWIDTH 16 0
BBX 16 16 0 -2
BITMAP
0380
0380
0380
0380
0380
0380
0380
FF80
FF80
FF80
0000
0000
0000
0000
0000
0000
ENDCHAR
STARTCHAR u251C
ENCODING 9500
SWIDTH 1000 0
DWIDTH 16 0
BBX 16 16 0 -2
BITMAP
0100
0100
0100
0100
0100
0100
0100
0100
01FF
0100
0100
0100
0100
0100
0100
0100
ENDCHAR
STARTCHAR u251D
ENCODING 9501
SWIDTH 1000 0
DWIDTH 16 0
BBX 16 16 0 -2
BITMAP
0100
0100
0100
0100
0100
0100
0100
01FF
01FF
01FF
0100
0100
0100
0100
0100
0100
ENDCHAR
STARTCHAR u251E
ENCODING 9502
SWIDTH 1000 0
DWIDTH 16 0
BBX 16 16 0 -2
BITMAP
0380
0380
0380
0380
0380
0380
0380
0380
03FF
0100
0100
0100
0100
0100
0100
0100
ENDCHAR
STARTCHAR u251F
ENCODING 9503
SWIDTH 1000 0
DWIDTH 16 0
BBX 16 16 0 -2
BITMAP
0100
0100
0100
0100
0100
0100
0100
0100
03FF
0380
0380
0380
0380
0380
0380
0380
ENDCHAR
STARTCHAR u2520
ENCODING 9504
SWIDTH 1000 0
DWIDTH 16 0
BBX 16 16 0 -2
BITMAP
0380
0380
0380
0380
0380
0380
0380
0380
03FF
0380
0380
0380
0380
0380
0380
0380
ENDCHAR
STARTCHAR u2521
ENCODING 9505
SWIDTH 1000 0
DWIDTH 16 0
BBX 16 16 0 -2
BITMAP
0380
0380
0380
0380
0380
0380
0380
03FF
03FF
03FF
0100
0100
0100
0100
0100
0100
ENDCHAR
STARTCHAR u2522
ENCODING 9506
SWIDTH 1000 0
DWIDTH 16 0
BBX 16 16 0 -2
BITMAP
0100
0100
0100
0100
0100
0100
0100
03FF
03FF
03FF
0380
0380
0380
0380
0380
0380
ENDCHAR
STARTCHAR u2523
ENCODING 9507
SWIDTH 1000 0
DWIDTH 16 0
BBX 16 16 0 -2
BITMAP
0380
0380
0380
0380
0380
0380
0380
03FF
03FF
03FF
0380
0380
0380
0380
0380
0380
ENDCHAR
STARTCHAR u2524
ENCODING 9508
SWIDTH 1000 0
DWIDTH 16 0
BBX 16 16 0 -2
BITMAP
0100
0100
0100
0100
0100
0100
0100
0100
FF00
0100
0100
0100
0100
0100
0100
0100
ENDCHAR
STARTCHAR u2525
ENCODING 9509
SWIDTH 1000 0
DWIDTH 16 0
BBX 16 16 0 -2
BITMAP
0100
0100
0100
0100
0100
0100
0100
FF00
FF00
FF00
0100
0100
0100
0100
0100
0100
ENDCHAR
STARTCHAR u2526
ENCODING 9510
SWIDTH 1000 0
DWIDTH 16 0
BBX 16 16 0 -2
BITMAP
0380
0380
0380
0380
0380
0380
0380
0380
FF80
0100
0100
0100
0100
0100
0100
0100
ENDCHAR
STARTCHAR u2527
ENCODING 9511
SWIDTH 1000 0
DWIDTH 16 0
BBX 16 16 0 -2
BITMAP
0100
0100
0100
0100
0100
0100
0100
0100
FF80
0380
0380
0380
0380
0380
0380
0380
ENDCHAR
STARTCHAR u2528
ENCODING 9512
SWIDTH 1000 0
DWIDTH 16 0
BBX 16 16 0 -2
BITMAP
0380
0380
0380
0380
0380
0380
0380
0380
FF80
0380
0380
0380
0380
0380
0380
0380
ENDCHAR
STARTCHAR u2529
ENCODING 9513
SWIDTH 1000 0
DWIDTH 16 0
BBX 16 16 0 -2
BITMAP
0380
0380
0380
0380
0380
0380
0380
FF80
FF80
FF80
0100
0100
0100
0100
0100
0100
ENDCHAR
STARTCHAR u252A
ENCODING 9514
SWIDTH 1000 0
DWIDTH 16 0
BBX 16 16 0 -2
BITMAP
0100
0100
0100
0100
0100
0100
0100
FF80
FF80
FF80
0380
0380
0380
0380
0380
0380
ENDCHAR
STARTCHAR u252B
ENCODING 9515
SWIDTH 1000 0
DWIDTH 16 0
BBX 16 16 0 -2
BITMAP
0380
0380
0380
0380
0380
0380
0380
FF80
FF80
FF80
0380
0380
0380
0380
0380
0380
ENDCHAR
STARTCHAR u252C
ENCODING 9516
SWIDTH 1000 0
DWIDTH 16 0
BBX 16 16 0 -2
BITMAP
0000
0000
0000
0000
0000
0000
0000
0000
FFFF
0100
0100
0100
0100
0100
0100
0100
ENDCHAR
STARTCHAR u252D
ENCODING 9517
SWIDTH 1000 0
DWIDTH 16 0
BBX 16 16 0 -2
BITMAP
0000
0000
0000
0000
0000
0000
0000
FF00
FFFF
FF00
0100
0100
0100
0100
0100
0100
ENDCHAR
STARTCHAR u252E
ENCODING 9518
SWIDTH 1000 0
DWIDTH 16 0
BBX 16 16 0 -2
BITMAP
0000
0000
0000
0000
0000
0000
0000
01FF
FFFF
01FF
0100
0100
0100
0100
0100
0100
ENDCHAR
STARTCHAR u252F
ENCODING 9519
SWIDTH 1000 0
DWIDTH 16 0
BBX 16 16 0 -2
BITMAP
0000
0000
0000
0000
0000
0000
0000
FFFF
FFFF
FFFF
0100
0100
0100
0100
0100
0100
ENDCHAR
STARTCHAR u2530
ENCODING 9520
SWIDTH 1000 0
DWIDTH 16 0
BBX 16 16 0 -2
BITMAP
0000
0000
0000
0000
0000
0000
0000
0000
FFFF
0380
0380
0380
0380
0380
0380
0380
ENDCHAR
STARTCHAR u2531
ENCODING 9521
SWIDTH 1000 0
DWIDTH 16 0
BBX 16 16 0 -2
BITMAP
0000
0000
0000
0000
0000
0000
0000
FF80
FFFF
FF80
0380
0380
0380
0380
0380
0380
ENDCHAR
STARTCHAR u2532
ENCODING 9522
SWIDTH 1000 0
DWIDTH 16 0
BBX 16 16 0 -2
BITMAP
0000
0000
0000
0000
0000
0000
0000
03FF
FFFF
03FF
0380
0380
0380
0380
0380
0380
ENDCHAR
STARTCHAR u2533
ENCODING 9523
SWIDTH 1000 0
DWIDTH 16 0
BBX 16 16 0 -2
BITMAP
0000
0000
0000
0000
0000
0000
0000
FFFF
FFFF
FFFF
0380
0380
0380
0380
0380
0380
ENDCHAR
STARTCHAR u2534
ENCODING 9524
SWIDTH 1000 0
DWIDTH 16 0
BBX 16 16 0 -2
BITMAP
0100
0100
0100
0100
0100
0100
0100
0100
FFFF
0000
0000
0000
0000
0000
0000
0000
ENDCHAR
STARTCHAR u2535
ENCODING 9525
SWIDTH 1000 0
DWIDTH 16 0
BBX 16 16 0 -2
BITMAP
0100
0100
0100
0100
0100
0100
0100
FF00
FFFF
FF00
0000
0000
0000
0000
0000
0000
ENDCHAR
STARTCHAR u2536
ENCODING 9526
SWIDTH 1000 0
DWIDTH 16 0
BBX 16 16 0 -2
BITMAP
0100
0100
0100
0100
0100
0100
0100
01FF
FFFF
01FF
0000
0000
0000
0000
0000
0000
ENDCHAR
STARTCHAR u2537
ENCODING 9527
SWIDTH 1000 0
DWIDTH 16 0
BBX 16 16 0 -2
BITMAP
0100
0100
0100
0100
0100
0100
0100
FFFF
FFFF
FFFF
0000
0000
0000
0000
0000
0000
ENDCHAR
STARTCHAR u2538
ENCODING 9528
SWIDTH 1000 0
DWIDTH 16 0
BBX 16 16 0 -2
BITMAP
0380
0380
0380
0380
0380
0380
0380
0380
FFFF
0000
0000
0000
0000
0000
0000
0000
ENDCHAR
STARTCHAR u2539
ENCODING 9529
SWIDTH 1000 0
DWIDTH 16 0
BBX 16 16 0 -2
BITMAP
0380
0380
0380
0380
0380
0380
0380
FF80
FFFF
FF80
0000
0000
0000
0000
0000
0000
ENDCHAR
STARTCHAR u253A
ENCODING 9530
SWIDTH 1000 0
DWIDTH 16 0
BBX 16 16 0 -2
BITMAP
0380
0380
0380
0380
0380
0380
0380
03FF
FFFF
03FF
0000
0000
0000
0000
0000
0000
ENDCHAR
STARTCHAR u253B
ENCODING 9531
SWIDTH 1000 0
DWIDTH 16 0
BBX 16 16 0 -2
BITMAP
0380
0380
0380
0380
0380
0380
0380
FFFF
FFFF
FFFF
0000
0000
0000
0000
0000
0000
ENDCHAR
STARTCHAR u253C
ENCODING 9532
SWIDTH 1000 0
DWIDTH 16 0
BBX 16 16 0 -2
BITMAP
0100
0100
0100
0100
0100
0100
0100
0100
FFFF
0100
0100
0100
0100
0100
0100
0100
ENDCHAR
STARTCHAR u253D
ENCODING 9533
SWIDTH 1000 0
DWIDTH 16 0
BBX 16 16 0 -2
BITMAP
0100
0100
0100
0100
0100
0100
0100
FF00
FFFF
FF00
0100
0100
0100
0100
0100
0100
ENDCHAR
STARTCHAR u253E
ENCODING 9534
SWIDTH 1000 0
DWIDTH 16 0
BBX 16 16 0 -2
BITMAP
0100
0100
0100
0100
0100
0100
0100
01FF
FFFF
01FF
0100
0100
0100
0100
0100
0100
ENDCHAR
STARTCHAR u253F
ENCODING 9535
SWIDTH 1000 0
DWIDTH 16 0
BBX 16 16 0 -2
BITMAP
0100
0100
0100
0100
0100
0100
0100
FFFF
FFFF
FFFF
0100
0100
0100
0100
0100
0100
ENDCHAR
STARTCHAR u2540
ENCODING 9536
SWIDTH 1000 0
DWIDTH 16 0
BBX 16 16 0 -2
BITMAP
0380
0380
0380
0380
0380
0380
0380
0380
FFFF
0100
0100
0100
0100
0100
0100
0100
ENDCHAR
STARTCHAR u2541
ENCODING 9537
SWIDTH 1000 0
DWIDTH 16 0
BBX 16 16 0 -2
BITMAP
0100
0100
0100
0100
0100
0100
0100
0100
FFFF
0380
0380
0380
0380
0380
0380
0380
ENDCHAR
STARTCHAR u2542
ENCODING 9538
SWIDTH 1000 0
DWIDTH 16 0
BBX 16 16 0 -2
BITMAP
0380
0380
0380
0380
0380
0380
0380
0380
FFFF
0380
0380
0380
0380
0380
0380
0380
ENDCHAR
STARTCHAR u2543
ENCODING 9539
SWIDTH 1000 0
DWIDTH 16 0
BBX 16 16 0 -2
BITMAP
0380
0380
0380
0380
0380
0380
0380
FF80
FFFF
FF80
0100
0100
0100
0100
0100
0100
ENDCHAR
STARTCHAR u2544
ENCODING 9540
SWIDTH 1000 0
DWIDTH 16 0
BBX 16 16 0 -2
BITMAP
0380
0380
0380
0380
0380
0380
0380
03FF
FFFF
03FF
0100
0100
0100
0100
0100
0100
ENDCHAR
STARTCHAR u2545
ENCODING 9541
SWIDTH 1000 0
DWIDTH 16 0
BBX 16 16 0 -2
BITMAP
0100
0100
0100
0100
0100
0100
0100
FF80
FFFF
FF80
0380
0380
0380
0380
0380
0380
ENDCHAR
STARTCHAR u2546
ENCODING 9542
SWIDTH 1000 0
DWIDTH 16 0
BBX 16 16 0 -2
BITMAP
0100
0100
0100
0100
0100
0100
0100
03FF
FFFF
03FF
0380
0380
0380
0380
0380
0380
ENDCHAR
STARTCHAR u2547
ENCODING 9543
SWIDTH 1000 0
DWIDTH 16 0
BBX 16 16 0 -2
BITMAP
0380
0380
0380
0380
0380
0380
0380
FFFF
FFFF
FFFF
0100
0100
0100
0100
0100
0100
ENDCHAR
STARTCHAR u2548
ENCODING 9544
SWIDTH 1000 0
DWIDTH 16 0
BBX 16 16 0 -2
BITMAP
0100
0100
0100
0100
0100
0100
0100
FFFF
FFFF
FFFF
0380
0380
0380
0380
0380
0380
ENDCHAR
STARTCHAR u2549
ENCODING 9545
SWIDTH 1000 0
DWIDTH 16 0
BBX 16 16 0 -2
BITMAP
0380
0380
0380
0380
0380
0380
0380
FF80
FFFF
FF80
0380
0380
0380
0380
0380
0380
ENDCHAR
STARTCHAR u254A
ENCODING 9546
SWIDTH 1000 0
DWIDTH 16 0
BBX 16 16 0 -2
BITMAP
0380
0380
0380
0380
0380
0380
0380
03FF
FFFF
03FF
0380
0380
0380
0380
0380
0380
ENDCHAR
STARTCHAR u254B
ENCODING 9547
SWIDTH 1000 0
DWIDTH 16 0
BBX 16 16 0 -2
BITMAP
0380
0380
0380
0380
0380
0380
0380
FFFF
FFFF
FFFF
0380
0380
0380
0380
0380
0380
ENDCHAR
STARTCHAR u254C
ENCODING 9548
SWIDTH 1000 0
DWIDTH 16 0
BBX 16 16 0 -2
BITMAP
0000
0000
0000
0000
0000
0000
0000
0000
7E7E
0000
0000
0000
0000
0000
0000
0000
ENDCHAR
STARTCHAR u254D
ENCODING 9549
SWIDTH 1000 0
DWIDTH 16 0
BBX 16 16 0 -2
BITMAP
0000
0000
0000
0000
0000
0000
0000
7E7E
7E7E
7E7E
0000
0000
0000
0000
0000
0000
ENDCHAR
STARTCHAR u254E
ENCODING 9550
SWIDTH 1000 0
DWIDTH 16 0
BBX 16 16 0 -2
BITMAP
0000
0100
0100
0100
0100
0100
0100
0000
0000
0100
0100
0100
0100
0100
0100
0000
ENDCHAR
STARTCHAR u254F
ENCODING 9551
SWIDTH 1000 0
DWIDTH 16 0
BBX 16 16 0 -2
BITMAP
0000
0380
0380
0380
0380
0380
0380
0000
0000
0380
0380
0380
0380
0380
0380
0000
ENDCHAR
STARTCHAR u2550
ENCODING 9552
SWIDTH 1000 0
DWIDTH 16 0
BBX 16 16 0 -2
BITMAP
0000
0000
0000
0000
0000
0000
0000
FFFF
0000
FFFF
0000
0000
0000
0000
0000
0000
ENDCHAR
STARTCHAR u2551
ENCODING 9553
SWIDTH 1000 0
DWIDTH 16 0
BBX 16 16 0 -2
BITMAP
0280
0280
0280
0280
0280
0280
0280
0280
0280
0280
0280
0280
0280
0280
0280
0280
ENDCHAR
STARTCHAR u2552
ENCODING 9554
SWIDTH 1000 0
DWIDTH 16 0
BBX 16 16 0 -2
BITMAP
0000
0000
0000
0000
0000
0000
0000
01FF
0100
01FF
0100
0100
0100
0100
0100
0100
ENDCHAR
STARTCHAR u2553
ENCODING 9555
SWIDTH 1000 0
DWIDTH 16 0
BBX 16 16 0 -2
BITMAP
0000
0000
0000
0000
0000
0000
0000
0000
03FF
0280
0280
0280
0280
0280
0280
0280
ENDCHAR
STARTCHAR u2554
ENCODING 9556
SWIDTH 1000 0
DWIDTH 16 0
BBX 16 16 0 -2
BITMAP
0000
0000
0000
0000
0000
0000
0000
03FF
0200
02FF
0280
0280
0280
0280
0280
0280
ENDCHAR
STARTCHAR u2555
ENCODING 9557
SWIDTH 1000 0
DWIDTH 16 0
BBX 16 16 0 -2
BITMAP
0000
0000
0000
0000
0000
0000
0000
FF00
0100
FF00
0100
0100
0100
0100
0100
0100
ENDCHAR
STARTCHAR u2556
ENCODING 9558
SWIDTH 1000 0
DWIDTH 16 0
BBX 16 16 0 -2
BITMAP
0000
0000
0000
0000
0000
0000
0000
0000
FF80
0280
0280
0280
0280
0280
0280
0280
ENDCHAR
STARTCHAR u2557
ENCODING 9559
SWIDTH 1000 0
DWIDTH 16 0
BBX 16 16 0 -2
BITMAP
0000
0000
0000
0000
0000
0000
0000
FF80
0080
FE80
0280
0280
0280
0280
0280
0280
ENDCHAR
STARTCHAR u2558
ENCODING 9560
SWIDTH 1000 0
DWIDTH 16 0
BBX 16 16 0 -2
BITMAP
0100
0100
0100
0100
0100
0100
0100
01FF
0100
01FF
0000
0000
0000
0000
0000
0000
ENDCHAR
STARTCHAR u2559
ENCODING 9561
SWIDTH 1000 0
DWIDTH 16 0
BBX 16 16 0 -2
BITMAP
0280
0280
0280
0280
0280
0280
0280
0280
03FF
0000
0000
0000
0000
0000
0000
0000
ENDCHAR
STARTCHAR u255A
ENCODING 9562
SWIDTH 1000 0
DWIDTH 16 0
BBX 16 16 0 -2
BITMAP
0280
0280
0280
0280
0280
0280
0280
02FF
0200
03FF
0000
0000
0000
0000
0000
0000
ENDCHAR
STARTCHAR u255B
ENCODING 9563
SWIDTH 1000 0
DWIDTH 16 0
BBX 16 16 0 -2
BITMAP
0100
0100
0100
0100
0100
0100
0100
FF00
0100
FF00
0000
0000
0000
0000
0000
0000
ENDCHAR
STARTCHAR u255C
ENCODING 9564
SWIDTH 1000 0
DWIDTH 16 0
BBX 16 16 0 -2
BITMAP
0280
0280
0280
0280
0280
0280
0280
0280
FF80
0000
0000
0000
0000
0000
0000
0000
ENDCHAR
STARTCHAR u255D
ENCODING 9565
SWIDTH 1000 0
DWIDTH 16 0
BBX 16 16 0 -2
BITMAP
0280
0280
0280
0280
0280
0280
0280
FE80
0080
FF80
0000
0000
0000
0000
0000
0000
ENDCHAR
STARTCHAR u255E
ENCODING 9566
SWIDTH 1000 0
DWIDTH 16 0
BBX 16 16 0 -2
BITMAP
0100
0100
0100
0100
0100
0100
0100
01FF
0100
01FF
0100
0100
0100
0100
0100
0100
ENDCHAR
STARTCHAR u255F
ENCODING 9567
SWIDTH 1000 0
DWIDTH 16 0
BBX 16 16 0 -2
BITMAP
0280
0280
0280
0280
0280
0280
0280
0280
02FF
0280
0280
0280
0280
0280
0280
0280
ENDCHAR
STARTCHAR u2560
ENCODING 9568
SWIDTH 1000 0
DWIDTH 16 0
BBX 16 16 0 -2
BITMAP
0280
0280
0280
0280
0280
0280
0280
02FF
0200
02FF
0280
0280
0280
0280
0280
0280
ENDCHAR
STARTCHAR u2561
ENCODING 9569
SWIDTH 1000 0
DWIDTH 16 0
BBX 16 16 0 -2
BITMAP
0100
0100
0100
0100
0100
0100
0100
FF00
0100
FF00
0100
0100
0100
0100
0100
0100
ENDCHAR
STARTCHAR u2562
ENCODING 9570
SWIDTH 1000 0
DWIDTH 16 0
BBX 16 16 0 -2
BITMAP
0280
0280
0280
0280
0280
0280
0280
0280
FE80
0280
0280
0280
0280
0280
0280
0280
ENDCHAR
STARTCHAR u2563
ENCODING 9571
SWIDTH 1000 0
DWIDTH 16 0
BBX 16 16 0 -2
BITMAP
0280
0280
0280
0280
0280
0280
0280
FE80
0080
FE80
0280
0280
0280
0280
0280
0280
ENDCHAR
STARTCHAR u2564
ENCODING 9572
SWIDTH 1000 0
DWIDTH 16 0
BBX 16 16 0 -2
BITMAP
0000
0000
0000
0000
0000
0000
0000
FFFF
0000
FFFF
0100
0100
0100
0100
0100
0100
ENDCHAR
STARTCHAR u2565
ENCODING 9573
SWIDTH 1000 0
DWIDTH 16 0
BBX 16 16 0 -2
BITMAP
0000
0000
0000
0000
0000
0000
0000
0000
FFFF
0280
0280
0280
0280
0280
0280
0280
ENDCHAR
STARTCHAR u2566
ENCODING 9574
SWIDTH 1000 0
DWIDTH 16 0
BBX 16 16 0 -2
BITMAP
0000
0000
0000
0000
0000
0000
0000
FFFF
0000
FEFF
0280
0280
0280
0280
0280
0280
ENDCHAR
STARTCHAR u2567
ENCODING 9575
SWIDTH 1000 0
DWIDTH 16 0
BBX 16 16 0 -2
BITMAP
0100
0100
0100
0100
0100
0100
0100
FFFF
0000
FFFF
0000
0000
0000
0000
0000
0000
ENDCHAR
STARTCHAR u2568
ENCODING 9576
SWIDTH 1000 0
DWIDTH 16 0
BBX 16 16 0 -2
BITMAP
0280
0280
0280
0280
0280
0280
0280
0280
FFFF
0000
0000
0000
0000
0000
0000
0000
ENDCHAR
STARTCHAR u2569
ENCODING 9577
SWIDTH 1000 0
DWIDTH 16 0
BBX 16 16 0 -2
BITMAP
0280
0280
0280
0280
0280
0280
0280
FEFF
0000
FFFF
0000
0000
0000
0000
0000
0000
ENDCHAR
STARTCHAR u256A
ENCODING 9578
SWIDTH 1000 0
DWIDTH 16 0
BBX 16 16 0 -2
BITMAP
0100
0100
0100
0100
0100
0100
0100
FFFF
0100
FFFF
0100
0100
0100
0100
0100
0100
ENDCHAR
STARTCHAR u256B
ENCODING 9579
SWIDTH 1000 0
DWIDTH 16 0
BBX 16 16 0 -2
BITMAP
0280
0280
0280
0280
0280
0280
0280
0280
FFFF
0280
0280
0280
0280
0280
0280
0280
ENDCHAR
STARTCHAR u256C
ENCODING 9580
SWIDTH 1000 0
DWIDTH 16 0
BBX 16 16 0 -2
BITMAP
0280
0280
0280
0280
0280
0280
0280
FEFF
0000
FEFF
0280
0280
0280
0280
0280
0280
ENDCHAR
STARTCHAR u256D
ENCODING 9581
SWIDTH 1000 0
DWIDTH 16 0
BBX 16 16 0 -2
BITMAP
0000
0000
0000
0000
0000
0000
0000
0000
0007
0018
0020
0040
0080
0080
0100
0100
ENDCHAR
STARTCHAR u256E
ENCODING 9582
SWIDTH 1000 0
DWIDTH 16 0
BBX 16 16 0 -2
BITMAP
0000
0000
0000
0000
0000
0000
0000
0000
C000
3000
0800
0400
0200
0200
0100
0100
ENDCHAR
STARTCHAR u256F
ENCODING 9583
SWIDTH 1000 0
DWIDTH 16 0
BBX 16 16 0 -2
BITMAP
0100
0100
0100
0200
0200
0400
0800
3000
C000
0000
0000
0000
0000
0000
0000
0000
ENDCHAR
STARTCHAR u2570
ENCODING 9584
SWIDTH 1000 0
DWIDTH 16 0
BBX 16 16 0 -2
BITMAP
0100
0100
0100
0080
0080
0040
0020
0018
0007
0000
0000
0000
0000
0000
0000
0000
ENDCHAR
STARTCHAR u2571
ENCODING 9585
SWIDTH 1000 0
DWIDTH 16 0
BBX 16 16 0 -2
BITMAP
0001
0002
0004
0008
0010
0020
0040
0080
0100
0200
0400
0800
1000
2000
4000
8000
ENDCHAR
STARTCHAR u2572
ENCODING 9586
SWIDTH 1000 0
DWIDTH 16 0
BBX 16 16 0 -2
BITMAP
8000
4000
2000
1000
0800
0400
0200
0100
0080
0040
0020
0010
0008
0004
0002
0001
ENDCHAR
STARTCHAR u2573
ENCODING 9587
SWIDTH 1000 0
DWIDTH 16 0
BBX 16 16 0 -2
BITMAP
8001
4002
2004
1008
0810
0420
0240
0180
0180
0240
0420
0810
1008
2004
4002
8001
ENDCHAR
STARTCHAR u2574
ENCODING 9588
SWIDTH 1000 0
DWIDTH 16 0
BBX 16 16 0 -2
BITMAP
0000
0000
0000
0000
0000
0000
0000
0000
FF00
0000
0000
0000
0000
0000
0000
0000
ENDCHAR
STARTCHAR u2575
ENCODING 9589
SWIDTH 1000 0
DWIDTH 16 0
BBX 16 16 0 -2
BITMAP
0100
0100
0100
0100
0100
0100
0100
0100
0100
0000
0000
0000
0000
0000
0000
0000
ENDCHAR
STARTCHAR u2576
ENCODING 9590
SWIDTH 1000 0
DWIDTH 16 0
BBX 16 16 0 -2
BITMAP
0000
0000
0000
0000
0000
0000
0000
0000
01FF
0000
0000
0000
0000
0000
0000
0000
ENDCHAR
STARTCHAR u2577
ENCODING 9591
SWIDTH 1000 0
DWIDTH 16 0
BBX 16 16 0 -2
BITMAP
0000
0000
0000
0000
0000
0000
0000
0000
0100
0100
0100
0100
0100
0100
0100
0100
ENDCHAR
STARTCHAR u2578
ENCODING 9592
SWIDTH 1000 0
DWIDTH 16 0
BBX 16 16 0 -2
BITMAP
0000
0000
0000
0000
0000
0000
0000
FF00
FF00
FF00
0000
0000
0000
0000
0000
0000
ENDCHAR
STARTCHAR u2579
ENCODING 9593
SWIDTH 1000 0
DWIDTH 16 0
BBX 16 16 0 -2
BITMAP
0380
0380
0380
0380
0380
0380
0380
0380
0380
0000
0000
0000
0000
0000
0000
0000
ENDCHAR
STARTCHAR u257A
ENCODING 9594
SWIDTH 1000 0
DWIDTH 16 0
BBX 16 16 0 -2
BITMAP
0000
0000
0000
0000
0000
0000
0000
01FF
01FF
01FF
0000
0000
0000
0000
0000
0000
ENDCHAR
STARTCHAR u257B
ENCODING 9595
SWIDTH 1000 0
DWIDTH 16 0
BBX 16 16 0 -2
BITMAP
0000
0000
0000
0000
0000
0000
0000
0000
0380
0380
0380
0380
0380
0380
0380
0380
ENDCHAR
STARTCHAR u257C
ENCODING 9596
SWIDTH 1000 0
DWIDTH 16 0
BBX 16 16 0 -2
BITMAP
0000
0000
0000
0000
0000
0000
0000
01FF
FFFF
01FF
0000
0000
0000
0000
0000
0000
ENDCHAR
STARTCHAR u257D
ENCODING 9597
SWIDTH 1000 0
DWIDTH 16 0
BBX 16 16 0 -2
BITMAP
0100
0100
0100
0100
0100
0100
0100
0100
0380
0380
0380
0380
0380
0380
0380
0380
ENDCHAR
STARTCHAR u257E
ENCODING 9598
SWIDTH 1000 0
DWIDTH 16 0
BBX 16 16 0 -2
BITMAP
0000
0000
0000
0000
0000
0000
0000
FF00
FFFF
FF00
0000
0000
0000
0000
0000
0000
ENDCHAR
STARTCHAR u257F
ENCODING 9599
SWIDTH 1000 0
DWIDTH 16 0
BBX 16 16 0 -2
BITMAP
0380
0380
0380
0380
0380
0380
0380
0380
0380
0100
0100
0100
0100
0100
0100
0100
ENDCHAR
STARTCHAR u2580
ENCODING 9600
SWIDTH 1000 0
DWIDTH 16 0
BBX 16 16 0 -2
BITMAP
FFFF
FFFF
FFFF
FFFF
FFFF
FFFF
FFFF
FFFF
0000
0000
0000
0000
0000
0000
0000
0000
ENDCHAR
STARTCHAR u2581
ENCODING 9601
SWIDTH 1000 0
DWIDTH 16 0
BBX 16 16 0 -2
BITMAP
0000
0000
0000
0000
0000
0000
0000
0000
0000
0000
0000
0000
0000
0000
FFFF
FFFF
ENDCHAR
STARTCHAR u2582
ENCODING 9602
SWIDTH 1000 0
DWIDTH 16 0
BBX 16 16 0 -2
BITMAP
0000
0000
0000
0000
0000
0000
0000
0000
0000
0000
0000
0000
FFFF
FFFF
FFFF
FFFF
ENDCHAR
STARTCHAR u2583
ENCODING 9603
SWIDTH 1000 0
DWIDTH 16 0
BBX 16 16 0 -2
BITMAP
0000
0000
0000
0000
0000
0000
0000
0000
0000
0000
FFFF
FFFF
FFFF
FFFF
FFFF
FFFF
ENDCHAR
STARTCHAR u2584
ENCODING 9604
SWIDTH 1000 0
DWIDTH 16 0
BBX 16 16 0 -2
BITMAP
0000
0000
0000
0000
0000
0000
0000
0000
FFFF
FFFF
FFFF
FFFF
FFFF
FFFF
FFFF
FFFF
ENDCHAR
STARTCHAR u2585
ENCODING 9605
SWIDTH 1000 0
DWIDTH 16 0
BBX 16 16 0 -2
BITMAP
0000
0000
0000
0000
0000
0000
FFFF
FFFF
FFFF
FFFF
FFFF
FFFF
FFFF
FFFF
FFFF
FFFF
ENDCHAR
STARTCHAR u2586
ENCODING 9606
SWIDTH 1000 0
DWIDTH 16 0
BBX 16 16 0 -2
BITMAP
0000
0000
0000
0000
FFFF
FFFF
FFFF
FFFF
FFFF
FFFF
FFFF
FFFF
FFFF
FFFF
FFFF
FFFF
ENDCHAR
STARTCHAR u2587
ENCODING 9607
SWIDTH 1000 0
DWIDTH 16 0
BBX 16 16 0 -2
BITMAP
0000
0000
FFFF
FFFF
FFFF
FFFF
FFFF
FFFF
FFFF
FFFF
FFFF
FFFF
FFFF
FFFF
FFFF
FFFF
ENDCHAR
STARTCHAR u2588
ENCODING 9608
SWIDTH 1000 0
DWIDTH 16 0
BBX 16 16 0 -2
BITMAP
FFFF
FFFF
FFFF
FFFF
FFFF
FFFF
FFFF
FFFF
FFFF
FFFF
FFFF
FFFF
FFFF
FFFF
FFFF
FFFF
ENDCHAR
STARTCHAR u2589
ENCODING 9609
SWIDTH 1000 0
DWIDTH 16 0
BBX 16 16 0 -2
BITMAP
FFFC
FFFC
FFFC
FFFC
FFFC
FFFC
FFFC
FFFC
FFFC
FFFC
FFFC
FFFC
FFFC
FFFC
FFFC
FFFC
ENDCHAR
STARTCHAR u258A
ENCODING 9610
SWIDTH 1000 0
DWIDTH 16 0
BBX 16 16 0 -2
BITMAP
FFF0
FFF0
FFF0
FFF0
FFF0
FFF0
FFF0
FFF0
FFF0
FFF0
FFF0
FFF0
FFF0
FFF0
FFF0
FFF0
ENDCHAR
STARTCHAR u258B
ENCODING 9611
SWIDTH 1000 0
DWIDTH 16 0
BBX 16 16 0 -2
BITMAP
FFC0
FFC0
FFC0
FFC0
FFC0
FFC0
FFC0
FFC0
FFC0
FFC0
FFC0
FFC0
FFC0
FFC0
FFC0
FFC0
ENDCHAR
STARTCHAR u258C
ENCODING 9612
SWIDTH 1000 0
DWIDTH 16 0
BBX 16 16 0 -2
BITMAP
FF00
FF00
FF00
FF00
FF00
FF00
FF00
FF00
FF00
FF00
FF00
FF00
FF00
FF00
FF00
FF00
ENDCHAR
STARTCHAR u258D
ENCODING 9613
SWIDTH 1000 0
DWIDTH 16 0
BBX 16 16 0 -2
BITMAP
FC00
FC00
FC00
FC00
FC00
FC00
FC00
FC00
FC00
FC00
FC00
FC00
FC00
FC00
FC00
FC00
ENDCHAR
STARTCHAR u258E
ENCODING 9614
SWIDTH 1000 0
DWIDTH 16 0
BBX 16 16 0 -2
BITMAP
F000
F000
F000
F000
F000
F000
F000
F000
F000
F000
F000
F000
F000
F000
F000
F000
ENDCHAR
STARTCHAR u258F
ENCODING 9615
SWIDTH 1000 0
DWIDTH 16 0
BBX 16 16 0 -2
BITMAP
C000
C000
C000
C000
C000
C000
C000
C000
C000
C000
C000
C000
C000
C000
C000
C000
ENDCHAR
STARTCHAR u2590
ENCODING 9616
SWIDTH 1000 0
DWIDTH 16 0
BBX 16 16 0 -2
BITMAP
00FF
00FF
00FF
00FF
00FF
00FF
00FF
00FF
00FF
00FF
00FF
00FF
00FF
00FF
00FF
00FF
ENDCHAR
STARTCHAR u2591
ENCODING 9617
SWIDTH 1000 0
DWIDTH 16 0
BBX 16 16 0 -2
BITMAP
AAAA
0000
AAAA
0000
AAAA
0000
AAAA
0000
AAAA
0000
AAAA
0000
AAAA
0000
AAAA
0000
ENDCHAR
STARTCHAR u2592
ENCODING 9618
SWIDTH 1000 0
DWIDTH 16 0
BBX 16 16 0 -2
BITMAP
AAAA
5555
AAAA
5555
AAAA
5555
AAAA
5555
AAAA
5555
AAAA
5555
AAAA
5555
AAAA
5555
ENDCHAR
STARTCHAR u2593
ENCODING 9619
SWIDTH 1000 0
DWIDTH 16 0
BBX 16 16 0 -2
BITMAP
FFFF
AAAA
FFFF
AAAA
FFFF
AAAA
FFFF
AAAA
FFFF
AAAA
FFFF
AAAA
FFFF
AAAA
FFFF
AAAA
ENDCHAR
STARTCHAR u2594
ENCODING 9620
SWIDTH 1000 0
DWIDTH 16 0
BBX 16 16 0 -2
BITMAP
FFFF
FFFF
0000
0000
0000
0000
0000
0000
0000
0000
0000
0000
0000
0000
0000
0000
ENDCHAR
STARTCHAR u2595
ENCODING 9621
SWIDTH 1000 0
DWIDTH 16 0
BBX 16 16 0 -2
BITMAP
0003
0003
0003
0003
0003
0003
0003
0003
0003
0003
0003
0003
0003
0003
0003
0003
ENDCHAR
STARTCHAR u2596
ENCODING 9622
SWIDTH 1000 0
DWIDTH 16 0
BBX 16 16 0 -2
BITMAP
0000
0000
0000
0000
0000
0000
0000
0000
FF00
FF00
FF00
FF00
FF00
FF00
FF00
FF00
ENDCHAR
STARTCHAR u2597
ENCODING 9623
SWIDTH 1000 0
DWIDTH 16 0
BBX 16 16 0 -2
BITMAP
0000
0000
0000
0000
0000
0000
0000
0000
00FF
00FF
00FF
00FF
00FF
00FF
00FF
00FF
ENDCHAR
STARTCHAR u2598
ENCODING 9624
SWIDTH 1000 0
DWIDTH 16 0
BBX 16 16 0 -2
BITMAP
FF00
FF00
FF00
FF00
FF00
FF00
FF00
FF00
0000
0000
0000
0000
0000
0000
0000
0000
ENDCHAR
STARTCHAR u2599
ENCODING 9625
SWIDTH 1000 0
DWIDTH 16 0
BBX 16 16 0 -2
BITMAP
FF00
FF00
FF00
FF00
FF00
FF00
FF00
FF00
FFFF
FFFF
FFFF
FFFF
FFFF
FFFF
FFFF
FFFF
ENDCHAR
STARTCHAR u259A
ENCODING 9626
SWIDTH 1000 0
DWIDTH 16 0
BBX 16 16 0 -2
BITMAP
FF00
FF00
FF00
FF00
FF00
FF00
FF00
FF00
00FF
00FF
00FF
00FF
00FF
00FF
00FF
00FF
ENDCHAR
STARTCHAR u259B
ENCODING 9627
SWIDTH 1000 0
DWIDTH 16 0
BBX 16 16 0 -2
BITMAP
FFFF
FFFF
FFFF
FFFF
FFFF
FFFF
FFFF
FFFF
FF00
FF00
FF00
FF00
FF00
FF00
FF00
FF00
ENDCHAR
STARTCHAR u259C
ENCODING 9628
SWIDTH 1000 0
DWIDTH 16 0
BBX 16 16 0 -2
BITMAP
FFFF
FFFF
FFFF
FFFF
FFFF
FFFF
FFFF
FFFF
00FF
00FF
00FF
00FF
00FF
00FF
00FF
00FF
ENDCHAR
STARTCHAR u259D
ENCODING 9629
SWIDTH 1000 0
DWIDTH 16 0
BBX 16 16 0 -2
BITMAP
00FF
00FF
00FF
00FF
00FF
00FF
00FF
00FF
0000
0000
0000
0000
0000
0000
0000
0000
ENDCHAR
STARTCHAR u259E
ENCODING 9630
SWIDTH 1000 0
DWIDTH 16 0
BBX 16 16 0 -2
BITMAP
00FF
00FF
00FF
00FF
00FF
00FF
00FF
00FF
FF00
FF00
FF00
FF00
FF00
FF00
FF00
FF00
ENDCHAR
STARTCHAR u259F
ENCODING 9631
SWIDTH 1000 0
DWIDTH 16 0
BBX 16 16 0 -2
BITMAP
00FF
00FF
00FF
00FF
00FF
00FF
00FF
00FF
FFFF
FFFF
FFFF
FFFF
FFFF
FFFF
FFFF
FFFF
ENDCHAR
STARTCHAR u25A0
ENCODING 9632
SWIDTH 1000 0
DWIDTH 16 0
BBX 16 16 0 -2
BITMAP
0000
0000
7FFC
7FFC
7FFC
7FFC
7FFC
7FFC
7FFC
7FFC
7FFC
7FFC
7FFC
7FFC
7FFC
0000
ENDCHAR
STARTCHAR u25A1
ENCODING 9633
SWIDTH 1000 0
DWIDTH 16 0
BBX 16 16 0 -2
BITMAP
0000
0000
7FFC
4004
4004
4004
4004
4004
4004
4004
4004
4004
4004
4004
7FFC
0000
ENDCHAR
STARTCHAR u25A2
ENCODING 9634
SWIDTH 1000 0
DWIDTH 16 0
BBX 16 16 0 -2
BITMAP
0000
0000
1FF0
2008
4004
4004
4004
4004
4004
4004
4004
4004
4004
2008
1FF0
0000
ENDCHAR
STARTCHAR u25A3
ENCODING 9635
SWIDTH 1000 0
DWIDTH 16 0
BBX 16 16 0 -2
BITMAP
0000
0000
7FFC
4004
4004
4FE4
4FE4
4FE4
4FE4
4FE4
4FE4
4FE4
4004
4004
7FFC
0000
ENDCHAR
STARTCHAR u25A4
ENCODING 9636
SWIDTH 1000 0
DWIDTH 16 0
BBX 16 16 0 -2
BITMAP
0000
0000
7FFC
4004
7FFC
4004
7FFC
4004
7FFC
4004
7FFC
4004
7FFC
4004
7FFC
0000
ENDCHAR
STARTCHAR u25A5
ENCODING 9637
SWIDTH 1000 0
DWIDTH 16 0
BBX 16 16 0 -2
BITMAP
0000
0000
7FFC
5554
5554
5554
5554
5554
5554
5554
5554
5554
5554
5554
7FFC
0000
ENDCHAR
STARTCHAR u25A6
ENCODING 9638
SWIDTH 1000 0
DWIDTH 16 0
BBX 16 16 0 -2
BITMAP
0000
0000
7FFC
5554
7FFC
5554
7FFC
5554
7FFC
5554
7FFC
5554
7FFC
5554
7FFC
0000
ENDCHAR
STARTCHAR u25A7
ENCODING 9639
SWIDTH 1000 0
DWIDTH 16 0
BBX 16 16 0 -2
BITMAP
0000
0000
7FFC
6494
524C
4924
6494
524C
4924
6494
524C
4924
6494
524C
7FFC
0000
ENDCHAR
STARTCHAR u25A8
ENCODING 9640
SWIDTH 1000 0
DWIDTH 16 0
BBX 16 16 0 -2
BITMAP
0000
0000
7FFC
524C
6494
4924
524C
6494
4924
524C
6494
4924
524C
6494
7FFC
0000
ENDCHAR
STARTCHAR u25A9
ENCODING 9641
SWIDTH 1000 0
DWIDTH 16 0
BBX 16 16 0 -2
BITMAP
0000
0000
7FFC
6AAC
5554
6AAC
5554
6AAC
5554
6AAC
5554
6AAC
5554
6AAC
7FFC
0000
ENDCHAR
STARTCHAR u25AA
ENCODING 9642
SWIDTH 1000 0
DWIDTH 16 0
BBX 16 16 0 -2
BITMAP
0000
0000
0000
0000
0000
0FE0
0FE0
0FE0
0FE0
0FE0
0FE0
0FE0
0000
0000
0000
0000
ENDCHAR
STARTCHAR u25AB
ENCODING 9643
SWIDTH 1000 0
DWIDTH 16 0
BBX 16 16 0 -2
BITMAP
0000
0000
0000
0000
0000
0FE0
0820
0820
0820
0820
0820
0FE0
0000
0000
0000
0000
ENDCHAR
STARTCHAR u25AC
ENCODING 9644
SWIDTH 1000 0
DWIDTH 16 0
BBX 16 16 0 -2
BITMAP
0000
0000
0000
0000
FFFE
FFFE
FFFE
FFFE
FFFE
FFFE
FFFE
FFFE
FFFE
0000
0000
0000
ENDCHAR
STARTCHAR u25AD
ENCODING 9645
SWIDTH 1000 0
DWIDTH 16 0
BBX 16 16 0 -2
BITMAP
0000
0000
0000
0000
FFFE
8002
8002
8002
8002
8002
8002
8002
FFFE
0000
0000
0000
ENDCHAR
STARTCHAR u25AE
ENCODING 9646
SWIDTH 1000 0
DWIDTH 16 0
BBX 16 16 0 -2
BITMAP
0000
1FF0
1FF0
1FF0
1FF0
1FF0
1FF0
1FF0
1FF0
1FF0
1FF0
1FF0
1FF0
1FF0
1FF0
1FF0
ENDCHAR
STARTCHAR u25AF
ENCODING 9647
SWIDTH 1000 0
DWIDTH 16 0
BBX 16 16 0 -2
BITMAP
0000
1FF0
1010
1010
1010
1010
1010
1010
1010
1010
1010
1010
1010
1010
1010
1FF0
ENDCHAR
STARTCHAR u25B0
ENCODING 9648
SWIDTH 1000 0
DWIDTH 16 0
BBX 16 16 0 -2
BITMAP
0000
0000
0000
0000
0FFE
0FFC
1FFC
1FF8
3FF8
3FF0
7FF0
7FE0
FFE0
0000
0000
0000
ENDCHAR
STARTCHAR u25B1
ENCODING 9649
SWIDTH 1000 0
DWIDTH 16 0
BBX 16 16 0 -2
BITMAP
0000
0000
0000
0000
0FFE
0804
1004
1008
2008
2010
4010
4020
FFE0
0000
0000
0000
ENDCHAR
STARTCHAR u25B2
ENCODING 9650
SWIDTH 1000 0
DWIDTH 16 0
BBX 16 16 0 -2
BITMAP
0000
0000
0100
0380
0380
07C0
07C0
0FE0
0FE0
1FF0
1FF0
3FF8
3FF8
7FFC
7FFC
0000
ENDCHAR
STARTCHAR u25B3
ENCODING 9651
SWIDTH 1000 0
DWIDTH 16 0
BBX 16 16 0 -2
BITMAP
0000
0000
0100
0280
0280
0440
0440
0820
0820
1010
1010
2008
2008
4004
7FFC
0000
ENDCHAR
STARTCHAR u25B4
ENCODING 9652
SWIDTH 1000 0
DWIDTH 16 0
BBX 16 16 0 -2
BITMAP
0000
0000
0000
0000
0000
0100
0380
0380
07C0
07C0
0FE0
0FE0
0000
0000
0000
0000
ENDCHAR
STARTCHAR u25B5
ENCODING 9653
SWIDTH 1000 0
DWIDTH 16 0
BBX 16 16 0 -2
BITMAP
0000
0000
0000
0000
0000
0100
0280
0280
0440
0440
0820
0FE0
0000
0000
0000
0000
ENDCHAR
STARTCHAR u25B6
ENCODING 9654
SWIDTH 1000 0
DWIDTH 16 0
BBX 16 16 0 -2
BITMAP
0000
0000
6000
7800
7E00
7F80
7FE0
7FF8
7FFC
7FF8
7FE0
7F80
7E00
7800
6000
0000
ENDCHAR
STARTCHAR u25B7
ENCODING 9655
SWIDTH 1000 0
DWIDTH 16 0
BBX 16 16 0 -2
BITMAP
0000
0000
6000
5800
4600
4180
4060
4018
4004
4018
4060
4180
4600
5800
6000
0000
ENDCHAR
STARTCHAR u25B8
ENCODING 9656
SWIDTH 1000 0
DWIDTH 16 0
BBX 16 16 0 -2
BITMAP
0000
0000
0000
0000
0000
0C00
0F00
0FC0
0FE0
0FC0
0F00
0C00
0000
0000
0000
0000
ENDCHAR
STARTCHAR u25B9
ENCODING 9657
SWIDTH 1000 0
DWIDTH 16 0
BBX 16 16 0 -2
BITMAP
0000
0000
0000
0000
0000
0C00
0B00
08C0
0820
08C0
0B00
0C00
0000
0000
0000
0000
ENDCHAR
STARTCHAR u25BA
ENCODING 9658
SWIDTH 1000 0
DWIDTH 16 0
BBX 16 16 0 -2
BITMAP
0000
0000
0000
0000
0000
7000
7E00
7FE0
7FFC
7FE0
7E00
7000
0000
0000
0000
0000
ENDCHAR
STARTCHAR u25BB
ENCODING 9659
SWIDTH 1000 0
DWIDTH 16 0
BBX 16 16 0 -2
BITMAP
0000
0000
0000
0000
0000
7000
4E00
41E0
401C
41E0
4E00
7000
0000
0000
0000
0000
ENDCHAR
STARTCHAR u25BC
ENCODING 9660
SWIDTH 1000 0
DWIDTH 16 0
BBX 16 16 0 -2
BITMAP
0000
0000
7FFC
7FFC
3FF8
3FF8
1FF0
1FF0
0FE0
0FE0
07C0
07C0
0380
0380
0100
0000
ENDCHAR
STARTCHAR u25BD
ENCODING 9661
SWIDTH 1000 0
DWIDTH 16 0
BBX 16 16 0 -2
BITMAP
0000
0000
7FFC
4004
2008
2008
1010
1010
0820
0820
0440
0440
0280
0280
0100
0000
ENDCHAR
STARTCHAR u25BE
ENCODING 9662
SWIDTH 1000 0
DWIDTH 16 0
BBX 16 16 0 -2
BITMAP
0000
0000
0000
0000
0000
0FE0
0FE0
07C0
07C0
0380
0380
0100
0000
0000
0000
0000
ENDCHAR
STARTCHAR u25BF
ENCODING 9663
SWIDTH 1000 0
DWIDTH 16 0
BBX 16 16 0 -2
BITMAP
0000
0000
0000
0000
0000
0FE0
0820
0440
0440
0280
0280
0100
0000
0000
0000
0000
ENDCHAR
STARTCHAR u25C0
ENCODING 9664
SWIDTH 1000 0
DWIDTH 16 0
BBX 16 16 0 -2
BITMAP
0000
0000
000C
003C
00FC
03FC
0FFC
3FFC
7FFC
3FFC
0FFC
03FC
00FC
003C
000C
0000
ENDCHAR
STARTCHAR u25C1
ENCODING 9665
SWIDTH 1000 0
DWIDTH 16 0
BBX 16 16 0 -2
BITMAP
0000
0000
000C
0034
00C4
0304
0C04
3004
4004
3004
0C04
0304
00C4
0034
000C
0000
ENDCHAR
STARTCHAR u25C2
ENCODING 9666
SWIDTH 1000 0
DWIDTH 16 0
BBX 16 16 0 -2
BITMAP
0000
0000
0000
0000
0000
0060
01E0
07E0
0FE0
07E0
01E0
0060
0000
0000
0000
0000
ENDCHAR
STARTCHAR u25C3
ENCODING 9667
SWIDTH 1000 0
DWIDTH 16 0
BBX 16 16 0 -2
BITMAP
0000
0000
0000
0000
0000
0060
01A0
0620
0820
0620
01A0
0060
0000
0000
0000
0000
ENDCHAR
STARTCHAR u25C4
ENCODING 9668
SWIDTH 1000 0
DWIDTH 16 0
BBX 16 16 0 -2
BITMAP
0000
0000
0000
0000
0000
001C
00FC
0FFC
7FFC
0FFC
00FC
001C
0000
0000
0000
0000
ENDCHAR
STARTCHAR u25C5
ENCODING 9669
SWIDTH 1000 0
DWIDTH 16 0
BBX 16 16 0 -2
BITMAP
0000
0000
0000
0000
0000
001C
00E4
0F04
7004
0F04
00E4
001C
0000
0000
0000
0000
ENDCHAR
STARTCHAR u25C6
ENCODING 9670
SWIDTH 1000 0
DWIDTH 16 0
BBX 16 16 0 -2
BITMAP
0000
0100
0380
07C0
0FE0
1FF0
3FF8
7FFC
FFFE
7FFC
3FF8
1FF0
0FE0
07C0
0380
0100
ENDCHAR
STARTCHAR u25C7
ENCODING 9671
SWIDTH 1000 0
DWIDTH 16 0
BBX 16 16 0 -2
BITMAP
0000
0100
0280
0440
0820
1010
2008
4004
8002
4004
2008
1010
0820
0440
0280
0100
ENDCHAR
STARTCHAR u25C8
ENCODING 9672
SWIDTH 1000 0
DWIDTH 16 0
BBX 16 16 0 -2
BITMAP
0000
0100
0280
0440
0920
1390
27C8
4FE4
9FF2
4FE4
27C8
1390
0920
0440
0280
0100
ENDCHAR
STARTCHAR u25C9
ENCODING 9673
SWIDTH 1000 0
DWIDTH 16 0
BBX 16 16 0 -2
BITMAP
0000
0000
0380
0C60
1010
2388
27C8
4FE4
4FE4
4FE4
27C8
2388
1010
0C60
0380
0000
ENDCHAR
STARTCHAR u25CA
ENCODING 9674
SWIDTH 1000 0
DWIDTH 16 0
BBX 16 16 0 -2
BITMAP
0000
0100
0280
0440
0440
0820
1010
1010
2008
1010
1010
0820
0440
0440
0280
0100
ENDCHAR
STARTCHAR u25CB
ENCODING 9675
SWIDTH 1000 0
DWIDTH 16 0
BBX 16 16 0 -2
BITMAP
0000
0000
0380
0C60
1010
2008
2008
4004
4004
4004
2008
2008
1010
0C60
0380
0000
ENDCHAR
STARTCHAR u25CC
ENCODING 9676
SWIDTH 1000 0
DWIDTH 16 0
BBX 16 16 0 -2
BITMAP
0000
0000
0280
0820
0000
2008
0000
4004
0000
4004
0000
2008
0000
0820
0280
0000
ENDCHAR
STARTCHAR u25CD
ENCODING 9677
SWIDTH 1000 0
DWIDTH 16 0
BBX 16 16 0 -2
BITMAP
0000
0000
0380
0D60
1550
3558
3558
5554
5554
5554
3558
3558
1550
0D60
0380
0000
ENDCHAR
STARTCHAR u25CE
ENCODING 9678
SWIDTH 1000 0
DWIDTH 16 0
BBX 16 16 0 -2
BITMAP
0000
0000
0380
0C60
1010
2388
2448
4824
4824
4824
2448
2388
1010
0C60
0380
0000
ENDCHAR
STARTCHAR u25CF
ENCODING 9679
SWIDTH 1000 0
DWIDTH 16 0
BBX 16 16 0 -2
BITMAP
0000
0000
0380
0FE0
1FF0
3FF8
3FF8
7FFC
7FFC
7FFC
3FF8
3FF8
1FF0
0FE0
0380
0000
ENDCHAR
STARTCHAR u25D0
ENCODING 9680
SWIDTH 1000 0
DWIDTH 16 0
BBX 16 16 0 -2
BITMAP
0000
0000
0380
0F60
1F10
3F08
3F08
7F04
7F04
7F04
3F08
3F08
1F10
0F60
0380
0000
ENDCHAR
STARTCHAR u25D1
ENCODING 9681
SWIDTH 1000 0
DWIDTH 16 0
BBX 16 16 0 -2
BITMAP
0000
0000
0380
0DE0
11F0
21F8
21F8
41FC
41FC
41FC
21F8
21F8
11F0
0DE0
0380
0000
ENDCHAR
STARTCHAR u25D2
ENCODING 9682
SWIDTH 1000 0
DWIDTH 16 0
BBX 16 16 0 -2
BITMAP
0000
0000
0380
0C60
1010
2008
2008
4004
7FFC
7FFC
3FF8
3FF8
1FF0
0FE0
0380
0000
ENDCHAR
STARTCHAR u25D3
ENCODING 9683
SWIDTH 1000 0
DWIDTH 16 0
BBX 16 16 0 -2
BITMAP
0000
0000
0380
0FE0
1FF0
3FF8
3FF8
7FFC
7FFC
4004
2008
2008
1010
0C60
0380
0000
ENDCHAR
STARTCHAR u25D4
ENCODING 9684
SWIDTH 1000 0
DWIDTH 16 0
BBX 16 16 0 -2
BITMAP
0000
0000
0380
0DE0
11F0
21F8
21F8
41FC
41FC
4004
2008
2008
1010
0C60
0380
0000
ENDCHAR
STARTCHAR u25D5
ENCODING 9685
SWIDTH 1000 0
DWIDTH 16 0
BBX 16 16 0 -2
BITMAP
0000
0000
0380
0DE0
11F0
21F8
21F8
41FC
7FFC
7FFC
3FF8
3FF8
1FF0
0FE0
0380
0000
ENDCHAR
STARTCHAR u25D6
ENCODING 9686
SWIDTH 1000 0
DWIDTH 16 0
BBX 16 16 0 -2
BITMAP
0000
0000
0300
0F00
1F00
3F00
3F00
7F00
7F00
7F00
3F00
3F00
1F00
0F00
0300
0000
ENDCHAR
STARTCHAR u25D7
ENCODING 9687
SWIDTH 1000 0
DWIDTH 16 0
BBX 16 16 0 -2
BITMAP
0000
0000
0180
01E0
01F0
01F8
01F8
01FC
01FC
01FC
01F8
01F8
01F0
01E0
0180
0000
ENDCHAR
STARTCHAR u25D8
ENCODING 9688
SWIDTH 1000 0
DWIDTH 16 0
BBX 16 16 0 -2
BITMAP
FFFF
FFFF
FFFF
FFFF
FFFF
FC3F
F81F
F81F
F81F
F81F
FC3F
FFFF
FFFF
FFFF
FFFF
FFFF
ENDCHAR
STARTCHAR u25D9
ENCODING 9689
SWIDTH 1000 0
DWIDTH 16 0
BBX 16 16 0 -2
BITMAP
FFFF
FC3F
F3CF
EFF7
DFFB
DFFB
BFFD
BFFD
BFFD
BFFD
DFFB
DFFB
EFF7
F3CF
FC3F
FFFF
ENDCHAR
STARTCHAR u25DA
ENCODING 9690
SWIDTH 1000 0
DWIDTH 16 0
BBX 16 16 0 -2
BITMAP
FFFF
FC3F
F3CF
EFF7
DFFB
DFFB
BFFD
BFFD
0000
0000
0000
0000
0000
0000
0000
0000
ENDCHAR
STARTCHAR u25DB
ENCODING 9691
SWIDTH 1000 0
DWIDTH 16 0
BBX 16 16 0 -2
BITMAP
0000
0000
0000
0000
0000
0000
0000
0000
BFFD
BFFD
DFFB
DFFB
EFF7
F3CF
FC3F
FFFF
ENDCHAR
STARTCHAR u25DC
ENCODING 9692
SWIDTH 1000 0
DWIDTH 16 0
BBX 16 16 0 -2
BITMAP
0000
0000
0300
0C00
1000
2000
2000
4000
4000
0000
0000
0000
0000
0000
0000
0000
ENDCHAR
STARTCHAR u25DD
ENCODING 9693
SWIDTH 1000 0
DWIDTH 16 0
BBX 16 16 0 -2
BITMAP
0000
0000
0180
0060
0010
0008
0008
0004
0004
0000
0000
0000
0000
0000
0000
0000
ENDCHAR
STARTCHAR u25DE
ENCODING 9694
SWIDTH 1000 0
DWIDTH 16 0
BBX 16 16 0 -2
BITMAP
0000
0000
0000
0000
0000
0000
0000
0000
0004
0004
0008
0008
0010
0060
0180
0000
ENDCHAR
STARTCHAR u25DF
ENCODING 9695
SWIDTH 1000 0
DWIDTH 16 0
BBX 16 16 0 -2
BITMAP
0000
0000
0000
0000
0000
0000
0000
0000
4000
4000
2000
2000
1000
0C00
0300
0000
ENDCHAR
STARTCHAR u25E0
ENCODING 9696
SWIDTH 1000 0
DWIDTH 16 0
BBX 16 16 0 -2
BITMAP
0000
0000
0380
0C60
1010
2008
2008
4004
4004
0000
0000
0000
0000
0000
0000
0000
ENDCHAR
STARTCHAR u25E1
ENCODING 9697
SWIDTH 1000 0
DWIDTH 16 0
BBX 16 16 0 -2
BITMAP
0000
0000
0000
0000
0000
0000
0000
0000
4004
4004
2008
2008
1010
0C60
0380
0000
ENDCHAR
STARTCHAR u25E2
ENCODING 9698
SWIDTH 1000 0
DWIDTH 16 0
BBX 16 16 0 -2
BITMAP
0001
0003
0007
000F
001F
003F
007F
00FF
01FF
03FF
07FF
0FFF
1FFF
3FFF
7FFF
FFFF
ENDCHAR
STARTCHAR u25E3
ENCODING 9699
SWIDTH 1000 0
DWIDTH 16 0
BBX 16 16 0 -2
BITMAP
8000
C000
E000
F000
F800
FC00
FE00
FF00
FF80
FFC0
FFE0
FFF0
FFF8
FFFC
FFFE
FFFF
ENDCHAR
STARTCHAR u25E4
ENCODING 9700
SWIDTH 1000 0
DWIDTH 16 0
BBX 16 16 0 -2
BITMAP
FFFF
FFFE
FFFC
FFF8
FFF0
FFE0
FFC0
FF80
FF00
FE00
FC00
F800
F000
E000
C000
8000
ENDCHAR
STARTCHAR u25E5
ENCODING 9701
SWIDTH 1000 0
DWIDTH 16 0
BBX 16 16 0 -2
BITMAP
FFFF
7FFF
3FFF
1FFF
0FFF
07FF
03FF
01FF
00FF
007F
003F
001F
000F
0007
0003
0001
ENDCHAR
STARTCHAR u25E6
ENCODING 9702
SWIDTH 1000 0
DWIDTH 16 0
BBX 16 16 0 -2
BITMAP
0000
0000
0000
0000
0000
0000
0380
0440
0440
0440
0380
0000
0000
0000
0000
0000
ENDCHAR
STARTCHAR u25E7
ENCODING 9703
SWIDTH 1000 0
DWIDTH 16 0
BBX 16 16 0 -2
BITMAP
0000
0000
7FFC
7F04
7F04
7F04
7F04
7F04
7F04
7F04
7F04
7F04
7F04
7F04
7FFC
0000
ENDCHAR
STARTCHAR u25E8
ENCODING 9704
SWIDTH 1000 0
DWIDTH 16 0
BBX 16 16 0 -2
BITMAP
0000
0000
7FFC
41FC
41FC
41FC
41FC
41FC
41FC
41FC
41FC
41FC
41FC
41FC
7FFC
0000
ENDCHAR
STARTCHAR u25E9
ENCODING 9705
SWIDTH 1000 0
DWIDTH 16 0
BBX 16 16 0 -2
BITMAP
0000
0000
7FFC
7FFC
7FF4
7FE4
7FC4
7F84
7F04
7E04
7C04
7804
7004
6004
7FFC
0000
ENDCHAR
STARTCHAR u25EA
ENCODING 9706
SWIDTH 1000 0
DWIDTH 16 0
BBX 16 16 0 -2
BITMAP
0000
0000
7FFC
400C
401C
403C
407C
40FC
41FC
43FC
47FC
4FFC
5FFC
7FFC
7FFC
0000
ENDCHAR
STARTCHAR u25EB
ENCODING 9707
SWIDTH 1000 0
DWIDTH 16 0
BBX 16 16 0 -2
BITMAP
0000
0000
7FFC
4104
4104
4104
4104
4104
4104
4104
4104
4104
4104
4104
7FFC
0000
ENDCHAR
STARTCHAR u25EC
ENCODING 9708
SWIDTH 1000 0
DWIDTH 16 0
BBX 16 16 0 -2
BITMAP
0000
0000
0100
0280
0280
0440
0440
0820
0820
1110
1390
2108
2008
4004
7FFC
0000
ENDCHAR
STARTCHAR u25ED
ENCODING 9709
SWIDTH 1000 0
DWIDTH 16 0
BBX 16 16 0 -2
BITMAP
0000
0000
0100
0380
0380
0740
0740
0F20
0F20
1F10
1F10
3F08
3F08
7F04
7FFC
0000
ENDCHAR
STARTCHAR u25EE
ENCODING 9710
SWIDTH 1000 0
DWIDTH 16 0
BBX 16 16 0 -2
BITMAP
0000
0000
0100
0380
0380
05C0
05C0
09E0
09E0
11F0
11F0
21F8
21F8
41FC
7FFC
0000
ENDCHAR
STARTCHAR u25EF
ENCODING 9711
SWIDTH 1000 0
DWIDTH 16 0
BBX 16 16 0 -2
BITMAP
0000
07C0
1830
2008
4004
4004
8002
8002
8002
8002
8002
4004
4004
2008
1830
07C0
ENDCHAR
STARTCHAR u25F0
ENCODING 9712
SWIDTH 1000 0
DWIDTH 16 0
BBX 16 16 0 -2
BITMAP
0000
0000
7FFC
4104
4104
4104
4104
4104
7F04
4004
4004
4004
4004
4004
7FFC
0000
ENDCHAR
STARTCHAR u25F1
ENCODING 9713
SWIDTH 1000 0
DWIDTH 16 0
BBX 16 16 0 -2
BITMAP
0000
0000
7FFC
4004
4004
4004
4004
4004
7F04
4104
4104
4104
4104
4104
7FFC
0000
ENDCHAR
STARTCHAR u25F2
ENCODING 9714
SWIDTH 1000 0
DWIDTH 16 0
BBX 16 16 0 -2
BITMAP
0000
0000
7FFC
4004
4004
4004
4004
4004
41FC
4104
4104
4104
4104
4104
7FFC
0000
ENDCHAR
STARTCHAR u25F3
ENCODING 9715
SWIDTH 1000 0
DWIDTH 16 0
BBX 16 16 0 -2
BITMAP
0000
0000
7FFC
4104
4104
4104
4104
4104
41FC
4004
4004
4004
4004
4004
7FFC
0000
ENDCHAR
STARTCHAR u25F4
ENCODING 9716
SWIDTH 1000 0
DWIDTH 16 0
BBX 16 16 0 -2
BITMAP
0000
0000
0380
0D60
1110
2108
2108
4104
7F04
4004
2008
2008
1010
0C60
0380
0000
ENDCHAR
STARTCHAR u25F5
ENCODING 9717
SWIDTH 1000 0
DWIDTH 16 0
BBX 16 16 0 -2
BITMAP
0000
0000
0380
0C60
1010
2008
2008
4004
7F04
4104
2108
2108
1110
0D60
0380
0000
ENDCHAR
STARTCHAR u25F6
ENCODING 9718
SWIDTH 1000 0
DWIDTH 16 0
BBX 16 16 0 -2
BITMAP
0000
0000
0380
0C60
1010
2008
2008
4004
41FC
4104
2108
2108
1110
0D60
0380
0000
ENDCHAR
STARTCHAR u25F7
ENCODING 9719
SWIDTH 1000 0
DWIDTH 16 0
BBX 16 16 0 -2
BITMAP
0000
0000
0380
0D60
1110
2108
2108
4104
41FC
4004
2008
2008
1010
0C60
0380
0000
ENDCHAR
STARTCHAR u25F8
ENCODING 9720
SWIDTH 1000 0
DWIDTH 16 0
BBX 16 16 0 -2
BITMAP
FFFF
8002
8004
8008
8010
8020
8040
8080
8100
8200
8400
8800
9000
A000
C000
8000
ENDCHAR
STARTCHAR u25F9
ENCODING 9721
SWIDTH 1000 0
DWIDTH 16 0
BBX 16 16 0 -2
BITMAP
FFFF
4001
2001
1001
0801
0401
0201
0101
0081
0041
0021
0011
0009
0005
0003
0001
ENDCHAR
STARTCHAR u25FA
ENCODING 9722
SWIDTH 1000 0
DWIDTH 16 0
BBX 16 16 0 -2
BITMAP
8000
C000
A000
9000
8800
8400
8200
8100
8080
8040
8020
8010
8008
8004
8002
FFFF
ENDCHAR
STARTCHAR u25FB
ENCODING 9723
SWIDTH 1000 0
DWIDTH 16 0
BBX 16 16 0 -2
BITMAP
0000
0000
0000
3FF8
2008
2008
2008
2008
2008
2008
2008
2008
2008
3FF8
0000
0000
ENDCHAR
STARTCHAR u25FC
ENCODING 9724
SWIDTH 1000 0
DWIDTH 16 0
BBX 16 16 0 -2
BITMAP
0000
0000
0000
3FF8
3FF8
3FF8
3FF8
3FF8
3FF8
3FF8
3FF8
3FF8
3FF8
3FF8
0000
0000
ENDCHAR
STARTCHAR u25FD
ENCODING 9725
SWIDTH 1000 0
DWIDTH 16 0
BBX 16 16 0 -2
BITMAP
0000
0000
0000
0000
1FF0
1010
1010
1010
1010
1010
1010
1010
1FF0
0000
0000
0000
ENDCHAR
STARTCHAR u25FE
ENCODING 9726
SWIDTH 1000 0
DWIDTH 16 0
BBX 16 16 0 -2
BITMAP
0000
0000
0000
0000
1FF0
1FF0
1FF0
1FF0
1FF0
1FF0
1FF0
1FF0
1FF0
0000
0000
0000
ENDCHAR
STARTCHAR u25FF
ENCODING 9727
SWIDTH 1000 0
DWIDTH 16 0
BBX 16 16 0 -2
BITMAP
0001
0003
0005
0009
0011
0021
0041
0081
0101
0201
0401
0801
1001
2001
4001
FFFF
ENDCHAR
STARTCHAR u2600
ENCODING 9728
SWIDTH 1000 0
DWIDTH 16 0
BBX 16 16 0 -2
BITMAP
0000
0000
0100
2108
1010
0380
07C0
0FE0
6FEC
0FE0
07C0
0380
1010
2108
0100
0000
ENDCHAR
STARTCHAR u2601
ENCODING 9729
SWIDTH 1000 0
DWIDTH 16 0
BBX 16 16 0 -2
BITMAP
0000
0000
07E0
0810
1008
1008
1C08
2014
4002
8002
8002
8002
8022
41C4
3E38
0000
ENDCHAR
STARTCHAR u2602
ENCODING 9730
SWIDTH 1000 0
DWIDTH 16 0
BBX 16 16 0 -2
BITMAP
0000
0100
0FE0
3FF8
7FFC
FFFE
FFFE
9112
0100
0100
0100
0100
0100
0900
0900
0600
ENDCHAR
STARTCHAR u2603
ENCODING 9731
SWIDTH 1000 0
DWIDTH 16 0
BBX 16 16 0 -2
BITMAP
0000
4FE4
0FE0
BFFA
0820
1010
5454
1010
1FF0
2FE8
A60A
2608
2608
2008
1010
0FE0
ENDCHAR
STARTCHAR u2604
ENCODING 9732
SWIDTH 1000 0
DWIDTH 16 0
BBX 16 16 0 -2
BITMAP
0000
0100
0104
0208
0210
0420
0440
0880
0106
1C18
2260
4280
4200
4400
3800
0000
ENDCHAR
STARTCHAR u2605
ENCODING 9733
SWIDTH 1000 0
DWIDTH 16 0
BBX 16 16 0 -2
BITMAP
0000
0100
0100
0380
0380
0380
07C0
FFFE
7FFC
3FF8
0FE0
0FE0
1FF0
1EF0
1830
2008
ENDCHAR
STARTCHAR u2606
ENCODING 9734
SWIDTH 1000 0
DWIDTH 16 0
BBX 16 16 0 -2
BITMAP
0000
0100
0100
0280
0280
0280
0440
FC7E
4004
3018
0820
0820
1110
16D0
1830
2008
ENDCHAR
STARTCHAR u2607
ENCODING 9735
SWIDTH 1000 0
DWIDTH 16 0
BBX 16 16 0 -2
BITMAP
0000
0000
0040
0080
0100
0200
0400
0800
0800
0400
0200
0120
00A0
0060
01E0
0000
ENDCHAR
STARTCHAR u2608
ENCODING 9736
SWIDTH 1000 0
DWIDTH 16 0
BBX 16 16 0 -2
BITMAP
0000
0000
1FF0
1010
1020
1040
1080
1100
1200
1200
1100
1090
1050
1030
10F0
0000
ENDCHAR
STARTCHAR u2609
ENCODING 9737
SWIDTH 1000 0
DWIDTH 16 0
BBX 16 16 0 -2
BITMAP
0000
0000
0380
0C60
1010
2008
2008
4004
4104
4004
2008
2008
1010
0C60
0380
0000
ENDCHAR
STARTCHAR u260A
ENCODING 9738
SWIDTH 1000 0
DWIDTH 16 0
BBX 16 16 0 -2
BITMAP
0000
0000
1FF0
2008
4004
4004
4004
4004
2008
1010
3838
4444
4444
4444
3838
0000
ENDCHAR
STARTCHAR u260B
ENCODING 9739
SWIDTH 1000 0
DWIDTH 16 0
BBX 16 16 0 -2
BITMAP
0000
0000
3838
4444
4444
4444
3838
1010
2008
4004
4004
4004
4004
2008
1FF0
0000
ENDCHAR
STARTCHAR u260C
ENCODING 9740
SWIDTH 1000 0
DWIDTH 16 0
BBX 16 16 0 -2
BITMAP
0000
0000
0004
0008
0010
0020
0040
1E80
2100
4080
4080
4080
4080
2100
1E00
0000
ENDCHAR
STARTCHAR u260D
ENCODING 9741
SWIDTH 1000 0
DWIDTH 16 0
BBX 16 16 0 -2
BITMAP
0000
0038
0044
0082
0082
0082
0044
00B8
0100
3A00
4400
8200
8200
8200
4400
3800
ENDCHAR
STARTCHAR u260E
ENCODING 9742
SWIDTH 1000 0
DWIDTH 16 0
BBX 16 16 0 -2
BITMAP
0000
0000
1FF0
7FFC
F01E
E44E
E44E
0FE0
1FF0
1FF0
3838
37D8
77DC
77DC
783C
7FFC
ENDCHAR
STARTCHAR u260F
ENCODING 9743
SWIDTH 1000 0
DWIDTH 16 0
BBX 16 16 0 -2
BITMAP
0000
0000
3FF8
4004
9FF2
A44A
E44E
0FE0
1010
1010
2388
27C8
47C4
4384
4004
7FFC
ENDCHAR
STARTCHAR u2610
ENCODING 9744
SWIDTH 1000 0
DWIDTH 16 0
BBX 16 16 0 -2
BITMAP
0000
0000
7FFC
4004
4004
4004
4004
4004
4004
4004
4004
4004
4004
4004
7FFC
0000
ENDCHAR
STARTCHAR u2611
ENCODING 9745
SWIDTH 1000 0
DWIDTH 16 0
BBX 16 16 0 -2
BITMAP
0000
0000
7FFC
4004
4004
4014
4024
4044
4044
5084
4904
4504
4204
4004
7FFC
0000
ENDCHAR
STARTCHAR u2612
ENCODING 9746
SWIDTH 1000 0
DWIDTH 16 0
BBX 16 16 0 -2
BITMAP
0000
0000
7FFC
4004
4004
4824
4444
4284
4104
4284
4444
4824
4004
4004
7FFC
0000
ENDCHAR
STARTCHAR u2613
ENCODING 9747
SWIDTH 1000 0
DWIDTH 16 0
BBX 16 16 0 -2
BITMAP
0000
0000
0000
2008
1010
0820
0440
0280
0100
0280
0440
0820
1010
2008
0000
0000
ENDCHAR
STARTCHAR u2614
ENCODING 9748
SWIDTH 1000 0
DWIDTH 16 0
BBX 16 16 0 -2
BITMAP
0000
4444
1010
0100
8FE2
3FF8
7FFC
FFFE
FFFE
9112
0100
0100
0100
0900
0900
0600
ENDCHAR
STARTCHAR u2616
ENCODING 9750
SWIDTH 1000 0
DWIDTH 16 0
BBX 16 16 0 -2
BITMAP
0000
0000
0100
0280
0440
0820
1010
2008
2008
2008
2008
2008
2008
2008
3FF8
0000
ENDCHAR
STARTCHAR u2617
ENCODING 9751
SWIDTH 1000 0
DWIDTH 16 0
BBX 16 16 0 -2
BITMAP
0000
0000
0100
0380
07C0
0FE0
1FF0
3FF8
3FF8
3FF8
3FF8
3FF8
3FF8
3FF8
3FF8
0000
ENDCHAR
STARTCHAR u2618
ENCODING 9752
SWIDTH 1000 0
DWIDTH 16 0
BBX 16 16 0 -2
BITMAP
0000
0000
0280
07C0
07C0
0380
0380
3118
7D7C
3FF8
7D7C
3118
0200
0200
0400
0000
ENDCHAR
STARTCHAR u2619
ENCODING 9753
SWIDTH 1000 0
DWIDTH 16 0
BBX 16 16 0 -2
BITMAP
0000
0000
0004
11C8
23E8
47E8
4FE8
5FE8
7FD0
7FE8
3FE4
1FE4
0FE4
03C4
0008
0000
ENDCHAR
STARTCHAR u261A
ENCODING 9754
SWIDTH 1000 0
DWIDTH 16 0
BBX 16 16 0 -2
BITMAP
0000
0000
0000
0000
07E0
FFFC
FFFA
0FFA
0FFA
07FA
07FA
03FC
01E0
0000
0000
0000
ENDCHAR
STARTCHAR u261B
ENCODING 9755
SWIDTH 1000 0
DWIDTH 16 0
BBX 16 16 0 -2
BITMAP
0000
0000
0000
0000
0FC0
7FFE
BFFE
BFE0
BFE0
BFC0
BFC0
7F80
0F00
0000
0000
0000
ENDCHAR
STARTCHAR u261C
ENCODING 9756
SWIDTH 1000 0
DWIDTH 16 0
BBX 16 16 0 -2
BITMAP
0000
0000
0000
0000
7FE0
881C
790A
1A8A
176A
088A
078A
045C
03E0
0000
0000
0000
ENDCHAR
STARTCHAR u261D
ENCODING 9757
SWIDTH 1000 0
DWIDTH 16 0
BBX 16 16 0 -2
BITMAP
0000
0020
0050
0050
01D0
02F0
0D10
1590
1550
1690
1910
1110
0820
0FE0
0820
07C0
ENDCHAR
STARTCHAR u261E
ENCODING 9758
SWIDTH 1000 0
DWIDTH 16 0
BBX 16 16 0 -2
BITMAP
0000
0000
0000
0000
0FFC
7022
A13C
A2B0
ADD0
A220
A3C0
7440
0F80
0000
0000
0000
ENDCHAR
STARTCHAR u261F
ENCODING 9759
SWIDTH 1000 0
DWIDTH 16 0
BBX 16 16 0 -2
BITMAP
0000
07C0
0820
0FE0
0820
1110
1910
1690
1550
1590
0D10
02F0
01D0
0050
0050
0020
ENDCHAR
STARTCHAR u2620
ENCODING 9760
SWIDTH 1000 0
DWIDTH 16 0
BBX 16 16 0 -2
BITMAP
0000
07C0
0FE0
1FF0
1FF0
1390
1390
1EF0
1EF0
0FE0
0AA0
600C
1C70
0380
1C70
E00E
ENDCHAR
STARTCHAR u2621
ENCODING 9761
SWIDTH 1000 0
DWIDTH 16 0
BBX 16 16 0 -2
BITMAP
0000
0000
01C0
0620
1820
6020
0040
0080
0100
0200
0400
080C
0830
08C0
0700
0000
ENDCHAR
STARTCHAR u2624
ENCODING 9764
SWIDTH 1000 0
DWIDTH 16 0
BBX 16 16 0 -2
BITMAP
0000
0100
7FFC
2BA8
1FF0
0100
0D60
1110
0FE0
0920
07C0
0540
0380
0540
0380
0540
ENDCHAR
STARTCHAR u2625
ENCODING 9765
SWIDTH 1000 0
DWIDTH 16 0
BBX 16 16 0 -2
BITMAP
0000
0000
0380
0440
0440
0440
0280
1110
1FF0
1110
0100
0100
0100
0380
07C0
0000
ENDCHAR
STARTCHAR u2628
ENCODING 9768
SWIDTH 1000 0
DWIDTH 16 0
BBX 16 16 0 -2
BITMAP
0000
0000
0100
0100
0FE0
0100
0100
1FF0
0100
0100
0100
0100
0100
0100
0100
0000
ENDCHAR
STARTCHAR u2629
ENCODING 9769
SWIDTH 1000 0
DWIDTH 16 0
BBX 16 16 0 -2
BITMAP
0000
0000
0380
0100
0100
0100
0100
4104
7FFC
4104
0100
0100
0100
0100
0380
0000
ENDCHAR
STARTCHAR u262A
ENCODING 9770
SWIDTH 1000 0
DWIDTH 16 0
BBX 16 16 0 -2
BITMAP
0000
0000
07E0
1C10
3808
3000
7010
707C
7038
7028
7044
3000
3808
1C10
07E0
0000
ENDCHAR
STARTCHAR u262B
ENCODING 9771
SWIDTH 1000 0
DWIDTH 16 0
BBX 16 16 0 -2
BITMAP
0000
0000
0540
06C0
0000
1550
2928
4924
4924
4924
4924
2548
1390
07C0
0100
0000
ENDCHAR
STARTCHAR u262C
ENCODING 9772
SWIDTH 1000 0
DWIDTH 16 0
BBX 16 16 0 -2
BITMAP
0000
0000
0100
0920
1110
2388
654C
654C
654C
638C
711C
6FEC
4384
0540
0920
0000
ENDCHAR
STARTCHAR u262D
ENCODING 9773
SWIDTH 1000 0
DWIDTH 16 0
BBX 16 16 0 -2
BITMAP
0000
0000
0FE0
1010
2008
41C4
0384
0704
0D84
08C4
0068
0030
3018
686C
E786
C000
ENDCHAR
STARTCHAR u262E
ENCODING 9774
SWIDTH 1000 0
DWIDTH 16 0
BBX 16 16 0 -2
BITMAP
0000
07C0
1930
2108
4104
4104
8102
8102
8382
8542
8922
5114
610C
2108
1930
07C0
ENDCHAR
STARTCHAR u262F
ENCODING 9775
SWIDTH 1000 0
DWIDTH 16 0
BBX 16 16 0 -2
BITMAP
0000
07C0
1F30
3F88
79C4
79C4
FFC2
FF82
FF02
FE02
FC02
7CC4
7CC4
3E08
1F30
07C0
ENDCHAR
STARTCHAR u2630
ENCODING 9776
SWIDTH 1000 0
DWIDTH 16 0
BBX 16 16 0 -2
BITMAP
0000
0000
0000
0000
3FF8
0000
0000
0000
3FF8
0000
0000
0000
3FF8
0000
0000
0000
ENDCHAR
STARTCHAR u2631
ENCODING 9777
SWIDTH 1000 0
DWIDTH 16 0
BBX 16 16 0 -2
BITMAP
0000
0000
0000
0000
3C78
0000
0000
0000
3FF8
0000
0000
0000
3FF8
0000
0000
0000
ENDCHAR
STARTCHAR u2632
ENCODING 9778
SWIDTH 1000 0
DWIDTH 16 0
BBX 16 16 0 -2
BITMAP
0000
0000
0000
0000
3FF8
0000
0000
0000
3C78
0000
0000
0000
3FF8
0000
0000
0000
ENDCHAR
STARTCHAR u2633
ENCODING 9779
SWIDTH 1000 0
DWIDTH 16 0
BBX 16 16 0 -2
BITMAP
0000
0000
0000
0000
3C78
0000
0000
0000
3C78
0000
0000
0000
3FF8
0000
0000
0000
ENDCHAR
STARTCHAR u2634
ENCODING 9780
SWIDTH 1000 0
DWIDTH 16 0
BBX 16 16 0 -2
BITMAP
0000
0000
0000
0000
3FF8
0000
0000
0000
3FF8
0000
0000
0000
3C78
0000
0000
0000
ENDCHAR
STARTCHAR u2635
ENCODING 9781
SWIDTH 1000 0
DWIDTH 16 0
BBX 16 16 0 -2
BITMAP
0000
0000
0000
0000
3C78
0000
0000
0000
3FF8
0000
0000
0000
3C78
0000
0000
0000
ENDCHAR
STARTCHAR u2636
ENCODING 9782
SWIDTH 1000 0
DWIDTH 16 0
BBX 16 16 0 -2
BITMAP
0000
0000
0000
0000
3FF8
0000
0000
0000
3C78
0000
0000
0000
3C78
0000
0000
0000
ENDCHAR
STARTCHAR u2637
ENCODING 9783
SWIDTH 1000 0
DWIDTH 16 0
BBX 16 16 0 -2
BITMAP
0000
0000
0000
0000
3C78
0000
0000
0000
3C78
0000
0000
0000
3C78
0000
0000
0000
ENDCHAR
STARTCHAR u2638
ENCODING 9784
SWIDTH 1000 0
DWIDTH 16 0
BBX 16 16 0 -2
BITMAP
0000
0000
0100
2108
17D0
0920
1550
1390
7EFC
1390
1550
0920
17D0
2108
0100
0000
ENDCHAR
STARTCHAR u2639
ENCODING 9785
SWIDTH 1000 0
DWIDTH 16 0
BBX 16 16 0 -2
BITMAP
0000
0000
07C0
1830
2008
2448
4444
4444
4004
4004
47C4
2828
2008
1830
07C0
0000
ENDCHAR
STARTCHAR u263A
ENCODING 9786
SWIDTH 1000 0
DWIDTH 16 0
BBX 16 16 0 -2
BITMAP
0000
0000
07C0
1830
2008
2448
4444
4444
4004
4004
4824
27C8
2008
1830
07C0
0000
ENDCHAR
STARTCHAR u263B
ENCODING 9787
SWIDTH 1000 0
DWIDTH 16 0
BBX 16 16 0 -2
BITMAP
0000
0000
07C0
1FF0
3FF8
3BB8
7BBC
7BBC
7FFC
7FFC
77DC
3838
3FF8
1FF0
07C0
0000
ENDCHAR
STARTCHAR u263C
ENCODING 9788
SWIDTH 1000 0
DWIDTH 16 0
BBX 16 16 0 -2
BITMAP
0000
0000
0100
2108
1010
0380
0440
0820
682C
0820
0440
0380
1010
2108
0100
0000
ENDCHAR
STARTCHAR u263D
ENCODING 9789
SWIDTH 1000 0
DWIDTH 16 0
BBX 16 16 0 -2
BITMAP
0000
0000
1F00
04C0
0220
0210
0110
0108
0108
0108
0110
0210
0220
04C0
1F00
0000
ENDCHAR
STARTCHAR u263E
ENCODING 9790
SWIDTH 1000 0
DWIDTH 16 0
BBX 16 16 0 -2
BITMAP
0000
0000
01F0
0640
0880
1080
1100
2100
2100
2100
1100
1080
0880
0640
01F0
0000
ENDCHAR
STARTCHAR u263F
ENCODING 9791
SWIDTH 1000 0
DWIDTH 16 0
BBX 16 16 0 -2
BITMAP
0000
0820
0440
0380
0440
0820
0820
0820
0440
0380
0100
0100
1FF0
0100
0100
0100
ENDCHAR
STARTCHAR u2640
ENCODING 9792
SWIDTH 1000 0
DWIDTH 16 0
BBX 16 16 0 -2
BITMAP
0000
0000
0380
0440
0820
0820
0820
0440
0380
0100
0100
1FF0
0100
0100
0100
0000
ENDCHAR
STARTCHAR u2641
ENCODING 9793
SWIDTH 1000 0
DWIDTH 16 0
BBX 16 16 0 -2
BITMAP
0000
0000
0100
0100
0100
1FF0
0100
0100
0380
0440
0820
0820
0820
0440
0380
0000
ENDCHAR
STARTCHAR u2642
ENCODING 9794
SWIDTH 1000 0
DWIDTH 16 0
BBX 16 16 0 -2
BITMAP
0000
0000
01FC
000C
0014
0024
0044
1E84
2100
4080
4080
4080
4080
2100
1E00
0000
ENDCHAR
STARTCHAR u2643
ENCODING 9795
SWIDTH 1000 0
DWIDTH 16 0
BBX 16 16 0 -2
BITMAP
0000
0000
0008
0008
0008
0788
0848
1028
0028
0028
0048
1FF8
0008
0008
0008
0000
ENDCHAR
STARTCHAR u2644
ENCODING 9796
SWIDTH 1000 0
DWIDTH 16 0
BBX 16 16 0 -2
BITMAP
0000
0000
0800
0800
3E00
0800
0800
0B80
0C40
0820
0820
0820
0820
0840
0840
0000
ENDCHAR
STARTCHAR u2645
ENCODING 9797
SWIDTH 1000 0
DWIDTH 16 0
BBX 16 16 0 -2
BITMAP
0000
711C
1110
1110
1110
1FF0
1110
1110
1110
711C
0100
0380
0440
0440
0440
0380
ENDCHAR
STARTCHAR u2646
ENCODING 9798
SWIDTH 1000 0
DWIDTH 16 0
BBX 16 16 0 -2
BITMAP
0000
0100
0380
0540
2108
711C
A92A
2108
2108
2108
1110
0920
07C0
0100
07C0
0100
ENDCHAR
STARTCHAR u2647
ENCODING 9799
SWIDTH 1000 0
DWIDTH 16 0
BBX 16 16 0 -2
BITMAP
0000
0000
0FC0
0820
0810
0810
0810
0820
0FC0
0800
0800
0800
0800
0800
0FF0
0000
ENDCHAR
STARTCHAR u2648
ENCODING 9800
SWIDTH 1000 0
DWIDTH 16 0
BBX 16 16 0 -2
BITMAP
0000
0000
3838
4444
4444
4284
0280
0280
0280
0100
0100
0100
0100
0100
0100
0000
ENDCHAR
STARTCHAR u2649
ENCODING 9801
SWIDTH 1000 0
DWIDTH 16 0
BBX 16 16 0 -2
BITMAP
0000
0000
600C
1010
0820
0820
0440
0380
0440
0820
0820
0820
0820
0440
0380
0000
ENDCHAR
STARTCHAR u264A
ENCODING 9802
SWIDTH 1000 0
DWIDTH 16 0
BBX 16 16 0 -2
BITMAP
0000
0000
2008
1FF0
0440
0440
0440
0440
0440
0440
0440
0440
0440
1FF0
2008
0000
ENDCHAR
STARTCHAR u264B
ENCODING 9803
SWIDTH 1000 0
DWIDTH 16 0
BBX 16 16 0 -2
BITMAP
0000
0000
07C0
1830
2408
4204
4200
2400
1830
0048
0084
4084
2048
1830
07C0
0000
ENDCHAR
STARTCHAR u264C
ENCODING 9804
SWIDTH 1000 0
DWIDTH 16 0
BBX 16 16 0 -2
BITMAP
0000
0000
0380
0440
0820
0820
0820
0420
0440
3C40
4440
4440
4444
3844
0038
0000
ENDCHAR
STARTCHAR u264D
ENCODING 9805
SWIDTH 1000 0
DWIDTH 16 0
BBX 16 16 0 -2
BITMAP
0000
0000
5DC0
2220
2220
2228
2234
2224
2224
2224
2228
0030
0020
0050
008C
0000
ENDCHAR
STARTCHAR u264E
ENCODING 9806
SWIDTH 1000 0
DWIDTH 16 0
BBX 16 16 0 -2
BITMAP
0000
0000
07C0
0820
1010
1010
1010
1010
1010
0820
0440
7C7C
0000
0000
7FFC
0000
ENDCHAR
STARTCHAR u264F
ENCODING 9807
SWIDTH 1000 0
DWIDTH 16 0
BBX 16 16 0 -2
BITMAP
0000
0000
5DC0
2220
2220
2220
2220
2220
2220
2220
2220
0020
0024
0024
001C
0000
ENDCHAR
STARTCHAR u2650
ENCODING 9808
SWIDTH 1000 0
DWIDTH 16 0
BBX 16 16 0 -2
BITMAP
0000
0000
007C
000C
0014
2024
1044
0880
0500
0200
0500
0880
1040
2020
4000
0000
ENDCHAR
STARTCHAR u2651
ENCODING 9809
SWIDTH 1000 0
DWIDTH 16 0
BBX 16 16 0 -2
BITMAP
0000
0000
2F00
1080
1080
1080
1080
1080
1080
10B0
10C8
0088
0088
0170
0600
0000
ENDCHAR
STARTCHAR u2652
ENCODING 9810
SWIDTH 1000 0
DWIDTH 16 0
BBX 16 16 0 -2
BITMAP
0000
0000
0000
0888
1998
2AA8
4CCC
0000
0000
0000
0888
1998
2AA8
4CCC
0000
0000
ENDCHAR
STARTCHAR u2653
ENCODING 9811
SWIDTH 1000 0
DWIDTH 16 0
BBX 16 16 0 -2
BITMAP
0000
0000
2008
1010
0820
0820
0440
0440
3FF8
0440
0440
0820
0820
1010
2008
0000
ENDCHAR
STARTCHAR u2654
ENCODING 9812
SWIDTH 1000 0
DWIDTH 16 0
BBX 16 16 0 -2
BITMAP
0000
0000
0100
0380
1D70
2288
4104
4104
4104
4104
2108
1FF0
1010
1010
1FF0
0000
ENDCHAR
STARTCHAR u2655
ENCODING 9813
SWIDTH 1000 0
DWIDTH 16 0
BBX 16 16 0 -2
BITMAP
0000
0000
0100
1290
2928
1110
0920
4AA4
2448
2448
1830
1010
1FF0
1010
1FF0
0000
ENDCHAR
STARTCHAR u2656
ENCODING 9814
SWIDTH 1000 0
DWIDTH 16 0
BBX 16 16 0 -2
BITMAP
0000
0000
1BB0
16D0
1010
1FF0
1010
1010
0820
0820
0820
0FE0
1010
2008
3FF8
0000
ENDCHAR
STARTCHAR u2657
ENCODING 9815
SWIDTH 1000 0
DWIDTH 16 0
BBX 16 16 0 -2
BITMAP
0000
0000
0100
0280
0440
0820
1110
1390
1110
0C60
0440
0FE0
1010
2008
3FF8
0000
ENDCHAR
STARTCHAR u2658
ENCODING 9816
SWIDTH 1000 0
DWIDTH 16 0
BBX 16 16 0 -2
BITMAP
0000
0000
00C0
0330
0498
1818
1798
1D18
0110
0220
0440
0FE0
1010
2008
3FF8
0000
ENDCHAR
STARTCHAR u2659
ENCODING 9817
SWIDTH 1000 0
DWIDTH 16 0
BBX 16 16 0 -2
BITMAP
0000
0000
07C0
0820
0820
0820
0820
07C0
0440
0440
0820
0FE0
1010
2008
3FF8
0000
ENDCHAR
STARTCHAR u265A
ENCODING 9818
SWIDTH 1000 0
DWIDTH 16 0
BBX 16 16 0 -2
BITMAP
0000
0000
0100
0380
1D70
3EF8
7FFC
7EFC
7EFC
7EFC
3EF8
1FF0
1010
1010
1FF0
0000
ENDCHAR
STARTCHAR u265B
ENCODING 9819
SWIDTH 1000 0
DWIDTH 16 0
BBX 16 16 0 -2
BITMAP
0000
0000
0100
1290
2928
1110
0920
4BA4
27C8
27C8
1FF0
1FF0
1FF0
1010
1FF0
0000
ENDCHAR
STARTCHAR u265C
ENCODING 9820
SWIDTH 1000 0
DWIDTH 16 0
BBX 16 16 0 -2
BITMAP
0000
0000
1BB0
1FF0
1FF0
1010
1FF0
1FF0
0FE0
0FE0
0FE0
0FE0
1010
3FF8
3FF8
0000
ENDCHAR
STARTCHAR u265D
ENCODING 9821
SWIDTH 1000 0
DWIDTH 16 0
BBX 16 16 0 -2
BITMAP
0000
0000
0100
0380
07C0
0FE0
1EF0
1C70
1EF0
0FE0
07C0
0FE0
1010
3FF8
3FF8
0000
ENDCHAR
STARTCHAR u265E
ENCODING 9822
SWIDTH 1000 0
DWIDTH 16 0
BBX 16 16 0 -2
BITMAP
0000
0000
00C0
03F0
0768
1FE8
17E8
1DE8
01F0
03E0
07C0
0FE0
1010
3FF8
3FF8
0000
ENDCHAR
STARTCHAR u265F
ENCODING 9823
SWIDTH 1000 0
DWIDTH 16 0
BBX 16 16 0 -2
BITMAP
0000
0000
07C0
0FE0
0FE0
0FE0
0FE0
0440
07C0
07C0
0FE0
0FE0
1010
3FF8
3FF8
0000
ENDCHAR
STARTCHAR u2660
ENCODING 9824
SWIDTH 1000 0
DWIDTH 16 0
BBX 16 16 0 -2
BITMAP
0000
0000
0100
0380
07C0
0FE0
1FF0
3FF8
7FFC
7FFC
7FFC
3D78
1930
0380
07C0
0000
ENDCHAR
STARTCHAR u2661
ENCODING 9825
SWIDTH 1000 0
DWIDTH 16 0
BBX 16 16 0 -2
BITMAP
0000
0000
1C70
2288
4104
4004
4004
4004
4004
2008
1010
0820
0440
0280
0100
0000
ENDCHAR
STARTCHAR u2662
ENCODING 9826
SWIDTH 1000 0
DWIDTH 16 0
BBX 16 16 0 -2
BITMAP
0000
0000
0100
0280
0440
0820
1010
2008
4004
2008
1010
0820
0440
0280
0100
0000
ENDCHAR
STARTCHAR u2663
ENCODING 9827
SWIDTH 1000 0
DWIDTH 16 0
BBX 16 16 0 -2
BITMAP
0000
0000
0380
07C0
0FE0
0FE0
07C0
1BB0
3D78
7FFC
7FFC
3D78
1930
0380
07C0
0000
ENDCHAR
STARTCHAR u2664
ENCODING 9828
SWIDTH 1000 0
DWIDTH 16 0
BBX 16 16 0 -2
BITMAP
0000
0000
0100
0280
0440
0820
1010
2008
4004
4004
4284
2548
1930
0280
07C0
0000
ENDCHAR
STARTCHAR u2665
ENCODING 9829
SWIDTH 1000 0
DWIDTH 16 0
BBX 16 16 0 -2
BITMAP
0000
0000
1C70
3EF8
7FFC
7FFC
7FFC
7FFC
7FFC
3FF8
1FF0
0FE0
07C0
0380
0100
0000
ENDCHAR
STARTCHAR u2666
ENCODING 9830
SWIDTH 1000 0
DWIDTH 16 0
BBX 16 16 0 -2
BITMAP
0000
0000
0100
0380
07C0
0FE0
1FF0
3FF8
7FFC
3FF8
1FF0
0FE0
07C0
0380
0100
0000
ENDCHAR
STARTCHAR u2667
ENCODING 9831
SWIDTH 1000 0
DWIDTH 16 0
BBX 16 16 0 -2
BITMAP
0000
0000
0380
0440
0820
0820
0440
1AB0
26C8
4004
4284
2548
1930
0280
07C0
0000
ENDCHAR
STARTCHAR u2668
ENCODING 9832
SWIDTH 1000 0
DWIDTH 16 0
BBX 16 16 0 -2
BITMAP
0000
0000
0920
1240
1240
1240
0920
0920
2920
4494
8492
8922
4004
3838
07C0
0000
ENDCHAR
STARTCHAR u2669
ENCODING 9833
SWIDTH 1000 0
DWIDTH 16 0
BBX 16 16 0 -2
BITMAP
0000
0100
0100
0100
0100
0100
0100
0100
0100
0100
0100
0100
0700
0F00
1E00
1C00
ENDCHAR
STARTCHAR u266A
ENCODING 9834
SWIDTH 1000 0
DWIDTH 16 0
BBX 16 16 0 -2
BITMAP
0000
0100
0180
0140
0120
0110
0110
0110
0120
0100
0100
0100
0700
0F00
1E00
1C00
ENDCHAR
STARTCHAR u266B
ENCODING 9835
SWIDTH 1000 0
DWIDTH 16 0
BBX 16 16 0 -2
BITMAP
0000
0038
01C8
0E08
0808
0808
0808
0808
0808
0808
0808
0838
3878
78F0
F0E0
E000
ENDCHAR
STARTCHAR u266C
ENCODING 9836
SWIDTH 1000 0
DWIDTH 16 0
BBX 16 16 0 -2
BITMAP
0000
0038
01C8
0E08
0838
09C8
0E08
0808
0808
0808
0808
0838
3878
78F0
F0E0
E000
ENDCHAR
STARTCHAR u266D
ENCODING 9837
SWIDTH 1000 0
DWIDTH 16 0
BBX 16 16 0 -2
BITMAP
0000
0400
0400
0400
0400
0400
0400
05C0
0620
0420
0420
0420
0440
0480
0500
0600
ENDCHAR
STARTCHAR u266E
ENCODING 9838
SWIDTH 1000 0
DWIDTH 16 0
BBX 16 16 0 -2
BITMAP
0000
0400
0400
0400
04E0
0720
0420
0420
0420
0420
0420
04E0
0720
0020
0020
0020
ENDCHAR
STARTCHAR u266F
ENCODING 9839
SWIDTH 1000 0
DWIDTH 16 0
BBX 16 16 0 -2
BITMAP
0000
0020
0420
0420
043C
07E0
3C20
0420
0420
0420
043C
07E0
3C20
0420
0420
0400
ENDCHAR
STARTCHAR u2680
ENCODING 9856
SWIDTH 1000 0
DWIDTH 16 0
BBX 16 16 0 -2
BITMAP
0000
0000
1FF8
2004
2004
2004
2004
2184
2184
2004
2004
2004
2004
1FF8
0000
0000
ENDCHAR
STARTCHAR u2681
ENCODING 9857
SWIDTH 1000 0
DWIDTH 16 0
BBX 16 16 0 -2
BITMAP
0000
0000
1FF8
2004
2C04
2C04
2004
2004
2004
2004
2034
2034
2004
1FF8
0000
0000
ENDCHAR
STARTCHAR u2682
ENCODING 9858
SWIDTH 1000 0
DWIDTH 16 0
BBX 16 16 0 -2
BITMAP
0000
0000
1FF8
2004
2C04
2C04
2004
2184
2184
2004
2034
2034
2004
1FF8
0000
0000
ENDCHAR
STARTCHAR u2683
ENCODING 9859
SWIDTH 1000 0
DWIDTH 16 0
BBX 16 16 0 -2
BITMAP
0000
0000
1FF8
2004
2C34
2C34
2004
2004
2004
2004
2C34
2C34
2004
1FF8
0000
0000
ENDCHAR
STARTCHAR u2684
ENCODING 9860
SWIDTH 1000 0
DWIDTH 16 0
BBX 16 16 0 -2
BITMAP
0000
0000
1FF8
2004
2C34
2C34
2004
2184
2184
2004
2C34
2C34
2004
1FF8
0000
0000
ENDCHAR
STARTCHAR u2685
ENCODING 9861
SWIDTH 1000 0
DWIDTH 16 0
BBX 16 16 0 -2
BITMAP
0000
0000
1FF8
2004
2C34
2C34
2004
2C34
2C34
2004
2C34
2C34
2004
1FF8
0000
0000
ENDCHAR
STARTCHAR u2686
ENCODING 9862
SWIDTH 1000 0
DWIDTH 16 0
BBX 16 16 0 -2
BITMAP
0000
0000
0380
0C60
1010
2008
2008
4004
4024
4004
2008
2008
1010
0C60
0380
0000
ENDCHAR
STARTCHAR u2687
ENCODING 9863
SWIDTH 1000 0
DWIDTH 16 0
BBX 16 16 0 -2
BITMAP
0000
0000
0380
0C60
1010
2008
2008
4004
4824
4004
2008
2008
1010
0C60
0380
0000
ENDCHAR
STARTCHAR u2688
ENCODING 9864
SWIDTH 1000 0
DWIDTH 16 0
BBX 16 16 0 -2
BITMAP
0000
0000
0380
0FE0
1FF0
3FF8
3FF8
7FFC
7FDC
7FFC
3FF8
3FF8
1FF0
0FE0
0380
0000
ENDCHAR
STARTCHAR u2689
ENCODING 9865
SWIDTH 1000 0
DWIDTH 16 0
BBX 16 16 0 -2
BITMAP
0000
0000
0380
0FE0
1FF0
3FF8
3FF8
7FFC
77DC
7FFC
3FF8
3FF8
1FF0
0FE0
0380
0000
ENDCHAR
STARTCHAR u268A
ENCODING 9866
SWIDTH 1000 0
DWIDTH 16 0
BBX 16 16 0 -2
BITMAP
0000
0000
0000
0000
0000
0000
0000
0000
3FF8
0000
0000
0000
0000
0000
0000
0000
ENDCHAR
STARTCHAR u268B
ENCODING 9867
SWIDTH 1000 0
DWIDTH 16 0
BBX 16 16 0 -2
BITMAP
0000
0000
0000
0000
0000
0000
0000
0000
3C78
0000
0000
0000
0000
0000
0000
0000
ENDCHAR
STARTCHAR u268C
ENCODING 9868
SWIDTH 1000 0
DWIDTH 16 0
BBX 16 16 0 -2
BITMAP
0000
0000
0000
0000
0000
0000
3FF8
0000
0000
0000
3FF8
0000
0000
0000
0000
0000
ENDCHAR
STARTCHAR u268D
ENCODING 9869
SWIDTH 1000 0
DWIDTH 16 0
BBX 16 16 0 -2
BITMAP
0000
0000
0000
0000
0000
0000
3C78
0000
0000
0000
3FF8
0000
0000
0000
0000
0000
ENDCHAR
STARTCHAR u268E
ENCODING 9870
SWIDTH 1000 0
DWIDTH 16 0
BBX 16 16 0 -2
BITMAP
0000
0000
0000
0000
0000
0000
3FF8
0000
0000
0000
3C78
0000
0000
0000
0000
0000
ENDCHAR
STARTCHAR u268F
ENCODING 9871
SWIDTH 1000 0
DWIDTH 16 0
BBX 16 16 0 -2
BITMAP
0000
0000
0000
0000
0000
0000
3C78
0000
0000
0000
3C78
0000
0000
0000
0000
0000
ENDCHAR
STARTCHAR u2690
ENCODING 9872
SWIDTH 1000 0
DWIDTH 16 0
BBX 16 16 0 -2
BITMAP
0000
3800
240C
23F4
2004
2004
2004
2004
2004
3804
240C
23F0
2000
2000
2000
2000
ENDCHAR
STARTCHAR u2691
ENCODING 9873
SWIDTH 1000 0
DWIDTH 16 0
BBX 16 16 0 -2
BITMAP
0000
3800
3C0C
3FFC
3FFC
3FFC
3FFC
3FFC
3FFC
3FFC
27FC
23F0
2000
2000
2000
2000
ENDCHAR
STARTCHAR u2692
ENCODING 9874
SWIDTH 1000 0
DWIDTH 16 0
BBX 16 16 0 -2
BITMAP
0000
0000
4C64
3EF8
3C78
783C
745C
228C
0104
0280
0440
0820
1010
2008
4004
0000
ENDCHAR
STARTCHAR u2693
ENCODING 9875
SWIDTH 1000 0
DWIDTH 16 0
BBX 16 16 0 -2
BITMAP
0000
0000
0100
0280
0920
1FF0
0920
0100
0100
0100
4104
638C
3FF8
0FE0
0380
0000
ENDCHAR
STARTCHAR u2694
ENCODING 9876
SWIDTH 1000 0
DWIDTH 16 0
BBX 16 16 0 -2
BITMAP
0000
0000
0000
2008
1010
0820
0440
0280
0100
0280
2448
3838
1830
2C68
4004
0000
ENDCHAR
STARTCHAR u2695
ENCODING 9877
SWIDTH 1000 0
DWIDTH 16 0
BBX 16 16 0 -2
BITMAP
0000
0100
0100
0FF0
1130
1100
0FC0
0120
0120
07C0
0900
0780
0140
0380
0500
0100
ENDCHAR
STARTCHAR u2698
ENCODING 9880
SWIDTH 1000 0
DWIDTH 16 0
BBX 16 16 0 -2
BITMAP
0000
0000
0380
0440
0440
0440
0380
0100
3938
3D78
1D70
0D60
0380
0100
0100
0000
ENDCHAR
STARTCHAR u2699
ENCODING 9881
SWIDTH 1000 0
DWIDTH 16 0
BBX 16 16 0 -2
BITMAP
0000
0000
0100
2108
17D0
0820
1010
1010
711C
1010
1010
0820
17D0
2108
0100
0000
ENDCHAR
STARTCHAR u269A
ENCODING 9882
SWIDTH 1000 0
DWIDTH 16 0
BBX 16 16 0 -2
BITMAP
0000
0000
0100
0280
3938
7FFC
FD7E
0540
0380
0100
0100
0100
0100
0100
0100
0000
ENDCHAR
STARTCHAR u26AA
ENCODING 9898
SWIDTH 1000 0
DWIDTH 16 0
BBX 16 16 0 -2
BITMAP
0000
0000
0380
0C60
1010
2008
2008
4004
4004
4004
2008
2008
1010
0C60
0380
0000
ENDCHAR
STARTCHAR u26AB
ENCODING 9899
SWIDTH 1000 0
DWIDTH 16 0
BBX 16 16 0 -2
BITMAP
0000
0000
0380
0FE0
1FF0
3FF8
3FF8
7FFC
7FFC
7FFC
3FF8
3FF8
1FF0
0FE0
0380
0000
ENDCHAR
STARTCHAR u26AC
ENCODING 9900
SWIDTH 1000 0
DWIDTH 16 0
BBX 16 16 0 -2
BITMAP
0000
0000
0000
0000
0000
0380
0440
0820
0820
0820
0440
0380
0000
0000
0000
0000
ENDCHAR
STARTCHAR u26B2
ENCODING 9906
SWIDTH 1000 0
DWIDTH 16 0
BBX 16 16 0 -2
BITMAP
0000
0000
0380
0440
0820
0820
0820
0440
0380
0100
0100
0100
0100
0100
0100
0000
ENDCHAR
STARTCHAR u26B3
ENCODING 9907
SWIDTH 1000 0
DWIDTH 16 0
BBX 16 16 0 -2
BITMAP
0000
0000
0380
0440
0820
0020
0020
0040
0180
0100
0100
1FF0
0100
0100
0100
0000
ENDCHAR
STARTCHAR u26B4
ENCODING 9908
SWIDTH 1000 0
DWIDTH 16 0
BBX 16 16 0 -2
BITMAP
0000
0000
0100
0280
0440
0820
0440
0280
0100
0100
0100
1FF0
0100
0100
0100
0000
ENDCHAR
STARTCHAR u26B5
ENCODING 9909
SWIDTH 1000 0
DWIDTH 16 0
BBX 16 16 0 -2
BITMAP
0000
0000
0100
0920
0540
0380
1FF0
0380
0540
0920
0100
1FF0
0100
0100
0100
0000
ENDCHAR
STARTCHAR u26B8
ENCODING 9912
SWIDTH 1000 0
DWIDTH 16 0
BBX 16 16 0 -2
BITMAP
0000
0000
03C0
0700
0E00
0E00
0E00
0700
03C0
0100
0100
1FF0
0100
0100
0100
0000
ENDCHAR
STARTCHAR u26BC
ENCODING 9916
SWIDTH 1000 0
DWIDTH 16 0
BBX 16 16 0 -2
BITMAP
0000
0000
0000
1FF0
1010
1010
1010
1110
1110
1110
1110
1FF0
0100
0100
01F0
0000
ENDCHAR
STARTCHAR u26BF
ENCODING 9919
SWIDTH 1000 0
DWIDTH 16 0
BBX 16 16 0 -2
BITMAP
0000
0000
7FFC
4004
4384
4444
4444
4384
4104
4104
41C4
4104
41C4
4004
7FFC
0000
ENDCHAR
STARTCHAR u26C4
ENCODING 9924
SWIDTH 1000 0
DWIDTH 16 0
BBX 16 16 0 -2
BITMAP
0000
0FE0
0FE0
3FF8
0820
1010
1450
1010
1FF0
2FE8
2608
2608
2608
2008
1010
0FE0
ENDCHAR
STARTCHAR u26C5
ENCODING 9925
SWIDTH 1000 0
DWIDTH 16 0
BBX 16 16 0 -2
BITMAP
0000
0400
4040
0E00
1100
20A0
A080
21F0
1208
3C04
4002
8002
8002
8042
4184
3E78
ENDCHAR
STARTCHAR u26C6
ENCODING 9926
SWIDTH 1000 0
DWIDTH 16 0
BBX 16 16 0 -2
BITMAP
0000
01E0
03F8
07FC
7FFE
FFFE
FFFE
FFFE
7FFC
3FF8
0000
4444
8888
0000
2222
4444
ENDCHAR
STARTCHAR u26C7
ENCODING 9927
SWIDTH 1000 0
DWIDTH 16 0
BBX 16 16 0 -2
BITMAP
0000
4FE4
0FE0
BFFA
0FE0
1FF0
5BB4
1FF0
1FF0
2008
B9FA
39F8
39F8
39F8
3FF8
1FF0
ENDCHAR
STARTCHAR u26C8
ENCODING 9928
SWIDTH 1000 0
DWIDTH 16 0
BBX 16 16 0 -2
BITMAP
0000
01E0
03B8
077C
7EFE
FC3E
FF7E
FEFE
7DFC
3FF8
0000
4444
8888
0000
2222
4444
ENDCHAR
STARTCHAR u26C9
ENCODING 9929
SWIDTH 1000 0
DWIDTH 16 0
BBX 16 16 0 -2
BITMAP
0000
0000
3FF8
2008
2008
2008
2008
2008
2008
2008
1010
0820
0440
0280
0100
0000
ENDCHAR
STARTCHAR u26CA
ENCODING 9930
SWIDTH 1000 0
DWIDTH 16 0
BBX 16 16 0 -2
BITMAP
0000
0000
3FF8
3FF8
3FF8
3FF8
3FF8
3FF8
3FF8
3FF8
1FF0
0FE0
07C0
0380
0100
0000
ENDCHAR
STARTCHAR u26CB
ENCODING 9931
SWIDTH 1000 0
DWIDTH 16 0
BBX 16 16 0 -2
BITMAP
0000
0000
7FFC
4104
4284
4444
4824
5014
600C
5014
4824
4444
4284
4104
7FFC
0000
ENDCHAR
STARTCHAR u26CC
ENCODING 9932
SWIDTH 1000 0
DWIDTH 16 0
BBX 16 16 0 -2
BITMAP
0000
0000
4004
2008
1010
0820
0440
0200
0100
0080
0440
0820
1010
2008
4004
0000
ENDCHAR
STARTCHAR u26CE
ENCODING 9934
SWIDTH 1000 0
DWIDTH 16 0
BBX 16 16 0 -2
BITMAP
0000
0000
0820
0820
0820
0820
1E24
2928
48F0
0820
0820
0820
0820
0440
0380
0000
ENDCHAR
STARTCHAR u26CF
ENCODING 9935
SWIDTH 1000 0
DWIDTH 16 0
BBX 16 16 0 -2
BITMAP
0000
0000
00C0
2700
1E00
1C00
3C00
3200
2100
4080
4040
0020
0010
0008
0004
0000
ENDCHAR
STARTCHAR u26D2
ENCODING 9938
SWIDTH 1000 0
DWIDTH 16 0
BBX 16 16 0 -2
BITMAP
0000
0000
0380
0C60
1010
2828
2448
4204
4104
4084
2448
2828
1010
0C60
0380
0000
ENDCHAR
STARTCHAR u26D3
ENCODING 9939
SWIDTH 1000 0
DWIDTH 16 0
BBX 16 16 0 -2
BITMAP
0000
5410
3838
1054
1044
3844
5454
4438
4410
5410
3838
1054
1044
3844
5454
4438
ENDCHAR
STARTCHAR u26D4
ENCODING 9940
SWIDTH 1000 0
DWIDTH 16 0
BBX 16 16 0 -2
BITMAP
0000
07C0
1FF0
3FF8
7FFC
7FFC
FFFE
C006
C006
C006
FFFE
7FFC
7FFC
3FF8
1FF0
07C0
ENDCHAR
STARTCHAR u26D8
ENCODING 9944
SWIDTH 1000 0
DWIDTH 16 0
BBX 16 16 0 -2
BITMAP
0000
0000
01F8
01F8
01F8
03F8
07F8
0FF8
1FF8
3FF8
3FF8
3FF8
3FF8
3FF8
3FF8
0000
ENDCHAR
STARTCHAR u26D9
ENCODING 9945
SWIDTH 1000 0
DWIDTH 16 0
BBX 16 16 0 -2
BITMAP
0000
0000
0108
0108
0108
0208
0408
0908
1108
2008
2108
2108
2008
2108
2108
0000
ENDCHAR
STARTCHAR u26DA
ENCODING 9946
SWIDTH 1000 0
DWIDTH 16 0
BBX 16 16 0 -2
BITMAP
0000
F01E
F01E
E00E
C006
0000
0000
0000
0000
0000
0000
0000
C006
E00E
F01E
F01E
ENDCHAR
STARTCHAR u26DB
ENCODING 9947
SWIDTH 1000 0
DWIDTH 16 0
BBX 16 16 0 -2
BITMAP
0000
0000
7FFC
4004
2008
2008
1010
1010
0820
0820
0440
0440
0280
0280
0100
0000
ENDCHAR
STARTCHAR u26DC
ENCODING 9948
SWIDTH 1000 0
DWIDTH 16 0
BBX 16 16 0 -2
BITMAP
0000
0000
0444
0404
0444
0444
0804
1044
2044
4004
4444
4444
4404
4444
4444
0000
ENDCHAR
STARTCHAR u26DD
ENCODING 9949
SWIDTH 1000 0
DWIDTH 16 0
BBX 16 16 0 -2
BITMAP
0000
0000
7FFC
600C
5014
4824
4444
4284
4104
4284
4444
4824
5014
600C
7FFC
0000
ENDCHAR
STARTCHAR u26DE
ENCODING 9950
SWIDTH 1000 0
DWIDTH 16 0
BBX 16 16 0 -2
BITMAP
0000
0000
7FFC
7C7C
701C
680C
640C
4204
4104
4084
604C
602C
701C
7C7C
7FFC
0000
ENDCHAR
STARTCHAR u26E0
ENCODING 9952
SWIDTH 1000 0
DWIDTH 16 0
BBX 16 16 0 -2
BITMAP
0000
0000
7FFC
3E04
1E44
0E44
0404
0044
0044
0004
0044
0044
0004
0044
0044
0000
ENDCHAR
STARTCHAR u26E1
ENCODING 9953
SWIDTH 1000 0
DWIDTH 16 0
BBX 16 16 0 -2
BITMAP
0000
0000
4000
6000
7000
7800
7C00
7800
7000
6280
4640
4E20
5E10
7E08
7FFC
0000
ENDCHAR
STARTCHAR u26E2
ENCODING 9954
SWIDTH 1000 0
DWIDTH 16 0
BBX 16 16 0 -2
BITMAP
0000
0100
0380
0540
0920
0100
0100
0100
0100
0380
0440
0820
0920
0820
0440
0380
ENDCHAR
STARTCHAR u26E3
ENCODING 9955
SWIDTH 1000 0
DWIDTH 16 0
BBX 16 16 0 -2
BITMAP
0000
0000
0100
0100
1110
0100
07C0
0820
1010
1010
1010
1010
1010
0820
07C0
0000
ENDCHAR
STARTCHAR u26E4
ENCODING 9956
SWIDTH 1000 0
DWIDTH 16 0
BBX 16 16 0 -2
BITMAP
0000
0100
0100
0280
0280
0280
0440
FFFE
4444
3458
0C60
0AA0
1110
16D0
1830
2008
ENDCHAR
STARTCHAR u26E5
ENCODING 9957
SWIDTH 1000 0
DWIDTH 16 0
BBX 16 16 0 -2
BITMAP
0000
0100
0100
0280
0280
0280
0040
FF5E
4044
2418
0860
0A00
1110
14D0
1830
2008
ENDCHAR
STARTCHAR u26E6
ENCODING 9958
SWIDTH 1000 0
DWIDTH 16 0
BBX 16 16 0 -2
BITMAP
0000
0100
0100
0280
0280
0280
0400
F5FE
4404
3048
0C20
00A0
1110
1650
1830
2008
ENDCHAR
STARTCHAR u26E7
ENCODING 9959
SWIDTH 1000 0
DWIDTH 16 0
BBX 16 16 0 -2
BITMAP
0000
2008
1830
16D0
1110
0AA0
0C60
3458
4444
FFFE
0440
0280
0280
0280
0100
0100
ENDCHAR
STARTCHAR u26E8
ENCODING 9960
SWIDTH 1000 0
DWIDTH 16 0
BBX 16 16 0 -2
BITMAP
0000
0000
3FF8
2008
2108
2108
2108
2FE8
2108
2108
2108
1110
0820
0440
0380
0000
ENDCHAR
STARTCHAR u26E9
ENCODING 9961
SWIDTH 1000 0
DWIDTH 16 0
BBX 16 16 0 -2
BITMAP
0000
0000
701C
3FF8
1FF0
1110
1110
7FFC
1010
1010
1010
1010
1010
1010
3838
0000
ENDCHAR
STARTCHAR u26EA
ENCODING 9962
SWIDTH 1000 0
DWIDTH 16 0
BBX 16 16 0 -2
BITMAP
0000
0000
0100
0380
0100
0280
0440
0540
1C70
2448
4544
5554
5554
5554
7FFC
0000
ENDCHAR
STARTCHAR u26EB
ENCODING 9963
SWIDTH 1000 0
DWIDTH 16 0
BBX 16 16 0 -2
BITMAP
0000
0000
739C
5294
5EF4
4004
4824
4824
4824
4004
4384
4384
4384
4384
7FFC
0000
ENDCHAR
STARTCHAR u26EC
ENCODING 9964
SWIDTH 1000 0
DWIDTH 16 0
BBX 16 16 0 -2
BITMAP
0000
0000
0000
0180
0180
0000
0000
0000
0000
0000
0000
1818
1818
0000
0000
0000
ENDCHAR
STARTCHAR u26ED
ENCODING 9965
SWIDTH 1000 0
DWIDTH 16 0
BBX 16 16 0 -2
BITMAP
0000
0000
0100
2108
1110
0BA0
0440
0820
783C
0820
0440
0BA0
1110
2108
0100
0000
ENDCHAR
STARTCHAR u26EE
ENCODING 9966
SWIDTH 1000 0
DWIDTH 16 0
BBX 16 16 0 -2
BITMAP
0000
0000
0100
2108
1110
0BA0
0444
0824
783C
4820
4440
0BA0
1110
2108
0100
0000
ENDCHAR
STARTCHAR u26EF
ENCODING 9967
SWIDTH 1000 0
DWIDTH 16 0
BBX 16 16 0 -2
BITMAP
0000
0000
0100
2108
1110
0BA0
0440
0820
793C
0820
0440
0BA0
1110
2108
0100
0000
ENDCHAR
STARTCHAR u26F1
ENCODING 9969
SWIDTH 1000 0
DWIDTH 16 0
BBX 16 16 0 -2
BITMAP
0000
0000
0E00
0780
03E8
01F0
00F8
0078
00BC
011C
020E
0406
0802
1000
2000
FFFC
ENDCHAR
STARTCHAR u26F2
ENCODING 9970
SWIDTH 1000 0
DWIDTH 16 0
BBX 16 16 0 -2
BITMAP
0000
0000
1450
2288
4284
4824
0000
2388
0FE0
07C0
0380
0380
7FFC
3FF8
1FF0
0000
ENDCHAR
STARTCHAR u26F3
ENCODING 9971
SWIDTH 1000 0
DWIDTH 16 0
BBX 16 16 0 -2
BITMAP
0000
0180
01C0
01F0
01FC
0100
0100
0100
0100
0100
1D70
7D7C
FEFE
FFFE
7FFC
1FF0
ENDCHAR
STARTCHAR u26F5
ENCODING 9973
SWIDTH 1000 0
DWIDTH 16 0
BBX 16 16 0 -2
BITMAP
0000
0000
0080
00C0
02A0
06A0
0A90
1290
2288
7EF8
0080
FFFE
3FFC
1FF8
0FF0
0000
ENDCHAR
STARTCHAR u26F6
ENCODING 9974
SWIDTH 1000 0
DWIDTH 16 0
BBX 16 16 0 -2
BITMAP
0000
0000
3838
4004
4004
4004
0000
0000
0000
0000
0000
4004
4004
4004
3838
0000
ENDCHAR
STARTCHAR u26F8
ENCODING 9976
SWIDTH 1000 0
DWIDTH 16 0
BBX 16 16 0 -2
BITMAP
0000
0000
00FC
00FC
00FC
00FC
1FFC
3FFC
7FFC
7FFC
7FFC
3FFC
0820
0820
7FFC
0000
ENDCHAR
STARTCHAR u26FC
ENCODING 9980
SWIDTH 1000 0
DWIDTH 16 0
BBX 16 16 0 -2
BITMAP
0000
0000
0100
0100
0100
0100
0FE0
0000
0000
1010
1010
1010
1010
7C7C
0000
0000
ENDCHAR
STARTCHAR u26FD
ENCODING 9981
SWIDTH 1000 0
DWIDTH 16 0
BBX 16 16 0 -2
BITMAP
0000
0000
1F80
3FC0
2078
2044
3FC2
3FF2
3FCA
3FCA
3FCA
3FCA
3FC4
3FC0
FFF0
0000
ENDCHAR
STARTCHAR u26FF
ENCODING 9983
SWIDTH 1000 0
DWIDTH 16 0
BBX 16 16 0 -2
BITMAP
0000
3800
240C
23F4
3804
3C0C
3FFC
27FC
23F4
3804
240C
23F0
2000
2000
2000
2000
ENDCHAR
STARTCHAR u2708
ENCODING 9992
SWIDTH 1000 0
DWIDTH 16 0
BBX 16 16 0 -2
BITMAP
0000
0400
0780
0300
03E0
0180
81C0
C7E0
FFFE
C7E0
81C0
0180
03E0
0300
0780
0400
ENDCHAR
STARTCHAR u2709
ENCODING 9993
SWIDTH 1000 0
DWIDTH 16 0
BBX 16 16 0 -2
BITMAP
0000
0000
0000
FFFE
C006
A00A
9012
8822
8442
8382
8002
8002
8002
FFFE
0000
0000
ENDCHAR
STARTCHAR u2766
ENCODING 10086
SWIDTH 1000 0
DWIDTH 16 0
BBX 16 16 0 -2
BITMAP
0000
0000
3C04
42F8
0100
1EF0
3FF8
3FF8
3FF8
3FF0
1FE0
1FC0
0F88
0710
03E0
0000
ENDCHAR
STARTCHAR u2767
ENCODING 10087
SWIDTH 1000 0
DWIDTH 16 0
BBX 16 16 0 -2
BITMAP
0000
0000
4000
2710
2F88
2FC4
2FE4
2FF4
17FC
2FFC
4FF8
4FF0
4FE0
4780
2000
0000
ENDCHAR
STARTCHAR u2776
ENCODING 10102
SWIDTH 1000 0
DWIDTH 16 0
BBX 16 16 0 -2
BITMAP
0000
07C0
1FF0
3FF8
7EFC
7CFC
FEFE
FEFE
FEFE
FEFE
FEFE
7EFC
7C7C
3FF8
1FF0
07C0
ENDCHAR
STARTCHAR u2777
ENCODING 10103
SWIDTH 1000 0
DWIDTH 16 0
BBX 16 16 0 -2
BITMAP
0000
07C0
1FF0
3FF8
7C7C
7BBC
FFBE
FFBE
FF7E
FEFE
FDFE
7BFC
783C
3FF8
1FF0
07C0
ENDCHAR
STARTCHAR u2778
ENCODING 10104
SWIDTH 1000 0
DWIDTH 16 0
BBX 16 16 0 -2
BITMAP
0000
07C0
1FF0
3FF8
7C7C
7BBC
FFBE
FFBE
FE7E
FFBE
FFBE
7BBC
7C7C
3FF8
1FF0
07C0
ENDCHAR
STARTCHAR u2779
ENCODING 10105
SWIDTH 1000 0
DWIDTH 16 0
BBX 16 16 0 -2
BITMAP
0000
07C0
1FF0
3FF8
7F7C
7E7C
FE7E
FD7E
FD7E
FB7E
F83E
7F7C
7F7C
3FF8
1FF0
07C0
ENDCHAR
STARTCHAR u277A
ENCODING 10106
SWIDTH 1000 0
DWIDTH 16 0
BBX 16 16 0 -2
BITMAP
0000
07C0
1FF0
3FF8
783C
7BFC
FBFE
FBFE
F87E
FFBE
FFBE
7BBC
7C7C
3FF8
1FF0
07C0
ENDCHAR
STARTCHAR u277B
ENCODING 10107
SWIDTH 1000 0
DWIDTH 16 0
BBX 16 16 0 -2
BITMAP
0000
07C0
1FF0
3FF8
7C7C
7BBC
FBFE
FBFE
F87E
FBBE
FBBE
7BBC
7C7C
3FF8
1FF0
07C0
ENDCHAR
STARTCHAR u277C
ENCODING 10108
SWIDTH 1000 0
DWIDTH 16 0
BBX 16 16 0 -2
BITMAP
0000
07C0
1FF0
3FF8
783C
7FBC
FFBE
FF7E
FF7E
FEFE
FEFE
7EFC
7EFC
3FF8
1FF0
07C0
ENDCHAR
STARTCHAR u277D
ENCODING 10109
SWIDTH 1000 0
DWIDTH 16 0
BBX 16 16 0 -2
BITMAP
0000
07C0
1FF0
3FF8
7C7C
7BBC
FBBE
FBBE
FC7E
FBBE
FBBE
7BBC
7C7C
3FF8
1FF0
07C0
ENDCHAR
STARTCHAR u277E
ENCODING 10110
SWIDTH 1000 0
DWIDTH 16 0
BBX 16 16 0 -2
BITMAP
0000
07C0
1FF0
3FF8
7C7C
7BBC
FBBE
FBBE
FC3E
FFBE
FFBE
7BBC
7C7C
3FF8
1FF0
07C0
ENDCHAR
STARTCHAR u277F
ENCODING 10111
SWIDTH 1000 0
DWIDTH 16 0
BBX 16 16 0 -2
BITMAP
0000
07C0
1FF0
3FF8
771C
66EC
F6EE
F6CE
F6AE
F66E
F6EE
76EC
631C
3FF8
1FF0
07C0
ENDCHAR
STARTCHAR u2780
ENCODING 10112
SWIDTH 1000 0
DWIDTH 16 0
BBX 16 16 0 -2
BITMAP
0000
07C0
1830
2008
4104
4304
8102
8102
8102
8102
8102
4104
4384
2008
1830
07C0
ENDCHAR
STARTCHAR u2781
ENCODING 10113
SWIDTH 1000 0
DWIDTH 16 0
BBX 16 16 0 -2
BITMAP
0000
07C0
1830
2008
4384
4444
8042
8042
8082
8102
8202
4404
47C4
2008
1830
07C0
ENDCHAR
STARTCHAR u2782
ENCODING 10114
SWIDTH 1000 0
DWIDTH 16 0
BBX 16 16 0 -2
BITMAP
0000
07C0
1830
2008
4384
4444
8042
8042
8182
8042
8042
4444
4384
2008
1830
07C0
ENDCHAR
STARTCHAR u2783
ENCODING 10115
SWIDTH 1000 0
DWIDTH 16 0
BBX 16 16 0 -2
BITMAP
0000
07C0
1830
2008
4084
4184
8182
8282
8282
8482
87C2
4084
4084
2008
1830
07C0
ENDCHAR
STARTCHAR u2784
ENCODING 10116
SWIDTH 1000 0
DWIDTH 16 0
BBX 16 16 0 -2
BITMAP
0000
07C0
1830
2008
47C4
4404
8402
8402
8782
8042
8042
4444
4384
2008
1830
07C0
ENDCHAR
STARTCHAR u2785
ENCODING 10117
SWIDTH 1000 0
DWIDTH 16 0
BBX 16 16 0 -2
BITMAP
0000
07C0
1830
2008
4384
4444
8402
8402
8782
8442
8442
4444
4384
2008
1830
07C0
ENDCHAR
STARTCHAR u2786
ENCODING 10118
SWIDTH 1000 0
DWIDTH 16 0
BBX 16 16 0 -2
BITMAP
0000
07C0
1830
2008
47C4
4044
8042
8082
8082
8102
8102
4104
4104
2008
1830
07C0
ENDCHAR
STARTCHAR u2787
ENCODING 10119
SWIDTH 1000 0
DWIDTH 16 0
BBX 16 16 0 -2
BITMAP
0000
07C0
1830
2008
4384
4444
8442
8442
8382
8442
8442
4444
4384
2008
1830
07C0
ENDCHAR
STARTCHAR u2788
ENCODING 10120
SWIDTH 1000 0
DWIDTH 16 0
BBX 16 16 0 -2
BITMAP
0000
07C0
1830
2008
4384
4444
8442
8442
83C2
8042
8042
4444
4384
2008
1830
07C0
ENDCHAR
STARTCHAR u2789
ENCODING 10121
SWIDTH 1000 0
DWIDTH 16 0
BBX 16 16 0 -2
BITMAP
0000
07C0
1830
2008
48E4
5914
8912
8932
8952
8992
8912
4914
5CE4
2008
1830
07C0
ENDCHAR
STARTCHAR u278A
ENCODING 10122
SWIDTH 1000 0
DWIDTH 16 0
BBX 16 16 0 -2
BITMAP
0000
07C0
1FF0
3FF8
7EFC
7CFC
FEFE
FEFE
FEFE
FEFE
FEFE
7EFC
7C7C
3FF8
1FF0
07C0
ENDCHAR
STARTCHAR u278B
ENCODING 10123
SWIDTH 1000 0
DWIDTH 16 0
BBX 16 16 0 -2
BITMAP
0000
07C0
1FF0
3FF8
7C7C
7BBC
FFBE
FFBE
FF7E
FEFE
FDFE
7BFC
783C
3FF8
1FF0
07C0
ENDCHAR
STARTCHAR u278C
ENCODING 10124
SWIDTH 1000 0
DWIDTH 16 0
BBX 16 16 0 -2
BITMAP
0000
07C0
1FF0
3FF8
7C7C
7BBC
FFBE
FFBE
FE7E
FFBE
FFBE
7BBC
7C7C
3FF8
1FF0
07C0
ENDCHAR
STARTCHAR u278D
ENCODING 10125
SWIDTH 1000 0
DWIDTH 16 0
BBX 16 16 0 -2
BITMAP
0000
07C0
1FF0
3FF8
7F7C
7E7C
FE7E
FD7E
FD7E
FB7E
F83E
7F7C
7F7C
3FF8
1FF0
07C0
ENDCHAR
STARTCHAR u278E
ENCODING 10126
SWIDTH 1000 0
DWIDTH 16 0
BBX 16 16 0 -2
BITMAP
0000
07C0
1FF0
3FF8
783C
7BFC
FBFE
FBFE
F87E
FFBE
FFBE
7BBC
7C7C
3FF8
1FF0
07C0
ENDCHAR
STARTCHAR u278F
ENCODING 10127
SWIDTH 1000 0
DWIDTH 16 0
BBX 16 16 0 -2
BITMAP
0000
07C0
1FF0
3FF8
7C7C
7BBC
FBFE
FBFE
F87E
FBBE
FBBE
7BBC
7C7C
3FF8
1FF0
07C0
ENDCHAR
STARTCHAR u2790
ENCODING 10128
SWIDTH 1000 0
DWIDTH 16 0
BBX 16 16 0 -2
BITMAP
0000
07C0
1FF0
3FF8
783C
7FBC
FFBE
FF7E
FF7E
FEFE
FEFE
7EFC
7EFC
3FF8
1FF0
07C0
ENDCHAR
STARTCHAR u2791
ENCODING 10129
SWIDTH 1000 0
DWIDTH 16 0
BBX 16 16 0 -2
BITMAP
0000
07C0
1FF0
3FF8
7C7C
7BBC
FBBE
FBBE
FC7E
FBBE
FBBE
7BBC
7C7C
3FF8
1FF0
07C0
ENDCHAR
STARTCHAR u2792
ENCODING 10130
SWIDTH 1000 0
DWIDTH 16 0
BBX 16 16 0 -2
BITMAP
0000
07C0
1FF0
3FF8
7C7C
7BBC
FBBE
FBBE
FC3E
FFBE
FFBE
7BBC
7C7C
3FF8
1FF0
07C0
ENDCHAR
STARTCHAR u2793
ENCODING 10131
SWIDTH 1000 0
DWIDTH 16 0
BBX 16 16 0 -2
BITMAP
0000
07C0
1FF0
3FF8
771C
66EC
F6EE
F6CE
F6AE
F66E
F6EE
76EC
631C
3FF8
1FF0
07C0
ENDCHAR
STARTCHAR u2800
ENCODING 10240
SWIDTH 500 0
DWIDTH 8 0
BBX 8 16 0 -2
BITMAP
00
00
00
00
00
00
00
00
00
00
00
00
00
00
00
00
ENDCHAR
STARTCHAR u2801
ENCODING 10241
SWIDTH 500 0
DWIDTH 8 0
BBX 8 16 0 -2
BITMAP
00
E0
E0
E0
00
00
00
00
00
00
00
00
00
00
00
00
ENDCHAR
STARTCHAR u2802
ENCODING 10242
SWIDTH 500 0
DWIDTH 8 0
BBX 8 16 0 -2
BITMAP
00
00
00
00
00
E0
E0
E0
00
00
00
00
00
00
00
00
ENDCHAR
STARTCHAR u2803
ENCODING 10243
SWIDTH 500 0
DWIDTH 8 0
BBX 8 16 0 -2
BITMAP
00
E0
E0
E0
00
E0
E0
E0
00
00
00
00
00
00
00
00
ENDCHAR
STARTCHAR u2804
ENCODING 10244
SWIDTH 500 0
DWIDTH 8 0
BBX 8 16 0 -2
BITMAP
00
00
00
00
00
00
00
00
00
E0
E0
E0
00
00
00
00
ENDCHAR
STARTCHAR u2805
ENCODING 10245
SWIDTH 500 0
DWIDTH 8 0
BBX 8 16 0 -2
BITMAP
00
E0
E0
E0
00
00
00
00
00
E0
E0
E0
00
00
00
00
ENDCHAR
STARTCHAR u2806
ENCODING 10246
SWIDTH 500 0
DWIDTH 8 0
BBX 8 16 0 -2
BITMAP
00
00
00
00
00
E0
E0
E0
00
E0
E0
E0
00
00
00
00
ENDCHAR
STARTCHAR u2807
ENCODING 10247
SWIDTH 500 0
DWIDTH 8 0
BBX 8 16 0 -2
BITMAP
00
E0
E0
E0
00
E0
E0
E0
00
E0
E0
E0
00
00
00
00
ENDCHAR
STARTCHAR u2808
ENCODING 10248
SWIDTH 500 0
DWIDTH 8 0
BBX 8 16 0 -2
BITMAP
00
0E
0E
0E
00
00
00
00
00
00
00
00
00
00
00
00
ENDCHAR
STARTCHAR u2809
ENCODING 10249
SWIDTH 500 0
DWIDTH 8 0
BBX 8 16 0 -2
BITMAP
00
EE
EE
EE
00
00
00
00
00
00
00
00
00
00
00
00
ENDCHAR
STARTCHAR u280A
ENCODING 10250
SWIDTH 500 0
DWIDTH 8 0
BBX 8 16 0 -2
BITMAP
00
0E
0E
0E
00
E0
E0
E0
00
00
00
00
00
00
00
00
ENDCHAR
STARTCHAR u280B
ENCODING 10251
SWIDTH 500 0
DWIDTH 8 0
BBX 8 16 0 -2
BITMAP
00
EE
EE
EE
00
E0
E0
E0
00
00
00
00
00
00
00
00
ENDCHAR
STARTCHAR u280C
ENCODING 10252
SWIDTH 500 0
DWIDTH 8 0
BBX 8 16 0 -2
BITMAP
00
0E
0E
0E
00
00
00
00
00
E0
E0
E0
00
00
00
00
ENDCHAR
STARTCHAR u280D
ENCODING 10253
SWIDTH 500 0
DWIDTH 8 0
BBX 8 16 0 -2
BITMAP
00
EE
EE
EE
00
00
00
00
00
E0
E0
E0
00
00
00
00
ENDCHAR
STARTCHAR u280E
ENCODING 10254
SWIDTH 500 0
DWIDTH 8 0
BBX 8 16 0 -2
BITMAP
00
0E
0E
0E
00
E0
E0
E0
00
E0
E0
E0
00
00
00
00
ENDCHAR
STARTCHAR u280F
ENCODING 10255
SWIDTH 500 0
DWIDTH 8 0
BBX 8 16 0 -2
BITMAP
00
EE
EE
EE
00
E0
E0
E0
00
E0
E0
E0
00
00
00
00
ENDCHAR
STARTCHAR u2810
ENCODING 10256
SWIDTH 500 0
DWIDTH 8 0
BBX 8 16 0 -2
BITMAP
00
00
00
00
00
0E
0E
0E
00
00
00
00
00
00
00
00
ENDCHAR
STARTCHAR u2811
ENCODING 10257
SWIDTH 500 0
DWIDTH 8 0
BBX 8 16 0 -2
BITMAP
00
E0
E0
E0
00
0E
0E
0E
00
00
00
00
00
00
00
00
ENDCHAR
STARTCHAR u2812
ENCODING 10258
SWIDTH 500 0
DWIDTH 8 0
BBX 8 16 0 -2
BITMAP
00
00
00
00
00
EE
EE
EE
00
00
00
00
00
00
00
00
ENDCHAR
STARTCHAR u2813
ENCODING 10259
SWIDTH 500 0
DWIDTH 8 0
BBX 8 16 0 -2
BITMAP
00
E0
E0
E0
00
EE
EE
EE
00
00
00
00
00
00
00
00
ENDCHAR
STARTCHAR u2814
ENCODING 10260
SWIDTH 500 0
DWIDTH 8 0
BBX 8 16 0 -2
BITMAP
00
00
00
00
00
0E
0E
0E
00
E0
E0
E0
00
00
00
00
ENDCHAR
STARTCHAR u2815
ENCODING 10261
SWIDTH 500 0
DWIDTH 8 0
BBX 8 16 0 -2
BITMAP
00
E0
E0
E0
00
0E
0E
0E
00
E0
E0
E0
00
00
00
00
ENDCHAR
STARTCHAR u2816
ENCODING 10262
SWIDTH 500 0
DWIDTH 8 0
BBX 8 16 0 -2
BITMAP
00
00
00
00
00
EE
EE
EE
00
E0
E0
E0
00
00
00
00
ENDCHAR
STARTCHAR u2817
ENCODING 10263
SWIDTH 500 0
DWIDTH 8 0
BBX 8 16 0 -2
BITMAP
00
E0
E0
E0
00
EE
EE
EE
00
E0
E0
E0
00
00
00
00
ENDCHAR
STARTCHAR u2818
ENCODING 10264
SWIDTH 500 0
DWIDTH 8 0
BBX 8 16 0 -2
BITMAP
00
0E
0E
0E
00
0E
0E
0E
00
00
00
00
00
00
00
00
ENDCHAR
STARTCHAR u2819
ENCODING 10265
SWIDTH 500 0
DWIDTH 8 0
BBX 8 16 0 -2
BITMAP
00
EE
EE
EE
00
0E
0E
0E
00
00
00
00
00
00
00
00
ENDCHAR
STARTCHAR u281A
ENCODING 10266
SWIDTH 500 0
DWIDTH 8 0
BBX 8 16 0 -2
BITMAP
00
0E
0E
0E
00
EE
EE
EE
00
00
00
00
00
00
00
00
ENDCHAR
STARTCHAR u281B
ENCODING 10267
SWIDTH 500 0
DWIDTH 8 0
BBX 8 16 0 -2
BITMAP
00
EE
EE
EE
00
EE
EE
EE
00
00
00
00
00
00
00
00
ENDCHAR
STARTCHAR u281C
ENCODING 10268
SWIDTH 500 0
DWIDTH 8 0
BBX 8 16 0 -2
BITMAP
00
0E
0E
0E
00
0E
0E
0E
00
E0
E0
E0
00
00
00
00
ENDCHAR
STARTCHAR u281D
ENCODING 10269
SWIDTH 500 0
DWIDTH 8 0
BBX 8 16 0 -2
BITMAP
00
EE
EE
EE
00
0E
0E
0E
00
E0
E0
E0
00
00
00
00
ENDCHAR
STARTCHAR u281E
ENCODING 10270
SWIDTH 500 0
DWIDTH 8 0
BBX 8 16 0 -2
BITMAP
00
0E
0E
0E
00
EE
EE
EE
00
E0
E0
E0
00
00
00
00
ENDCHAR
STARTCHAR u281F
ENCODING 10271
SWIDTH 500 0
DWIDTH 8 0
BBX 8 16 0 -2
BITMAP
00
EE
EE
EE
00
EE
EE
EE
00
E0
E0
E0
00
00
00
00
ENDCHAR
STARTCHAR u2820
ENCODING 10272
SWIDTH 500 0
DWIDTH 8 0
BBX 8 16 0 -2
BITMAP
00
00
00
00
00
00
00
00
00
0E
0E
0E
00
00
00
00
ENDCHAR
STARTCHAR u2821
ENCODING 10273
SWIDTH 500 0
DWIDTH 8 0
BBX 8 16 0 -2
BITMAP
00
E0
E0
E0
00
00
00
00
00
0E
0E
0E
00
00
00
00
ENDCHAR
STARTCHAR u2822
ENCODING 10274
SWIDTH 500 0
DWIDTH 8 0
BBX 8 16 0 -2
BITMAP
00
00
00
00
00
E0
E0
E0
00
0E
0E
0E
00
00
00
00
ENDCHAR
STARTCHAR u2823
ENCODING 10275
SWIDTH 500 0
DWIDTH 8 0
BBX 8 16 0 -2
BITMAP
00
E0
E0
E0
00
E0
E0
E0
00
0E
0E
0E
00
00
00
00
ENDCHAR
STARTCHAR u2824
ENCODING 10276
SWIDTH 500 0
DWIDTH 8 0
BBX 8 16 0 -2
BITMAP
00
00
00
00
00
00
00
00
00
EE
EE
EE
00
00
00
00
ENDCHAR
STARTCHAR u2825
ENCODING 10277
SWIDTH 500 0
DWIDTH 8 0
BBX 8 16 0 -2
BITMAP
00
E0
E0
E0
00
00
00
00
00
EE
EE
EE
00
00
00
00
ENDCHAR
STARTCHAR u2826
ENCODING 10278
SWIDTH 500 0
DWIDTH 8 0
BBX 8 16 0 -2
BITMAP
00
00
00
00
00
E0
E0
E0
00
EE
EE
EE
00
00
00
00
ENDCHAR
STARTCHAR u2827
ENCODING 10279
SWIDTH 500 0
DWIDTH 8 0
BBX 8 16 0 -2
BITMAP
00
E0
E0
E0
00
E0
E0
E0
00
EE
EE
EE
00
00
00
00
ENDCHAR
STARTCHAR u2828
ENCODING 10280
SWIDTH 500 0
DWIDTH 8 0
BBX 8 16 0 -2
BITMAP
00
0E
0E
0E
00
00
00
00
00
0E
0E
0E
00
00
00
00
ENDCHAR
STARTCHAR u2829
ENCODING 10281
SWIDTH 500 0
DWIDTH 8 0
BBX 8 16 0 -2
BITMAP
00
EE
EE
EE
00
00
00
00
00
0E
0E
0E
00
00
00
00
ENDCHAR
STARTCHAR u282A
ENCODING 10282
SWIDTH 500 0
DWIDTH 8 0
BBX 8 16 0 -2
BITMAP
00
0E
0E
0E
00
E0
E0
E0
00
0E
0E
0E
00
00
00
00
ENDCHAR
STARTCHAR u282B
ENCODING 10283
SWIDTH 500 0
DWIDTH 8 0
BBX 8 16 0 -2
BITMAP
00
EE
EE
EE
00
E0
E0
E0
00
0E
0E
0E
00
00
00
00
ENDCHAR
STARTCHAR u282C
ENCODING 10284
SWIDTH 500 0
DWIDTH 8 0
BBX 8 16 0 -2
BITMAP
00
0E
0E
0E
00
00
00
00
00
EE
EE
EE
00
00
00
00
ENDCHAR
STARTCHAR u282D
ENCODING 10285
SWIDTH 500 0
DWIDTH 8 0
BBX 8 16 0 -2
BITMAP
00
EE
EE
EE
00
00
00
00
00
EE
EE
EE
00
00
00
00
ENDCHAR
STARTCHAR u282E
ENCODING 10286
SWIDTH 500 0
DWIDTH 8 0
BBX 8 16 0 -2
BITMAP
00
0E
0E
0E
00
E0
E0
E0
00
EE
EE
EE
00
00
00
00
ENDCHAR
STARTCHAR u282F
ENCODING 10287
SWIDTH 500 0
DWIDTH 8 0
BBX 8 16 0 -2
BITMAP
00
EE
EE
EE
00
E0
E0
E0
00
EE
EE
EE
00
00
00
00
ENDCHAR
STARTCHAR u2830
ENCODING 10288
SWIDTH 500 0
DWIDTH 8 0
BBX 8 16 0 -2
BITMAP
00
00
00
00
00
0E
0E
0E
00
0E
0E
0E
00
00
00
00
ENDCHAR
STARTCHAR u2831
ENCODING 10289
SWIDTH 500 0
DWIDTH 8 0
BBX 8 16 0 -2
BITMAP
00
E0
E0
E0
00
0E
0E
0E
00
0E
0E
0E
00
00
00
00
ENDCHAR
STARTCHAR u2832
ENCODING 10290
SWIDTH 500 0
DWIDTH 8 0
BBX 8 16 0 -2
BITMAP
00
00
00
00
00
EE
EE
EE
00
0E
0E
0E
00
00
00
00
ENDCHAR
STARTCHAR u2833
ENCODING 10291
SWIDTH 500 0
DWIDTH 8 0
BBX 8 16 0 -2
BITMAP
00
E0
E0
E0
00
EE
EE
EE
00
0E
0E
0E
00
00
00
00
ENDCHAR
STARTCHAR u2834
ENCODING 10292
SWIDTH 500 0
DWIDTH 8 0
BBX 8 16 0 -2
BITMAP
00
00
00
00
00
0E
0E
0E
00
EE
EE
EE
00
00
00
00
ENDCHAR
STARTCHAR u2835
ENCODING 10293
SWIDTH 500 0
DWIDTH 8 0
BBX 8 16 0 -2
BITMAP
00
E0
E0
E0
00
0E
0E
0E
00
EE
EE
EE
00
00
00
00
ENDCHAR
STARTCHAR u2836
ENCODING 10294
SWIDTH 500 0
DWIDTH 8 0
BBX 8 16 0 -2
BITMAP
00
00
00
00
00
EE
EE
EE
00
EE
EE
EE
00
00
00
00
ENDCHAR
STARTCHAR u2837
ENCODING 10295
SWIDTH 500 0
DWIDTH 8 0
BBX 8 16 0 -2
BITMAP
00
E0
E0
E0
00
EE
EE
EE
00
EE
EE
EE
00
00
00
00
ENDCHAR
STARTCHAR u2838
ENCODING 10296
SWIDTH 500 0
DWIDTH 8 0
BBX 8 16 0 -2
BITMAP
00
0E
0E
0E
00
0E
0E
0E
00
0E
0E
0E
00
00
00
00
ENDCHAR
STARTCHAR u2839
ENCODING 10297
SWIDTH 500 0
DWIDTH 8 0
BBX 8 16 0 -2
BITMAP
00
EE
EE
EE
00
0E
0E
0E
00
0E
0E
0E
00
00
00
00
ENDCHAR
STARTCHAR u283A
ENCODING 10298
SWIDTH 500 0
DWIDTH 8 0
BBX 8 16 0 -2
BITMAP
00
0E
0E
0E
00
EE
EE
EE
00
0E
0E
0E
00
00
00
00
ENDCHAR
STARTCHAR u283B
ENCODING 10299
SWIDTH 500 0
DWIDTH 8 0
BBX 8 16 0 -2
BITMAP
00
EE
EE
EE
00
EE
EE
EE
00
0E
0E
0E
00
00
00
00
ENDCHAR
STARTCHAR u283C
ENCODING 10300
SWIDTH 500 0
DWIDTH 8 0
BBX 8 16 0 -2
BITMAP
00
0E
0E
0E
00
0E
0E
0E
00
EE
EE
EE
00
00
00
00
ENDCHAR
STARTCHAR u283D
ENCODING 10301
SWIDTH 500 0
DWIDTH 8 0
BBX 8 16 0 -2
BITMAP
00
EE
EE
EE
00
0E
0E
0E
00
EE
EE
EE
00
00
00
00
ENDCHAR
STARTCHAR u283E
ENCODING 10302
SWIDTH 500 0
DWIDTH 8 0
BBX 8 16 0 -2
BITMAP
00
0E
0E
0E
00
EE
EE
EE
00
EE
EE
EE
00
00
00
00
ENDCHAR
STARTCHAR u283F
ENCODING 10303
SWIDTH 500 0
DWIDTH 8 0
BBX 8 16 0 -2
BITMAP
00
EE
EE
EE
00
EE
EE
EE
00
EE
EE
EE
00
00
00
00
ENDCHAR
STARTCHAR u2840
ENCODING 10304
SWIDTH 500 0
DWIDTH 8 0
BBX 8 16 0 -2
BITMAP
00
00
00
00
00
00
00
00
00
00
00
00
00
E0
E0
E0
ENDCHAR
STARTCHAR u2841
ENCODING 10305
SWIDTH 500 0
DWIDTH 8 0
BBX 8 16 0 -2
BITMAP
00
E0
E0
E0
00
00
00
00
00
00
00
00
00
E0
E0
E0
ENDCHAR
STARTCHAR u2842
ENCODING 10306
SWIDTH 500 0
DWIDTH 8 0
BBX 8 16 0 -2
BITMAP
00
00
00
00
00
E0
E0
E0
00
00
00
00
00
E0
E0
E0
ENDCHAR
STARTCHAR u2843
ENCODING 10307
SWIDTH 500 0
DWIDTH 8 0
BBX 8 16 0 -2
BITMAP
00
E0
E0
E0
00
E0
E0
E0
00
00
00
00
00
E0
E0
E0
ENDCHAR
STARTCHAR u2844
ENCODING 10308
SWIDTH 500 0
DWIDTH 8 0
BBX 8 16 0 -2
BITMAP
00
00
00
00
00
00
00
00
00
E0
E0
E0
00
E0
E0
E0
ENDCHAR
STARTCHAR u2845
ENCODING 10309
SWIDTH 500 0
DWIDTH 8 0
BBX 8 16 0 -2
BITMAP
00
E0
E0
E0
00
00
00
00
00
E0
E0
E0
00
E0
E0
E0
ENDCHAR
STARTCHAR u2846
ENCODING 10310
SWIDTH 500 0
DWIDTH 8 0
BBX 8 16 0 -2
BITMAP
00
00
00
00
00
E0
E0
E0
00
E0
E0
E0
00
E0
E0
E0
ENDCHAR
STARTCHAR u2847
ENCODING 10311
SWIDTH 500 0
DWIDTH 8 0
BBX 8 16 0 -2
BITMAP
00
E0
E0
E0
00
E0
E0
E0
00
E0
E0
E0
00
E0
E0
E0
ENDCHAR
STARTCHAR u2848
ENCODING 10312
SWIDTH 500 0
DWIDTH 8 0
BBX 8 16 0 -2
BITMAP
00
0E
0E
0E
00
00
00
00
00
00
00
00
00
E0
E0
E0
ENDCHAR
STARTCHAR u2849
ENCODING 10313
SWIDTH 500 0
DWIDTH 8 0
BBX 8 16 0 -2
BITMAP
00
EE
EE
EE
00
00
00
00
00
00
00
00
00
E0
E0
E0
ENDCHAR
STARTCHAR u284A
ENCODING 10314
SWIDTH 500 0
DWIDTH 8 0
BBX 8 16 0 -2
BITMAP
00
0E
0E
0E
00
E0
E0
E0
00
00
00
00
00
E0
E0
E0
ENDCHAR
STARTCHAR u284B
ENCODING 10315
SWIDTH 500 0
DWIDTH 8 0
BBX 8 16 0 -2
BITMAP
00
EE
EE
EE
00
E0
E0
E0
00
00
00
00
00
E0
E0
E0
ENDCHAR
STARTCHAR u284C
ENCODING 10316
SWIDTH 500 0
DWIDTH 8 0
BBX 8 16 0 -2
BITMAP
00
0E
0E
0E
00
00
00
00
00
E0
E0
E0
00
E0
E0
E0
ENDCHAR
STARTCHAR u284D
ENCODING 10317
SWIDTH 500 0
DWIDTH 8 0
BBX 8 16 0 -2
BITMAP
00
EE
EE
EE
00
00
00
00
00
E0
E0
E0
00
E0
E0
E0
ENDCHAR
STARTCHAR u284E
ENCODING 10318
SWIDTH 500 0
DWIDTH 8 0
BBX 8 16 0 -2
BITMAP
00
0E
0E
0E
00
E0
E0
E0
00
E0
E0
E0
00
E0
E0
E0
ENDCHAR
STARTCHAR u284F
ENCODING 10319
SWIDTH 500 0
DWIDTH 8 0
BBX 8 16 0 -2
BITMAP
00
EE
EE
EE
00
E0
E0
E0
00
E0
E0
E0
00
E0
E0
E0
ENDCHAR
STARTCHAR u2850
ENCODING 10320
SWIDTH 500 0
DWIDTH 8 0
BBX 8 16 0 -2
BITMAP
00
00
00
00
00
0E
0E
0E
00
00
00
00
00
E0
E0
E0
ENDCHAR
STARTCHAR u2851
ENCODING 10321
SWIDTH 500 0
DWIDTH 8 0
BBX 8 16 0 -2
BITMAP
00
E0
E0
E0
00
0E
0E
0E
00
00
00
00
00
E0
E0
E0
ENDCHAR
STARTCHAR u2852
ENCODING 10322
SWIDTH 500 0
DWIDTH 8 0
BBX 8 16 0 -2
BITMAP
00
00
00
00
00
EE
EE
EE
00
00
00
00
00
E0
E0
E0
ENDCHAR
STARTCHAR u2853
ENCODING 10323
SWIDTH 500 0
DWIDTH 8 0
BBX 8 16 0 -2
BITMAP
00
E0
E0
E0
00
EE
EE
EE
00
00
00
00
00
E0
E0
E0
ENDCHAR
STARTCHAR u2854
ENCODING 10324
SWIDTH 500 0
DWIDTH 8 0
BBX 8 16 0 -2
BITMAP
00
00
00
00
00
0E
0E
0E
00
E0
E0
E0
00
E0
E0
E0
ENDCHAR
STARTCHAR u2855
ENCODING 10325
SWIDTH 500 0
DWIDTH 8 0
BBX 8 16 0 -2
BITMAP
00
E0
E0
E0
00
0E
0E
0E
00
E0
E0
E0
00
E0
E0
E0
ENDCHAR
STARTCHAR u2856
ENCODING 10326
SWIDTH 500 0
DWIDTH 8 0
BBX 8 16 0 -2
BITMAP
00
00
00
00
00
EE
EE
EE
00
E0
E0
E0
00
E0
E0
E0
ENDCHAR
STARTCHAR u2857
ENCODING 10327
SWIDTH 500 0
DWIDTH 8 0
BBX 8 16 0 -2
BITMAP
00
E0
E0
E0
00
EE
EE
EE
00
E0
E0
E0
00
E0
E0
E0
ENDCHAR
STARTCHAR u2858
ENCODING 10328
SWIDTH 500 0
DWIDTH 8 0
BBX 8 16 0 -2
BITMAP
00
0E
0E
0E
00
0E
0E
0E
00
00
00
00
00
E0
E0
E0
ENDCHAR
STARTCHAR u2859
ENCODING 10329
SWIDTH 500 0
DWIDTH 8 0
BBX 8 16 0 -2
BITMAP
00
EE
EE
EE
00
0E
0E
0E
00
00
00
00
00
E0
E0
E0
ENDCHAR
STARTCHAR u285A
ENCODING 10330
SWIDTH 500 0
DWIDTH 8 0
BBX 8 16 0 -2
BITMAP
00
0E
0E
0E
00
EE
EE
EE
00
00
00
00
00
E0
E0
E0
ENDCHAR
STARTCHAR u285B
ENCODING 10331
SWIDTH 500 0
DWIDTH 8 0
BBX 8 16 0 -2
BITMAP
00
EE
EE
EE
00
EE
EE
EE
00
00
00
00
00
E0
E0
E0
ENDCHAR
STARTCHAR u285C
ENCODING 10332
SWIDTH 500 0
DWIDTH 8 0
BBX 8 16 0 -2
BITMAP
00
0E
0E
0E
00
0E
0E
0E
00
E0
E0
E0
00
E0
E0
E0
ENDCHAR
STARTCHAR u285D
ENCODING 10333
SWIDTH 500 0
DWIDTH 8 0
BBX 8 16 0 -2
BITMAP
00
EE
EE
EE
00
0E
0E
0E
00
E0
E0
E0
00
E0
E0
E0
ENDCHAR
STARTCHAR u285E
ENCODING 10334
SWIDTH 500 0
DWIDTH 8 0
BBX 8 16 0 -2
BITMAP
00
0E
0E
0E
00
EE
EE
EE
00
E0
E0
E0
00
E0
E0
E0
ENDCHAR
STARTCHAR u285F
ENCODING 10335
SWIDTH 500 0
DWIDTH 8 0
BBX 8 16 0 -2
BITMAP
00
EE
EE
EE
00
EE
EE
EE
00
E0
E0
E0
00
E0
E0
E0
ENDCHAR
STARTCHAR u2860
ENCODING 10336
SWIDTH 500 0
DWIDTH 8 0
BBX 8 16 0 -2
BITMAP
00
00
00
00
00
00
00
00
00
0E
0E
0E
00
E0
E0
E0
ENDCHAR
STARTCHAR u2861
ENCODING 10337
SWIDTH 500 0
DWIDTH 8 0
BBX 8 16 0 -2
BITMAP
00
E0
E0
E0
00
00
00
00
00
0E
0E
0E
00
E0
E0
E0
ENDCHAR
STARTCHAR u2862
ENCODING 10338
SWIDTH 500 0
DWIDTH 8 0
BBX 8 16 0 -2
BITMAP
00
00
00
00
00
E0
E0
E0
00
0E
0E
0E
00
E0
E0
E0
ENDCHAR
STARTCHAR u2863
ENCODING 10339
SWIDTH 500 0
DWIDTH 8 0
BBX 8 16 0 -2
BITMAP
00
E0
E0
E0
00
E0
E0
E0
00
0E
0E
0E
00
E0
E0
E0
ENDCHAR
STARTCHAR u2864
ENCODING 10340
SWIDTH 500 0
DWIDTH 8 0
BBX 8 16 0 -2
BITMAP
00
00
00
00
00
00
00
00
00
EE
EE
EE
00
E0
E0
E0
ENDCHAR
STARTCHAR u2865
ENCODING 10341
SWIDTH 500 0
DWIDTH 8 0
BBX 8 16 0 -2
BITMAP
00
E0
E0
E0
00
00
00
00
00
EE
EE
EE
00
E0
E0
E0
ENDCHAR
STARTCHAR u2866
ENCODING 10342
SWIDTH 500 0
DWIDTH 8 0
BBX 8 16 0 -2
BITMAP
00
00
00
00
00
E0
E0
E0
00
EE
EE
EE
00
E0
E0
E0
ENDCHAR
STARTCHAR u2867
ENCODING 10343
SWIDTH 500 0
DWIDTH 8 0
BBX 8 16 0 -2
BITMAP
00
E0
E0
E0
00
E0
E0
E0
00
EE
EE
EE
00
E0
E0
E0
ENDCHAR
STARTCHAR u2868
ENCODING 10344
SWIDTH 500 0
DWIDTH 8 0
BBX 8 16 0 -2
BITMAP
00
0E
0E
0E
00
00
00
00
00
0E
0E
0E
00
E0
E0
E0
ENDCHAR
STARTCHAR u2869
ENCODING 10345
SWIDTH 500 0
DWIDTH 8 0
BBX 8 16 0 -2
BITMAP
00
EE
EE
EE
00
00
00
00
00
0E
0E
0E
00
E0
E0
E0
ENDCHAR
STARTCHAR u286A
ENCODING 10346
SWIDTH 500 0
DWIDTH 8 0
BBX 8 16 0 -2
BITMAP
00
0E
0E
0E
00
E0
E0
E0
00
0E
0E
0E
00
E0
E0
E0
ENDCHAR
STARTCHAR u286B
ENCODING 10347
SWIDTH 500 0
DWIDTH 8 0
BBX 8 16 0 -2
BITMAP
00
EE
EE
EE
00
E0
E0
E0
00
0E
0E
0E
00
E0
E0
E0
ENDCHAR
STARTCHAR u286C
ENCODING 10348
SWIDTH 500 0
DWIDTH 8 0
BBX 8 16 0 -2
BITMAP
00
0E
0E
0E
00
00
00
00
00
EE
EE
EE
00
E0
E0
E0
ENDCHAR
STARTCHAR u286D
ENCODING 10349
SWIDTH 500 0
DWIDTH 8 0
BBX 8 16 0 -2
BITMAP
00
EE
EE
EE
00
00
00
00
00
EE
EE
EE
00
E0
E0
E0
ENDCHAR
STARTCHAR u286E
ENCODING 10350
SWIDTH 500 0
DWIDTH 8 0
BBX 8 16 0 -2
BITMAP
00
0E
0E
0E
00
E0
E0
E0
00
EE
EE
EE
00
E0
E0
E0
ENDCHAR
STARTCHAR u286F
ENCODING 10351
SWIDTH 500 0
DWIDTH 8 0
BBX 8 16 0 -2
BITMAP
00
EE
EE
EE
00
E0
E0
E0
00
EE
EE
EE
00
E0
E0
E0
ENDCHAR
STARTCHAR u2870
ENCODING 10352
SWIDTH 500 0
DWIDTH 8 0
BBX 8 16 0 -2
BITMAP
00
00
00
00
00
0E
0E
0E
00
0E
0E
0E
00
E0
E0
E0
ENDCHAR
STARTCHAR u2871
ENCODING 10353
SWIDTH 500 0
DWIDTH 8 0
BBX 8 16 0 -2
BITMAP
00
E0
E0
E0
00
0E
0E
0E
00
0E
0E
0E
00
E0
E0
E0
ENDCHAR
STARTCHAR u2872
ENCODING 10354
SWIDTH 500 0
DWIDTH 8 0
BBX 8 16 0 -2
BITMAP
00
00
00
00
00
EE
EE
EE
00
0E
0E
0E
00
E0
E0
E0
ENDCHAR
STARTCHAR u2873
ENCODING 10355
SWIDTH 500 0
DWIDTH 8 0
BBX 8 16 0 -2
BITMAP
00
E0
E0
E0
00
EE
EE
EE
00
0E
0E
0E
00
E0
E0
E0
ENDCHAR
STARTCHAR u2874
ENCODING 10356
SWIDTH 500 0
DWIDTH 8 0
BBX 8 16 0 -2
BITMAP
00
00
00
00
00
0E
0E
0E
00
EE
EE
EE
00
E0
E0
E0
ENDCHAR
STARTCHAR u2875
ENCODING 10357
SWIDTH 500 0
DWIDTH 8 0
BBX 8 16 0 -2
BITMAP
00
E0
E0
E0
00
0E
0E
0E
00
EE
EE
EE
00
E0
E0
E0
ENDCHAR
STARTCHAR u2876
ENCODING 10358
SWIDTH 500 0
DWIDTH 8 0
BBX 8 16 0 -2
BITMAP
00
00
00
00
00
EE
EE
EE
00
EE
EE
EE
00
E0
E0
E0
ENDCHAR
STARTCHAR u2877
ENCODING 10359
SWIDTH 500 0
DWIDTH 8 0
BBX 8 16 0 -2
BITMAP
00
E0
E0
E0
00
EE
EE
EE
00
EE
EE
EE
00
E0
E0
E0
ENDCHAR
STARTCHAR u2878
ENCODING 10360
SWIDTH 500 0
DWIDTH 8 0
BBX 8 16 0 -2
BITMAP
00
0E
0E
0E
00
0E
0E
0E
00
0E
0E
0E
00
E0
E0
E0
ENDCHAR
STARTCHAR u2879
ENCODING 10361
SWIDTH 500 0
DWIDTH 8 0
BBX 8 16 0 -2
BITMAP
00
EE
EE
EE
00
0E
0E
0E
00
0E
0E
0E
00
E0
E0
E0
ENDCHAR
STARTCHAR u287A
ENCODING 10362
SWIDTH 500 0
DWIDTH 8 0
BBX 8 16 0 -2
BITMAP
00
0E
0E
0E
00
EE
EE
EE
00
0E
0E
0E
00
E0
E0
E0
ENDCHAR
STARTCHAR u287B
ENCODING 10363
SWIDTH 500 0
DWIDTH 8 0
BBX 8 16 0 -2
BITMAP
00
EE
EE
EE
00
EE
EE
EE
00
0E
0E
0E
00
E0
E0
E0
ENDCHAR
STARTCHAR u287C
ENCODING 10364
SWIDTH 500 0
DWIDTH 8 0
BBX 8 16 0 -2
BITMAP
00
0E
0E
0E
00
0E
0E
0E
00
EE
EE
EE
00
E0
E0
E0
ENDCHAR
STARTCHAR u287D
ENCODING 10365
SWIDTH 500 0
DWIDTH 8 0
BBX 8 16 0 -2
BITMAP
00
EE
EE
EE
00
0E
0E
0E
00
EE
EE
EE
00
E0
E0
E0
ENDCHAR
STARTCHAR u287E
ENCODING 10366
SWIDTH 500 0
DWIDTH 8 0
BBX 8 16 0 -2
BITMAP
00
0E
0E
0E
00
EE
EE
EE
00
EE
EE
EE
00
E0
E0
E0
ENDCHAR
STARTCHAR u287F
ENCODING 10367
SWIDTH 500 0
DWIDTH 8 0
BBX 8 16 0 -2
BITMAP
00
EE
EE
EE
00
EE
EE
EE
00
EE
EE
EE
00
E0
E0
E0
ENDCHAR
STARTCHAR u2880
ENCODING 10368
SWIDTH 500 0
DWIDTH 8 0
BBX 8 16 0 -2
BITMAP
00
00
00
00
00
00
00
00
00
00
00
00
00
0E
0E
0E
ENDCHAR
STARTCHAR u2881
ENCODING 10369
SWIDTH 500 0
DWIDTH 8 0
BBX 8 16 0 -2
BITMAP
00
E0
E0
E0
00
00
00
00
00
00
00
00
00
0E
0E
0E
ENDCHAR
STARTCHAR u2882
ENCODING 10370
SWIDTH 500 0
DWIDTH 8 0
BBX 8 16 0 -2
BITMAP
00
00
00
00
00
E0
E0
E0
00
00
00
00
00
0E
0E
0E
ENDCHAR
STARTCHAR u2883
ENCODING 10371
SWIDTH 500 0
DWIDTH 8 0
BBX 8 16 0 -2
BITMAP
00
E0
E0
E0
00
E0
E0
E0
00
00
00
00
00
0E
0E
0E
ENDCHAR
STARTCHAR u2884
ENCODING 10372
SWIDTH 500 0
DWIDTH 8 0
BBX 8 16 0 -2
BITMAP
00
00
00
00
00
00
00
00
00
E0
E0
E0
00
0E
0E
0E
ENDCHAR
STARTCHAR u2885
ENCODING 10373
SWIDTH 500 0
DWIDTH 8 0
BBX 8 16 0 -2
BITMAP
00
E0
E0
E0
00
00
00
00
00
E0
E0
E0
00
0E
0E
0E
ENDCHAR
STARTCHAR u2886
ENCODING 10374
SWIDTH 500 0
DWIDTH 8 0
BBX 8 16 0 -2
BITMAP
00
00
00
00
00
E0
E0
E0
00
E0
E0
E0
00
0E
0E
0E
ENDCHAR
STARTCHAR u2887
ENCODING 10375
SWIDTH 500 0
DWIDTH 8 0
BBX 8 16 0 -2
BITMAP
00
E0
E0
E0
00
E0
E0
E0
00
E0
E0
E0
00
0E
0E
0E
ENDCHAR
STARTCHAR u2888
ENCODING 10376
SWIDTH 500 0
DWIDTH 8 0
BBX 8 16 0 -2
BITMAP
00
0E
0E
0E
00
00
00
00
00
00
00
00
00
0E
0E
0E
ENDCHAR
STARTCHAR u2889
ENCODING 10377
SWIDTH 500 0
DWIDTH 8 0
BBX 8 16 0 -2
BITMAP
00
EE
EE
EE
00
00
00
00
00
00
00
00
00
0E
0E
0E
ENDCHAR
STARTCHAR u288A
ENCODING 10378
SWIDTH 500 0
DWIDTH 8 0
BBX 8 16 0 -2
BITMAP
00
0E
0E
0E
00
E0
E0
E0
00
00
00
00
00
0E
0E
0E
ENDCHAR
STARTCHAR u288B
ENCODING 10379
SWIDTH 500 0
DWIDTH 8 0
BBX 8 16 0 -2
BITMAP
00
EE
EE
EE
00
E0
E0
E0
00
00
00
00
00
0E
0E
0E
ENDCHAR
STARTCHAR u288C
ENCODING 10380
SWIDTH 500 0
DWIDTH 8 0
BBX 8 16 0 -2
BITMAP
00
0E
0E
0E
00
00
00
00
00
E0
E0
E0
00
0E
0E
0E
ENDCHAR
STARTCHAR u288D
ENCODING 10381
SWIDTH 500 0
DWIDTH 8 0
BBX 8 16 0 -2
BITMAP
00
EE
EE
EE
00
00
00
00
00
E0
E0
E0
00
0E
0E
0E
ENDCHAR
STARTCHAR u288E
ENCODING 10382
SWIDTH 500 0
DWIDTH 8 0
BBX 8 16 0 -2
BITMAP
00
0E
0E
0E
00
E0
E0
E0
00
E0
E0
E0
00
0E
0E
0E
ENDCHAR
STARTCHAR u288F
ENCODING 10383
SWIDTH 500 0
DWIDTH 8 0
BBX 8 16 0 -2
BITMAP
00
EE
EE
EE
00
E0
E0
E0
00
E0
E0
E0
00
0E
0E
0E
ENDCHAR
STARTCHAR u2890
ENCODING 10384
SWIDTH 500 0
DWIDTH 8 0
BBX 8 16 0 -2
BITMAP
00
00
00
00
00
0E
0E
0E
00
00
00
00
00
0E
0E
0E
ENDCHAR
STARTCHAR u2891
ENCODING 10385
SWIDTH 500 0
DWIDTH 8 0
BBX 8 16 0 -2
BITMAP
00
E0
E0
E0
00
0E
0E
0E
00
00
00
00
00
0E
0E
0E
ENDCHAR
STARTCHAR u2892
ENCODING 10386
SWIDTH 500 0
DWIDTH 8 0
BBX 8 16 0 -2
BITMAP
00
00
00
00
00
EE
EE
EE
00
00
00
00
00
0E
0E
0E
ENDCHAR
STARTCHAR u2893
ENCODING 10387
SWIDTH 500 0
DWIDTH 8 0
BBX 8 16 0 -2
BITMAP
00
E0
E0
E0
00
EE
EE
EE
00
00
00
00
00
0E
0E
0E
ENDCHAR
STARTCHAR u2894
ENCODING 10388
SWIDTH 500 0
DWIDTH 8 0
BBX 8 16 0 -2
BITMAP
00
00
00
00
00
0E
0E
0E
00
E0
E0
E0
00
0E
0E
0E
ENDCHAR
STARTCHAR u2895
ENCODING 10389
SWIDTH 500 0
DWIDTH 8 0
BBX 8 16 0 -2
BITMAP
00
E0
E0
E0
00
0E
0E
0E
00
E0
E0
E0
00
0E
0E
0E
ENDCHAR
STARTCHAR u2896
ENCODING 10390
SWIDTH 500 0
DWIDTH 8 0
BBX 8 16 0 -2
BITMAP
00
00
00
00
00
EE
EE
EE
00
E0
E0
E0
00
0E
0E
0E
ENDCHAR
STARTCHAR u2897
ENCODING 10391
SWIDTH 500 0
DWIDTH 8 0
BBX 8 16 0 -2
BITMAP
00
E0
E0
E0
00
EE
EE
EE
00
E0
E0
E0
00
0E
0E
0E
ENDCHAR
STARTCHAR u2898
ENCODING 10392
SWIDTH 500 0
DWIDTH 8 0
BBX 8 16 0 -2
BITMAP
00
0E
0E
0E
00
0E
0E
0E
00
00
00
00
00
0E
0E
0E
ENDCHAR
STARTCHAR u2899
ENCODING 10393
SWIDTH 500 0
DWIDTH 8 0
BBX 8 16 0 -2
BITMAP
00
EE
EE
EE
00
0E
0E
0E
00
00
00
00
00
0E
0E
0E
ENDCHAR
STARTCHAR u289A
ENCODING 10394
SWIDTH 500 0
DWIDTH 8 0
BBX 8 16 0 -2
BITMAP
00
0E
0E
0E
00
EE
EE
EE
00
00
00
00
00
0E
0E
0E
ENDCHAR
STARTCHAR u289B
ENCODING 10395
SWIDTH 500 0
DWIDTH 8 0
BBX 8 16 0 -2
BITMAP
00
EE
EE
EE
00
EE
EE
EE
00
00
00
00
00
0E
0E
0E
ENDCHAR
STARTCHAR u289C
ENCODING 10396
SWIDTH 500 0
DWIDTH 8 0
BBX 8 16 0 -2
BITMAP
00
0E
0E
0E
00
0E
0E
0E
00
E0
E0
E0
00
0E
0E
0E
ENDCHAR
STARTCHAR u289D
ENCODING 10397
SWIDTH 500 0
DWIDTH 8 0
BBX 8 16 0 -2
BITMAP
00
EE
EE
EE
00
0E
0E
0E
00
E0
E0
E0
00
0E
0E
0E
ENDCHAR
STARTCHAR u289E
ENCODING 10398
SWIDTH 500 0
DWIDTH 8 0
BBX 8 16 0 -2
BITMAP
00
0E
0E
0E
00
EE
EE
EE
00
E0
E0
E0
00
0E
0E
0E
ENDCHAR
STARTCHAR u289F
ENCODING 10399
SWIDTH 500 0
DWIDTH 8 0
BBX 8 16 0 -2
BITMAP
00
EE
EE
EE
00
EE
EE
EE
00
E0
E0
E0
00
0E
0E
0E
ENDCHAR
STARTCHAR u28A0
ENCODING 10400
SWIDTH 500 0
DWIDTH 8 0
BBX 8 16 0 -2
BITMAP
00
00
00
00
00
00
00
00
00
0E
0E
0E
00
0E
0E
0E
ENDCHAR
STARTCHAR u28A1
ENCODING 10401
SWIDTH 500 0
DWIDTH 8 0
BBX 8 16 0 -2
BITMAP
00
E0
E0
E0
00
00
00
00
00
0E
0E
0E
00
0E
0E
0E
ENDCHAR
STARTCHAR u28A2
ENCODING 10402
SWIDTH 500 0
DWIDTH 8 0
BBX 8 16 0 -2
BITMAP
00
00
00
00
00
E0
E0
E0
00
0E
0E
0E
00
0E
0E
0E
ENDCHAR
STARTCHAR u28A3
ENCODING 10403
SWIDTH 500 0
DWIDTH 8 0
BBX 8 16 0 -2
BITMAP
00
E0
E0
E0
00
E0
E0
E0
00
0E
0E
0E
00
0E
0E
0E
ENDCHAR
STARTCHAR u28A4
ENCODING 10404
SWIDTH 500 0
DWIDTH 8 0
BBX 8 16 0 -2
BITMAP
00
00
00
00
00
00
00
00
00
EE
EE
EE
00
0E
0E
0E
ENDCHAR
STARTCHAR u28A5
ENCODING 10405
SWIDTH 500 0
DWIDTH 8 0
BBX 8 16 0 -2
BITMAP
00
E0
E0
E0
00
00
00
00
00
EE
EE
EE
00
0E
0E
0E
ENDCHAR
STARTCHAR u28A6
ENCODING 10406
SWIDTH 500 0
DWIDTH 8 0
BBX 8 16 0 -2
BITMAP
00
00
00
00
00
E0
E0
E0
00
EE
EE
EE
00
0E
0E
0E
ENDCHAR
STARTCHAR u28A7
ENCODING 10407
SWIDTH 500 0
DWIDTH 8 0
BBX 8 16 0 -2
BITMAP
00
E0
E0
E0
00
E0
E0
E0
00
EE
EE
EE
00
0E
0E
0E
ENDCHAR
STARTCHAR u28A8
ENCODING 10408
SWIDTH 500 0
DWIDTH 8 0
BBX 8 16 0 -2
BITMAP
00
0E
0E
0E
00
00
00
00
00
0E
0E
0E
00
0E
0E
0E
ENDCHAR
STARTCHAR u28A9
ENCODING 10409
SWIDTH 500 0
DWIDTH 8 0
BBX 8 16 0 -2
BITMAP
00
EE
EE
EE
00
00
00
00
00
0E
0E
0E
00
0E
0E
0E
ENDCHAR
STARTCHAR u28AA
ENCODING 10410
SWIDTH 500 0
DWIDTH 8 0
BBX 8 16 0 -2
BITMAP
00
0E
0E
0E
00
E0
E0
E0
00
0E
0E
0E
00
0E
0E
0E
ENDCHAR
STARTCHAR u28AB
ENCODING 10411
SWIDTH 500 0
DWIDTH 8 0
BBX 8 16 0 -2
BITMAP
00
EE
EE
EE
00
E0
E0
E0
00
0E
0E
0E
00
0E
0E
0E
ENDCHAR
STARTCHAR u28AC
ENCODING 10412
SWIDTH 500 0
DWIDTH 8 0
BBX 8 16 0 -2
BITMAP
00
0E
0E
0E
00
00
00
00
00
EE
EE
EE
00
0E
0E
0E
ENDCHAR
STARTCHAR u28AD
ENCODING 10413
SWIDTH 500 0
DWIDTH 8 0
BBX 8 16 0 -2
BITMAP
00
EE
EE
EE
00
00
00
00
00
EE
EE
EE
00
0E
0E
0E
ENDCHAR
STARTCHAR u28AE
ENCODING 10414
SWIDTH 500 0
DWIDTH 8 0
BBX 8 16 0 -2
BITMAP
00
0E
0E
0E
00
E0
E0
E0
00
EE
EE
EE
00
0E
0E
0E
ENDCHAR
STARTCHAR u28AF
ENCODING 10415
SWIDTH 500 0
DWIDTH 8 0
BBX 8 16 0 -2
BITMAP
00
EE
EE
EE
00
E0
E0
E0
00
EE
EE
EE
00
0E
0E
0E
ENDCHAR
STARTCHAR u28B0
ENCODING 10416
SWIDTH 500 0
DWIDTH 8 0
BBX 8 16 0 -2
BITMAP
00
00
00
00
00
0E
0E
0E
00
0E
0E
0E
00
0E
0E
0E
ENDCHAR
STARTCHAR u28B1
ENCODING 10417
SWIDTH 500 0
DWIDTH 8 0
BBX 8 16 0 -2
BITMAP
00
E0
E0
E0
00
0E
0E
0E
00
0E
0E
0E
00
0E
0E
0E
ENDCHAR
STARTCHAR u28B2
ENCODING 10418
SWIDTH 500 0
DWIDTH 8 0
BBX 8 16 0 -2
BITMAP
00
00
00
00
00
EE
EE
EE
00
0E
0E
0E
00
0E
0E
0E
ENDCHAR
STARTCHAR u28B3
ENCODING 10419
SWIDTH 500 0
DWIDTH 8 0
BBX 8 16 0 -2
BITMAP
00
E0
E0
E0
00
EE
EE
EE
00
0E
0E
0E
00
0E
0E
0E
ENDCHAR
STARTCHAR u28B4
ENCODING 10420
SWIDTH 500 0
DWIDTH 8 0
BBX 8 16 0 -2
BITMAP
00
00
00
00
00
0E
0E
0E
00
EE
EE
EE
00
0E
0E
0E
ENDCHAR
STARTCHAR u28B5
ENCODING 10421
SWIDTH 500 0
DWIDTH 8 0
BBX 8 16 0 -2
BITMAP
00
E0
E0
E0
00
0E
0E
0E
00
EE
EE
EE
00
0E
0E
0E
ENDCHAR
STARTCHAR u28B6
ENCODING 10422
SWIDTH 500 0
DWIDTH 8 0
BBX 8 16 0 -2
BITMAP
00
00
00
00
00
EE
EE
EE
00
EE
EE
EE
00
0E
0E
0E
ENDCHAR
STARTCHAR u28B7
ENCODING 10423
SWIDTH 500 0
DWIDTH 8 0
BBX 8 16 0 -2
BITMAP
00
E0
E0
E0
00
EE
EE
EE
00
EE
EE
EE
00
0E
0E
0E
ENDCHAR
STARTCHAR u28B8
ENCODING 10424
SWIDTH 500 0
DWIDTH 8 0
BBX 8 16 0 -2
BITMAP
00
0E
0E
0E
00
0E
0E
0E
00
0E
0E
0E
00
0E
0E
0E
ENDCHAR
STARTCHAR u28B9
ENCODING 10425
SWIDTH 500 0
DWIDTH 8 0
BBX 8 16 0 -2
BITMAP
00
EE
EE
EE
00
0E
0E
0E
00
0E
0E
0E
00
0E
0E
0E
ENDCHAR
STARTCHAR u28BA
ENCODING 10426
SWIDTH 500 0
DWIDTH 8 0
BBX 8 16 0 -2
BITMAP
00
0E
0E
0E
00
EE
EE
EE
00
0E
0E
0E
00
0E
0E
0E
ENDCHAR
STARTCHAR u28BB
ENCODING 10427
SWIDTH 500 0
DWIDTH 8 0
BBX 8 16 0 -2
BITMAP
00
EE
EE
EE
00
EE
EE
EE
00
0E
0E
0E
00
0E
0E
0E
ENDCHAR
STARTCHAR u28BC
ENCODING 10428
SWIDTH 500 0
DWIDTH 8 0
BBX 8 16 0 -2
BITMAP
00
0E
0E
0E
00
0E
0E
0E
00
EE
EE
EE
00
0E
0E
0E
ENDCHAR
STARTCHAR u28BD
ENCODING 10429
SWIDTH 500 0
DWIDTH 8 0
BBX 8 16 0 -2
BITMAP
00
EE
EE
EE
00
0E
0E
0E
00
EE
EE
EE
00
0E
0E
0E
ENDCHAR
STARTCHAR u28BE
ENCODING 10430
SWIDTH 500 0
DWIDTH 8 0
BBX 8 16 0 -2
BITMAP
00
0E
0E
0E
00
EE
EE
EE
00
EE
EE
EE
00
0E
0E
0E
ENDCHAR
STARTCHAR u28BF
ENCODING 10431
SWIDTH 500 0
DWIDTH 8 0
BBX 8 16 0 -2
BITMAP
00
EE
EE
EE
00
EE
EE
EE
00
EE
EE
EE
00
0E
0E
0E
ENDCHAR
STARTCHAR u28C0
ENCODING 10432
SWIDTH 500 0
DWIDTH 8 0
BBX 8 16 0 -2
BITMAP
00
00
00
00
00
00
00
00
00
00
00
00
00
EE
EE
EE
ENDCHAR
STARTCHAR u28C1
ENCODING 10433
SWIDTH 500 0
DWIDTH 8 0
BBX 8 16 0 -2
BITMAP
00
E0
E0
E0
00
00
00
00
00
00
00
00
00
EE
EE
EE
ENDCHAR
STARTCHAR u28C2
ENCODING 10434
SWIDTH 500 0
DWIDTH 8 0
BBX 8 16 0 -2
BITMAP
00
00
00
00
00
E0
E0
E0
00
00
00
00
00
EE
EE
EE
ENDCHAR
STARTCHAR u28C3
ENCODING 10435
SWIDTH 500 0
DWIDTH 8 0
BBX 8 16 0 -2
BITMAP
00
E0
E0
E0
00
E0
E0
E0
00
00
00
00
00
EE
EE
EE
ENDCHAR
STARTCHAR u28C4
ENCODING 10436
SWIDTH 500 0
DWIDTH 8 0
BBX 8 16 0 -2
BITMAP
00
00
00
00
00
00
00
00
00
E0
E0
E0
00
EE
EE
EE
ENDCHAR
STARTCHAR u28C5
ENCODING 10437
SWIDTH 500 0
DWIDTH 8 0
BBX 8 16 0 -2
BITMAP
00
E0
E0
E0
00
00
00
00
00
E0
E0
E0
00
EE
EE
EE
ENDCHAR
STARTCHAR u28C6
ENCODING 10438
SWIDTH 500 0
DWIDTH 8 0
BBX 8 16 0 -2
BITMAP
00
00
00
00
00
E0
E0
E0
00
E0
E0
E0
00
EE
EE
EE
ENDCHAR
STARTCHAR u28C7
ENCODING 10439
SWIDTH 500 0
DWIDTH 8 0
BBX 8 16 0 -2
BITMAP
00
E0
E0
E0
00
E0
E0
E0
00
E0
E0
E0
00
EE
EE
EE
ENDCHAR
STARTCHAR u28C8
ENCODING 10440
SWIDTH 500 0
DWIDTH 8 0
BBX 8 16 0 -2
BITMAP
00
0E
0E
0E
00
00
00
00
00
00
00
00
00
EE
EE
EE
ENDCHAR
STARTCHAR u28C9
ENCODING 10441
SWIDTH 500 0
DWIDTH 8 0
BBX 8 16 0 -2
BITMAP
00
EE
EE
EE
00
00
00
00
00
00
00
00
00
EE
EE
EE
ENDCHAR
STARTCHAR u28CA
ENCODING 10442
SWIDTH 500 0
DWIDTH 8 0
BBX 8 16 0 -2
BITMAP
00
0E
0E
0E
00
E0
E0
E0
00
00
00
00
00
EE
EE
EE
ENDCHAR
STARTCHAR u28CB
ENCODING 10443
SWIDTH 500 0
DWIDTH 8 0
BBX 8 16 0 -2
BITMAP
00
EE
EE
EE
00
E0
E0
E0
00
00
00
00
00
EE
EE
EE
ENDCHAR
STARTCHAR u28CC
ENCODING 10444
SWIDTH 500 0
DWIDTH 8 0
BBX 8 16 0 -2
BITMAP
00
0E
0E
0E
00
00
00
00
00
E0
E0
E0
00
EE
EE
EE
ENDCHAR
STARTCHAR u28CD
ENCODING 10445
SWIDTH 500 0
DWIDTH 8 0
BBX 8 16 0 -2
BITMAP
00
EE
EE
EE
00
00
00
00
00
E0
E0
E0
00
EE
EE
EE
ENDCHAR
STARTCHAR u28CE
ENCODING 10446
SWIDTH 500 0
DWIDTH 8 0
BBX 8 16 0 -2
BITMAP
00
0E
0E
0E
00
E0
E0
E0
00
E0
E0
E0
00
EE
EE
EE
ENDCHAR
STARTCHAR u28CF
ENCODING 10447
SWIDTH 500 0
DWIDTH 8 0
BBX 8 16 0 -2
BITMAP
00
EE
EE
EE
00
E0
E0
E0
00
E0
E0
E0
00
EE
EE
EE
ENDCHAR
STARTCHAR u28D0
ENCODING 10448
SWIDTH 500 0
DWIDTH 8 0
BBX 8 16 0 -2
BITMAP
00
00
00
00
00
0E
0E
0E
00
00
00
00
00
EE
EE
EE
ENDCHAR
STARTCHAR u28D1
ENCODING 10449
SWIDTH 500 0
DWIDTH 8 0
BBX 8 16 0 -2
BITMAP
00
E0
E0
E0
00
0E
0E
0E
00
00
00
00
00
EE
EE
EE
ENDCHAR
STARTCHAR u28D2
ENCODING 10450
SWIDTH 500 0
DWIDTH 8 0
BBX 8 16 0 -2
BITMAP
00
00
00
00
00
EE
EE
EE
00
00
00
00
00
EE
EE
EE
ENDCHAR
STARTCHAR u28D3
ENCODING 10451
SWIDTH 500 0
DWIDTH 8 0
BBX 8 16 0 -2
BITMAP
00
E0
E0
E0
00
EE
EE
EE
00
00
00
00
00
EE
EE
EE
ENDCHAR
STARTCHAR u28D4
ENCODING 10452
SWIDTH 500 0
DWIDTH 8 0
BBX 8 16 0 -2
BITMAP
00
00
00
00
00
0E
0E
0E
00
E0
E0
E0
00
EE
EE
EE
ENDCHAR
STARTCHAR u28D5
ENCODING 10453
SWIDTH 500 0
DWIDTH 8 0
BBX 8 16 0 -2
BITMAP
00
E0
E0
E0
00
0E
0E
0E
00
E0
E0
E0
00
EE
EE
EE
ENDCHAR
STARTCHAR u28D6
ENCODING 10454
SWIDTH 500 0
DWIDTH 8 0
BBX 8 16 0 -2
BITMAP
00
00
00
00
00
EE
EE
EE
00
E0
E0
E0
00
EE
EE
EE
ENDCHAR
STARTCHAR u28D7
ENCODING 10455
SWIDTH 500 0
DWIDTH 8 0
BBX 8 16 0 -2
BITMAP
00
E0
E0
E0
00
EE
EE
EE
00
E0
E0
E0
00
EE
EE
EE
ENDCHAR
STARTCHAR u28D8
ENCODING 10456
SWIDTH 500 0
DWIDTH 8 0
BBX 8 16 0 -2
BITMAP
00
0E
0E
0E
00
0E
0E
0E
00
00
00
00
00
EE
EE
EE
ENDCHAR
STARTCHAR u28D9
ENCODING 10457
SWIDTH 500 0
DWIDTH 8 0
BBX 8 16 0 -2
BITMAP
00
EE
EE
EE
00
0E
0E
0E
00
00
00
00
00
EE
EE
EE
ENDCHAR
STARTCHAR u28DA
ENCODING 10458
SWIDTH 500 0
DWIDTH 8 0
BBX 8 16 0 -2
BITMAP
00
0E
0E
0E
00
EE
EE
EE
00
00
00
00
00
EE
EE
EE
ENDCHAR
STARTCHAR u28DB
ENCODING 10459
SWIDTH 500 0
DWIDTH 8 0
BBX 8 16 0 -2
BITMAP
00
EE
EE
EE
00
EE
EE
EE
00
00
00
00
00
EE
EE
EE
ENDCHAR
STARTCHAR u28DC
ENCODING 10460
SWIDTH 500 0
DWIDTH 8 0
BBX 8 16 0 -2
BITMAP
00
0E
0E
0E
00
0E
0E
0E
00
E0
E0
E0
00
EE
EE
EE
ENDCHAR
STARTCHAR u28DD
ENCODING 10461
SWIDTH 500 0
DWIDTH 8 0
BBX 8 16 0 -2
BITMAP
00
EE
EE
EE
00
0E
0E
0E
00
E0
E0
E0
00
EE
EE
EE
ENDCHAR
STARTCHAR u28DE
ENCODING 10462
SWIDTH 500 0
DWIDTH 8 0
BBX 8 16 0 -2
BITMAP
00
0E
0E
0E
00
EE
EE
EE
00
E0
E0
E0
00
EE
EE
EE
ENDCHAR
STARTCHAR u28DF
ENCODING 10463
SWIDTH 500 0
DWIDTH 8 0
BBX 8 16 0 -2
BITMAP
00
EE
EE
EE
00
EE
EE
EE
00
E0
E0
E0
00
EE
EE
EE
ENDCHAR
STARTCHAR u28E0
ENCODING 10464
SWIDTH 500 0
DWIDTH 8 0
BBX 8 16 0 -2
BITMAP
00
00
00
00
00
00
00
00
00
0E
0E
0E
00
EE
EE
EE
ENDCHAR
STARTCHAR u28E1
ENCODING 10465
SWIDTH 500 0
DWIDTH 8 0
BBX 8 16 0 -2
BITMAP
00
E0
E0
E0
00
00
00
00
00
0E
0E
0E
00
EE
EE
EE
ENDCHAR
STARTCHAR u28E2
ENCODING 10466
SWIDTH 500 0
DWIDTH 8 0
BBX 8 16 0 -2
BITMAP
00
00
00
00
00
E0
E0
E0
00
0E
0E
0E
00
EE
EE
EE
ENDCHAR
STARTCHAR u28E3
ENCODING 10467
SWIDTH 500 0
DWIDTH 8 0
BBX 8 16 0 -2
BITMAP
00
E0
E0
E0
00
E0
E0
E0
00
0E
0E
0E
00
EE
EE
EE
ENDCHAR
STARTCHAR u28E4
ENCODING 10468
SWIDTH 500 0
DWIDTH 8 0
BBX 8 16 0 -2
BITMAP
00
00
00
00
00
00
00
00
00
EE
EE
EE
00
EE
EE
EE
ENDCHAR
STARTCHAR u28E5
ENCODING 10469
SWIDTH 500 0
DWIDTH 8 0
BBX 8 16 0 -2
BITMAP
00
E0
E0
E0
00
00
00
00
00
EE
EE
EE
00
EE
EE
EE
ENDCHAR
STARTCHAR u28E6
ENCODING 10470
SWIDTH 500 0
DWIDTH 8 0
BBX 8 16 0 -2
BITMAP
00
00
00
00
00
E0
E0
E0
00
EE
EE
EE
00
EE
EE
EE
ENDCHAR
STARTCHAR u28E7
ENCODING 10471
SWIDTH 500 0
DWIDTH 8 0
BBX 8 16 0 -2
BITMAP
00
E0
E0
E0
00
E0
E0
E0
00
EE
EE
EE
00
EE
EE
EE
ENDCHAR
STARTCHAR u28E8
ENCODING 10472
SWIDTH 500 0
DWIDTH 8 0
BBX 8 16 0 -2
BITMAP
00
0E
0E
0E
00
00
00
00
00
0E
0E
0E
00
EE
EE
EE
ENDCHAR
STARTCHAR u28E9
ENCODING 10473
SWIDTH 500 0
DWIDTH 8 0
BBX 8 16 0 -2
BITMAP
00
EE
EE
EE
00
00
00
00
00
0E
0E
0E
00
EE
EE
EE
ENDCHAR
STARTCHAR u28EA
ENCODING 10474
SWIDTH 500 0
DWIDTH 8 0
BBX 8 16 0 -2
BITMAP
00
0E
0E
0E
00
E0
E0
E0
00
0E
0E
0E
00
EE
EE
EE
ENDCHAR
STARTCHAR u28EB
ENCODING 10475
SWIDTH 500 0
DWIDTH 8 0
BBX 8 16 0 -2
BITMAP
00
EE
EE
EE
00
E0
E0
E0
00
0E
0E
0E
00
EE
EE
EE
ENDCHAR
STARTCHAR u28EC
ENCODING 10476
SWIDTH 500 0
DWIDTH 8 0
BBX 8 16 0 -2
BITMAP
00
0E
0E
0E
00
00
00
00
00
EE
EE
EE
00
EE
EE
EE
ENDCHAR
STARTCHAR u28ED
ENCODING 10477
SWIDTH 500 0
DWIDTH 8 0
BBX 8 16 0 -2
BITMAP
00
EE
EE
EE
00
00
00
00
00
EE
EE
EE
00
EE
EE
EE
ENDCHAR
STARTCHAR u28EE
ENCODING 10478
SWIDTH 500 0
DWIDTH 8 0
BBX 8 16 0 -2
BITMAP
00
0E
0E
0E
00
E0
E0
E0
00
EE
EE
EE
00
EE
EE
EE
ENDCHAR
STARTCHAR u28EF
ENCODING 10479
SWIDTH 500 0
DWIDTH 8 0
BBX 8 16 0 -2
BITMAP
00
EE
EE
EE
00
E0
E0
E0
00
EE
EE
EE
00
EE
EE
EE
ENDCHAR
STARTCHAR u28F0
ENCODING 10480
SWIDTH 500 0
DWIDTH 8 0
BBX 8 16 0 -2
BITMAP
00
00
00
00
00
0E
0E
0E
00
0E
0E
0E
00
EE
EE
EE
ENDCHAR
STARTCHAR u28F1
ENCODING 10481
SWIDTH 500 0
DWIDTH 8 0
BBX 8 16 0 -2
BITMAP
00
E0
E0
E0
00
0E
0E
0E
00
0E
0E
0E
00
EE
EE
EE
ENDCHAR
STARTCHAR u28F2
ENCODING 10482
SWIDTH 500 0
DWIDTH 8 0
BBX 8 16 0 -2
BITMAP
00
00
00
00
00
EE
EE
EE
00
0E
0E
0E
00
EE
EE
EE
ENDCHAR
STARTCHAR u28F3
ENCODING 10483
SWIDTH 500 0
DWIDTH 8 0
BBX 8 16 0 -2
BITMAP
00
E0
E0
E0
00
EE
EE
EE
00
0E
0E
0E
00
EE
EE
EE
ENDCHAR
STARTCHAR u28F4
ENCODING 10484
SWIDTH 500 0
DWIDTH 8 0
BBX 8 16 0 -2
BITMAP
00
00
00
00
00
0E
0E
0E
00
EE
EE
EE
00
EE
EE
EE
ENDCHAR
STARTCHAR u28F5
ENCODING 10485
SWIDTH 500 0
DWIDTH 8 0
BBX 8 16 0 -2
BITMAP
00
E0
E0
E0
00
0E
0E
0E
00
EE
EE
EE
00
EE
EE
EE
ENDCHAR
STARTCHAR u28F6
ENCODING 10486
SWIDTH 500 0
DWIDTH 8 0
BBX 8 16 0 -2
BITMAP
00
00
00
00
00
EE
EE
EE
00
EE
EE
EE
00
EE
EE
EE
ENDCHAR
STARTCHAR u28F7
ENCODING 10487
SWIDTH 500 0
DWIDTH 8 0
BBX 8 16 0 -2
BITMAP
00
E0
E0
E0
00
EE
EE
EE
00
EE
EE
EE
00
EE
EE
EE
ENDCHAR
STARTCHAR u28F8
ENCODING 10488
SWIDTH 500 0
DWIDTH 8 0
BBX 8 16 0 -2
BITMAP
00
0E
0E
0E
00
0E
0E
0E
00
0E
0E
0E
00
EE
EE
EE
ENDCHAR
STARTCHAR u28F9
ENCODING 10489
SWIDTH 500 0
DWIDTH 8 0
BBX 8 16 0 -2
BITMAP
00
EE
EE
EE
00
0E
0E
0E
00
0E
0E
0E
00
EE
EE
EE
ENDCHAR
STARTCHAR u28FA
ENCODING 10490
SWIDTH 500 0
DWIDTH 8 0
BBX 8 16 0 -2
BITMAP
00
0E
0E
0E
00
EE
EE
EE
00
0E
0E
0E
00
EE
EE
EE
ENDCHAR
STARTCHAR u28FB
ENCODING 10491
SWIDTH 500 0
DWIDTH 8 0
BBX 8 16 0 -2
BITMAP
00
EE
EE
EE
00
EE
EE
EE
00
0E
0E
0E
00
EE
EE
EE
ENDCHAR
STARTCHAR u28FC
ENCODING 10492
SWIDTH 500 0
DWIDTH 8 0
BBX 8 16 0 -2
BITMAP
00
0E
0E
0E
00
0E
0E
0E
00
EE
EE
EE
00
EE
EE
EE
ENDCHAR
STARTCHAR u28FD
ENCODING 10493
SWIDTH 500 0
DWIDTH 8 0
BBX 8 16 0 -2
BITMAP
00
EE
EE
EE
00
0E
0E
0E
00
EE
EE
EE
00
EE
EE
EE
ENDCHAR
STARTCHAR u28FE
ENCODING 10494
SWIDTH 500 0
DWIDTH 8 0
BBX 8 16 0 -2
BITMAP
00
0E
0E
0E
00
EE
EE
EE
00
EE
EE
EE
00
EE
EE
EE
ENDCHAR
STARTCHAR u28FF
ENCODING 10495
SWIDTH 500 0
DWIDTH 8 0
BBX 8 16 0 -2
BITMAP
00
EE
EE
EE
00
EE
EE
EE
00
EE
EE
EE
00
EE
EE
EE
ENDCHAR
STARTCHAR u2C60
ENCODING 11360
SWIDTH 500 0
DWIDTH 8 0
BBX 8 24 0 -6
BITMAP
00
00
00
00
00
00
00
40
40
40
F0
40
40
F0
40
40
40
7E
00
00
00
00
00
00
ENDCHAR
STARTCHAR u2C61
ENCODING 11361
SWIDTH 250 0
DWIDTH 4 0
BBX 4 24 0 -6
BITMAP
00
00
00
00
00
00
00
C0
40
40
E0
40
40
E0
40
40
40
60
00
00
00
00
00
00
ENDCHAR
STARTCHAR u2C6E
ENCODING 11374
SWIDTH 625 0
DWIDTH 10 0
BBX 10 24 0 -6
BITMAP
0000
0000
0000
0000
0000
0000
0000
8080
8080
C180
C180
A280
A280
9480
9480
8880
8880
8880
0080
0300
0000
0000
0000
0000
ENDCHAR
STARTCHAR u2C6F
ENCODING 11375
SWIDTH 500 0
DWIDTH 8 0
BBX 8 24 0 -6
BITMAP
00
00
00
00
00
00
00
82
82
82
7C
44
44
28
28
28
10
10
00
00
00
00
00
00
ENDCHAR
STARTCHAR u4EBB
ENCODING 11909
SWIDTH 1000 0
DWIDTH 16 0
BBX 16 16 0 -2
BITMAP
0000
0800
0800
0800
1000
1000
3000
5000
9000
1000
1000
1000
1000
1000
1000
1000
ENDCHAR
STARTCHAR u9752
ENCODING 11992
SWIDTH 1000 0
DWIDTH 16 0
BBX 16 16 0 -2
BITMAP
0000
0100
7FFC
0100
3FF8
0100
FFFE
0000
1FF0
1010
1FF0
1010
1FF0
1010
1010
1070
ENDCHAR
STARTCHAR u4E00
ENCODING 12032
SWIDTH 1000 0
DWIDTH 16 0
BBX 16 16 0 -2
BITMAP
0000
0000
0000
0000
0000
0000
0000
0000
FFFE
0000
0000
0000
0000
0000
0000
0000
ENDCHAR
STARTCHAR u4E28
ENCODING 12033
SWIDTH 1000 0
DWIDTH 16 0
BBX 16 16 0 -2
BITMAP
0000
0100
0100
0100
0100
0100
0100
0100
0100
0100
0100
0100
0100
0100
0100
0100
ENDCHAR
STARTCHAR u4E85
ENCODING 12037
SWIDTH 1000 0
DWIDTH 16 0
BBX 16 16 0 -2
BITMAP
0000
0100
0100
0100
0100
0100
0100
0100
0100
0100
0100
0100
0100
0100
0100
0E00
ENDCHAR
STARTCHAR u4E8C
ENCODING 12038
SWIDTH 1000 0
DWIDTH 16 0
BBX 16 16 0 -2
BITMAP
0000
0000
0000
3FF8
0000
0000
0000
0000
0000
0000
0000
0000
0000
FFFE
0000
0000
ENDCHAR
STARTCHAR u4EA0
ENCODING 12039
SWIDTH 1000 0
DWIDTH 16 0
BBX 16 16 0 -2
BITMAP
0000
0200
0100
0100
FFFE
0000
0000
0000
0000
0000
0000
0000
0000
0000
0000
0000
ENDCHAR
STARTCHAR u4EBA
ENCODING 12040
SWIDTH 1000 0
DWIDTH 16 0
BBX 16 16 0 -2
BITMAP
0000
0100
0100
0100
0100
0100
0100
0280
0280
0280
0440
0440
0820
1010
2008
C006
ENDCHAR
STARTCHAR u513F
ENCODING 12041
SWIDTH 1000 0
DWIDTH 16 0
BBX 16 16 0 -2
BITMAP
0000
0820
0820
0820
0820
0820
0820
0820
0820
0820
0820
1020
1022
2022
4022
803E
ENDCHAR
STARTCHAR u5182
ENCODING 12044
SWIDTH 1000 0
DWIDTH 16 0
BBX 16 16 0 -2
BITMAP
0000
7FFC
4004
4004
4004
4004
4004
4004
4004
4004
4004
4004
4004
4004
4004
401C
ENDCHAR
STARTCHAR u5341
ENCODING 12055
SWIDTH 1000 0
DWIDTH 16 0
BBX 16 16 0 -2
BITMAP
0000
0100
0100
0100
0100
0100
0100
FFFE
0100
0100
0100
0100
0100
0100
0100
0100
ENDCHAR
STARTCHAR u6587
ENCODING 12098
SWIDTH 1000 0
DWIDTH 16 0
BBX 16 16 0 -2
BITMAP
0000
0200
0100
0100
FFFE
1010
1010
0820
0820
0440
0280
0100
0280
0C60
3018
C006
ENDCHAR
STARTCHAR u65E5
ENCODING 12103
SWIDTH 1000 0
DWIDTH 16 0
BBX 16 16 0 -2
BITMAP
0000
1FF0
1010
1010
1010
1010
1010
1010
1FF0
1010
1010
1010
1010
1010
1010
1FF0
ENDCHAR
STARTCHAR u767D
ENCODING 12137
SWIDTH 1000 0
DWIDTH 16 0
BBX 16 16 0 -2
BITMAP
0000
0100
0200
0400
3FF8
2008
2008
2008
2008
3FF8
2008
2008
2008
2008
2008
3FF8
ENDCHAR
STARTCHAR u76EE
ENCODING 12140
SWIDTH 1000 0
DWIDTH 16 0
BBX 16 16 0 -2
BITMAP
0000
3FF8
2008
2008
2008
3FF8
2008
2008
2008
2008
3FF8
2008
2008
2008
2008
3FF8
ENDCHAR
STARTCHAR u800C
ENCODING 12157
SWIDTH 1000 0
DWIDTH 16 0
BBX 16 16 0 -2
BITMAP
0000
0000
FFFE
0100
0100
0200
7FFC
4444
4444
4444
4444
4444
4444
4444
4444
401C
ENDCHAR
STARTCHAR u884C
ENCODING 12175
SWIDTH 1000 0
DWIDTH 16 0
BBX 16 16 0 -2
BITMAP
0000
1000
13FC
2000
4000
9000
1000
27FE
6010
A010
2010
2010
2010
2010
2010
2060
ENDCHAR
STARTCHAR u8ECA
ENCODING 12190
SWIDTH 1000 0
DWIDTH 16 0
BBX 16 16 0 -2
BITMAP
0000
0100
0100
7FFC
0100
3FF8
2108
2108
3FF8
2108
2108
3FF8
0100
FFFE
0100
0100
ENDCHAR
STARTCHAR u91CC
ENCODING 12197
SWIDTH 1000 0
DWIDTH 16 0
BBX 16 16 0 -2
BITMAP
0000
3FF8
2108
2108
2108
3FF8
2108
2108
2108
3FF8
0100
0100
7FFC
0100
0100
FFFE
ENDCHAR
STARTCHAR u91D1
ENCODING 12198
SWIDTH 1000 0
DWIDTH 16 0
BBX 16 16 0 -2
BITMAP
0000
0100
0280
0440
0820
3018
DFF6
0100
0100
0100
7FFC
0100
2108
1108
1110
FFFE
ENDCHAR
STARTCHAR u9580
ENCODING 12200
SWIDTH 1000 0
DWIDTH 16 0
BBX 16 16 0 -2
BITMAP
0000
7C7C
4444
4444
7C7C
4444
4444
7C7C
4004
4004
4004
4004
4004
4004
4004
401C
ENDCHAR
STARTCHAR u9751
ENCODING 12205
SWIDTH 1000 0
DWIDTH 16 0
BBX 16 16 0 -2
BITMAP
0000
0100
7FFC
0100
3FF8
0100
FFFE
0000
1FF0
1110
1110
1FF0
1010
1010
1010
1070
ENDCHAR
STARTCHAR u9762
ENCODING 12207
SWIDTH 1000 0
DWIDTH 16 0
BBX 16 16 0 -2
BITMAP
0000
FFFE
0100
0200
0400
7FFC
4444
4444
47C4
4444
4444
4444
47C4
4444
4444
7FFC
ENDCHAR
STARTCHAR u9769
ENCODING 12208
SWIDTH 1000 0
DWIDTH 16 0
BBX 16 16 0 -2
BITMAP
0000
0820
0820
7FFC
0820
0FE0
0100
3FF8
2108
2108
3FF8
0100
FFFE
0100
0100
0100
ENDCHAR
STARTCHAR u9996
ENCODING 12216
SWIDTH 1000 0
DWIDTH 16 0
BBX 16 16 0 -2
BITMAP
0000
1010
0820
FFFE
0200
0400
3FF8
2008
2008
3FF8
2008
2008
3FF8
2008
2008
3FF8
ENDCHAR
STARTCHAR u9999
ENCODING 12217
SWIDTH 1000 0
DWIDTH 16 0
BBX 16 16 0 -2
BITMAP
0000
0078
3F80
0100
0100
FFFE
0540
0920
3118
DFF6
1010
1010
1FF0
1010
1010
1FF0
ENDCHAR
STARTCHAR u2FF0
ENCODING 12272
SWIDTH 1000 0
DWIDTH 16 0
BBX 16 16 0 -2
BITMAP
0000
DBB6
8002
0100
8102
8002
0100
8102
8002
8102
0100
8002
8102
0100
8002
DBB6
ENDCHAR
STARTCHAR u2FF1
ENCODING 12273
SWIDTH 1000 0
DWIDTH 16 0
BBX 16 16 0 -2
BITMAP
0000
DBB6
8002
0000
8002
8002
0000
8002
B6DA
8002
0000
8002
8002
0000
8002
DBB6
ENDCHAR
STARTCHAR u2FF2
ENCODING 12274
SWIDTH 1000 0
DWIDTH 16 0
BBX 16 16 0 -2
BITMAP
0000
DBB6
8002
0440
8442
8002
0440
8442
8002
8442
0440
8002
8442
0440
8002
DBB6
ENDCHAR
STARTCHAR u2FF3
ENCODING 12275
SWIDTH 1000 0
DWIDTH 16 0
BBX 16 16 0 -2
BITMAP
0000
DBB6
8002
0000
8002
8002
36D8
8002
8002
8002
36D8
8002
8002
0000
8002
DBB6
ENDCHAR
STARTCHAR u2FF4
ENCODING 12276
SWIDTH 1000 0
DWIDTH 16 0
BBX 16 16 0 -2
BITMAP
0000
DBB6
8002
0000
9BB2
9012
0000
9012
9012
9012
0000
9012
9BB2
0000
8002
DBB6
ENDCHAR
STARTCHAR u2FF5
ENCODING 12277
SWIDTH 1000 0
DWIDTH 16 0
BBX 16 16 0 -2
BITMAP
0000
DBB6
8002
0000
8002
8D62
0820
8002
8822
8822
0000
8822
8822
0000
8822
DBB6
ENDCHAR
STARTCHAR u2FF6
ENCODING 12278
SWIDTH 1000 0
DWIDTH 16 0
BBX 16 16 0 -2
BITMAP
0000
DBB6
8822
0000
8822
8822
0000
8822
8822
8002
0820
8D62
8002
0000
8002
DBB6
ENDCHAR
STARTCHAR u2FF7
ENCODING 12279
SWIDTH 1000 0
DWIDTH 16 0
BBX 16 16 0 -2
BITMAP
0000
DBB6
8002
0000
8002
8DB6
0800
8002
8802
8002
0800
8DB6
8002
0000
8002
DBB6
ENDCHAR
STARTCHAR u2FF8
ENCODING 12280
SWIDTH 1000 0
DWIDTH 16 0
BBX 16 16 0 -2
BITMAP
0000
DBB6
8002
0000
8002
8DB6
0800
8002
8802
8802
0000
8802
8802
0000
8802
DBB6
ENDCHAR
STARTCHAR u2FF9
ENCODING 12281
SWIDTH 1000 0
DWIDTH 16 0
BBX 16 16 0 -2
BITMAP
0000
DBB6
8002
0000
8002
DB62
0020
8002
8022
8022
0000
8022
8022
0000
8022
DBB6
ENDCHAR
STARTCHAR u2FFA
ENCODING 12282
SWIDTH 1000 0
DWIDTH 16 0
BBX 16 16 0 -2
BITMAP
0000
DBB6
8802
0000
8802
8802
0000
8802
8802
8002
0800
8DB6
8002
0000
8002
DBB6
ENDCHAR
STARTCHAR u2FFB
ENCODING 12283
SWIDTH 1000 0
DWIDTH 16 0
BBX 16 16 0 -2
BITMAP
0000
DB60
8020
0000
8020
8D76
0822
8000
8822
0002
8820
DD62
0802
0000
0802
0DB6
ENDCHAR
STARTCHAR u2FFC
ENCODING 12284
SWIDTH 1000 0
DWIDTH 16 0
BBX 16 16 0 -2
BITMAP
0000
DBB6
8002
0000
8002
DB62
0020
8002
8022
8002
0020
DB62
8002
0000
8002
DBB6
ENDCHAR
STARTCHAR u2FFD
ENCODING 12285
SWIDTH 1000 0
DWIDTH 16 0
BBX 16 16 0 -2
BITMAP
0000
DBB6
8022
0000
8022
8022
0000
8022
8022
8002
0020
DB62
8002
0000
8002
DBB6
ENDCHAR
STARTCHAR u2FFE
ENCODING 12286
SWIDTH 1000 0
DWIDTH 16 0
BBX 16 16 0 -2
BITMAP
0000
DBB6
8002
0000
8002
8002
1010
A00A
F6DE
A00A
1010
8002
8002
0000
8002
DBB6
ENDCHAR
STARTCHAR u2FFF
ENCODING 12287
SWIDTH 1000 0
DWIDTH 16 0
BBX 16 16 0 -2
BITMAP
0000
DBB6
8002
0000
80C2
8012
0008
8002
800A
800A
0800
9012
BB62
1000
8802
DBB6
ENDCHAR
STARTCHAR u3000
ENCODING 12288
SWIDTH 1000 0
DWIDTH 16 0
BBX 16 16 0 -2
BITMAP
0000
0000
0000
0000
0000
0000
0000
0000
0000
0000
0000
0000
0000
0000
0000
0000
ENDCHAR
STARTCHAR u3001
ENCODING 12289
SWIDTH 1000 0
DWIDTH 16 0
BBX 16 16 0 -2
BITMAP
0000
0000
0000
0000
0000
0000
0000
0000
0000
0000
0000
0000
2000
1800
0C00
0400
ENDCHAR
STARTCHAR u3002
ENCODING 12290
SWIDTH 1000 0
DWIDTH 16 0
BBX 16 16 0 -2
BITMAP
0000
0000
0000
0000
0000
0000
0000
0000
0000
0000
0000
0000
1800
2400
2400
1800
ENDCHAR
STARTCHAR u3003
ENCODING 12291
SWIDTH 1000 0
DWIDTH 16 0
BBX 16 16 0 -2
BITMAP
0000
0000
0000
0000
0000
0220
0220
0440
0440
0440
0880
0880
0000
0000
0000
0000
ENDCHAR
STARTCHAR u3004
ENCODING 12292
SWIDTH 1000 0
DWIDTH 16 0
BBX 16 16 0 -2
BITMAP
0000
0700
1830
2028
4024
4124
81A2
8142
8102
8D02
9302
5104
4804
2408
1830
01C0
ENDCHAR
STARTCHAR u3005
ENCODING 12293
SWIDTH 1000 0
DWIDTH 16 0
BBX 16 16 0 -2
BITMAP
0000
0000
0000
0400
0400
07F8
0808
0808
1010
2010
0320
00C0
0020
0010
0000
0000
ENDCHAR
STARTCHAR u3006
ENCODING 12294
SWIDTH 1000 0
DWIDTH 16 0
BBX 16 16 0 -2
BITMAP
0000
0000
0000
0008
0010
0620
0940
1080
1140
2220
2410
2808
3000
2000
0000
0000
ENDCHAR
STARTCHAR u3007
ENCODING 12295
SWIDTH 1000 0
DWIDTH 16 0
BBX 16 16 0 -2
BITMAP
0000
07C0
1830
2008
4004
4004
8002
8002
8002
8002
8002
4004
4004
2008
1830
07C0
ENDCHAR
STARTCHAR u3008
ENCODING 12296
SWIDTH 1000 0
DWIDTH 16 0
BBX 16 16 0 -2
BITMAP
0000
0004
0004
0008
0008
0010
0010
0020
0020
0020
0010
0010
0008
0008
0004
0004
ENDCHAR
STARTCHAR u3009
ENCODING 12297
SWIDTH 1000 0
DWIDTH 16 0
BBX 16 16 0 -2
BITMAP
0000
4000
4000
2000
2000
1000
1000
0800
0800
0800
1000
1000
2000
2000
4000
4000
ENDCHAR
STARTCHAR u300A
ENCODING 12298
SWIDTH 1000 0
DWIDTH 16 0
BBX 16 16 0 -2
BITMAP
0000
0024
0024
0048
0048
0090
0090
0120
0120
0120
0090
0090
0048
0048
0024
0024
ENDCHAR
STARTCHAR u300B
ENCODING 12299
SWIDTH 1000 0
DWIDTH 16 0
BBX 16 16 0 -2
BITMAP
0000
4800
4800
2400
2400
1200
1200
0900
0900
0900
1200
1200
2400
2400
4800
4800
ENDCHAR
STARTCHAR u300C
ENCODING 12300
SWIDTH 1000 0
DWIDTH 16 0
BBX 16 16 0 -2
BITMAP
0000
007C
0040
0040
0040
0040
0040
0040
0040
0040
0040
0040
0000
0000
0000
0000
ENDCHAR
STARTCHAR u300D
ENCODING 12301
SWIDTH 1000 0
DWIDTH 16 0
BBX 16 16 0 -2
BITMAP
0000
0000
0000
0000
0000
0400
0400
0400
0400
0400
0400
0400
0400
0400
0400
7C00
ENDCHAR
STARTCHAR u300E
ENCODING 12302
SWIDTH 1000 0
DWIDTH 16 0
BBX 16 16 0 -2
BITMAP
0000
00FC
0084
00BC
00A0
00A0
00A0
00A0
00A0
00A0
00A0
00E0
0000
0000
0000
0000
ENDCHAR
STARTCHAR u300F
ENCODING 12303
SWIDTH 1000 0
DWIDTH 16 0
BBX 16 16 0 -2
BITMAP
0000
0000
0000
0000
0000
0E00
0A00
0A00
0A00
0A00
0A00
0A00
0A00
7A00
4200
7E00
ENDCHAR
STARTCHAR u3010
ENCODING 12304
SWIDTH 1000 0
DWIDTH 16 0
BBX 16 16 0 -2
BITMAP
0000
00FC
00F8
00F0
00F0
00E0
00E0
00E0
00E0
00E0
00E0
00E0
00F0
00F0
00F8
00FC
ENDCHAR
STARTCHAR u3011
ENCODING 12305
SWIDTH 1000 0
DWIDTH 16 0
BBX 16 16 0 -2
BITMAP
0000
7E00
3E00
1E00
1E00
0E00
0E00
0E00
0E00
0E00
0E00
0E00
1E00
1E00
3E00
7E00
ENDCHAR
STARTCHAR u3012
ENCODING 12306
SWIDTH 1000 0
DWIDTH 16 0
BBX 16 16 0 -2
BITMAP
0000
0000
0000
3FF8
0000
0000
0000
3FF8
0100
0100
0100
0100
0100
0100
0000
0000
ENDCHAR
STARTCHAR u3013
ENCODING 12307
SWIDTH 1000 0
DWIDTH 16 0
BBX 16 16 0 -2
BITMAP
0000
0000
7FFC
7FFC
7FFC
7FFC
7FFC
0000
0000
0000
7FFC
7FFC
7FFC
7FFC
7FFC
0000
ENDCHAR
STARTCHAR u3014
ENCODING 12308
SWIDTH 1000 0
DWIDTH 16 0
BBX 16 16 0 -2
BITMAP
0000
0004
0008
0010
0020
0020
0020
0020
0020
0020
0020
0020
0020
0010
0008
0004
ENDCHAR
STARTCHAR u3015
ENCODING 12309
SWIDTH 1000 0
DWIDTH 16 0
BBX 16 16 0 -2
BITMAP
0000
4000
2000
1000
0800
0800
0800
0800
0800
0800
0800
0800
0800
1000
2000
4000
ENDCHAR
STARTCHAR u3016
ENCODING 12310
SWIDTH 1000 0
DWIDTH 16 0
BBX 16 16 0 -2
BITMAP
0000
00FC
0088
0090
0090
00A0
00A0
00A0
00A0
00A0
00A0
00A0
0090
0090
0088
00FC
ENDCHAR
STARTCHAR u3017
ENCODING 12311
SWIDTH 1000 0
DWIDTH 16 0
BBX 16 16 0 -2
BITMAP
0000
7E00
2200
1200
1200
0A00
0A00
0A00
0A00
0A00
0A00
0A00
1200
1200
2200
7E00
ENDCHAR
STARTCHAR u3018
ENCODING 12312
SWIDTH 1000 0
DWIDTH 16 0
BBX 16 16 0 -2
BITMAP
0000
000C
0014
0028
0050
0050
0050
0050
0050
0050
0050
0050
0050
0028
0014
000C
ENDCHAR
STARTCHAR u3019
ENCODING 12313
SWIDTH 1000 0
DWIDTH 16 0
BBX 16 16 0 -2
BITMAP
0000
6000
5000
2800
1400
1400
1400
1400
1400
1400
1400
1400
1400
2800
5000
6000
ENDCHAR
STARTCHAR u301A
ENCODING 12314
SWIDTH 1000 0
DWIDTH 16 0
BBX 16 16 0 -2
BITMAP
0000
007C
0050
0050
0050
0050
0050
0050
0050
0050
0050
0050
0050
0050
0050
007C
ENDCHAR
STARTCHAR u301B
ENCODING 12315
SWIDTH 1000 0
DWIDTH 16 0
BBX 16 16 0 -2
BITMAP
0000
7C00
1400
1400
1400
1400
1400
1400
1400
1400
1400
1400
1400
1400
1400
7C00
ENDCHAR
STARTCHAR u301C
ENCODING 12316
SWIDTH 1000 0
DWIDTH 16 0
BBX 16 16 0 -2
BITMAP
0000
0000
0000
0000
0000
0000
3800
4602
8102
80C4
0038
0000
0000
0000
0000
0000
ENDCHAR
STARTCHAR u301D
ENCODING 12317
SWIDTH 1000 0
DWIDTH 16 0
BBX 16 16 0 -2
BITMAP
0000
0038
0034
0000
0038
0034
0000
0000
0000
0000
0000
0000
0000
0000
0000
0000
ENDCHAR
STARTCHAR u301E
ENCODING 12318
SWIDTH 1000 0
DWIDTH 16 0
BBX 16 16 0 -2
BITMAP
0000
3800
5800
0000
3800
5800
0000
0000
0000
0000
0000
0000
0000
0000
0000
0000
ENDCHAR
STARTCHAR u301F
ENCODING 12319
SWIDTH 1000 0
DWIDTH 16 0
BBX 16 16 0 -2
BITMAP
0000
0000
0000
0000
0000
0000
0000
0000
0000
0000
0000
5800
3800
0000
5800
3800
ENDCHAR
STARTCHAR u3020
ENCODING 12320
SWIDTH 1000 0
DWIDTH 16 0
BBX 16 16 0 -2
BITMAP
0000
0000
0000
3FF8
0000
3FF8
4104
4924
9552
8102
4824
47C4
2008
1FF0
0000
0000
ENDCHAR
STARTCHAR u3021
ENCODING 12321
SWIDTH 1000 0
DWIDTH 16 0
BBX 16 16 0 -2
BITMAP
0000
0100
0100
0100
0100
0100
0100
0100
0100
0100
0100
0100
0100
0100
0100
0100
ENDCHAR
STARTCHAR u3022
ENCODING 12322
SWIDTH 1000 0
DWIDTH 16 0
BBX 16 16 0 -2
BITMAP
0000
0020
0820
0820
0820
0820
0820
0820
0820
0820
0820
0820
0820
0820
0820
0020
ENDCHAR
STARTCHAR u3023
ENCODING 12323
SWIDTH 1000 0
DWIDTH 16 0
BBX 16 16 0 -2
BITMAP
0000
0010
1010
1110
1110
1110
1110
1110
1110
1110
1110
1110
1110
1110
1010
0010
ENDCHAR
STARTCHAR u3024
ENCODING 12324
SWIDTH 1000 0
DWIDTH 16 0
BBX 16 16 0 -2
BITMAP
0000
0010
0010
4010
2010
1010
0810
0420
0220
0140
0080
0140
0220
0C10
3008
C004
ENDCHAR
STARTCHAR u3025
ENCODING 12325
SWIDTH 1000 0
DWIDTH 16 0
BBX 16 16 0 -2
BITMAP
0000
0810
0820
1040
1080
2100
3F00
04C0
0820
1010
2008
2008
2008
2008
1010
0FE0
ENDCHAR
STARTCHAR u3026
ENCODING 12326
SWIDTH 1000 0
DWIDTH 16 0
BBX 16 16 0 -2
BITMAP
0000
0100
0100
0100
0100
0100
0100
0100
0100
0100
0100
0100
0100
FFFE
0000
0000
ENDCHAR
STARTCHAR u3027
ENCODING 12327
SWIDTH 1000 0
DWIDTH 16 0
BBX 16 16 0 -2
BITMAP
0000
0100
0100
0100
0100
0100
0100
0100
0100
FFFE
0000
0000
0000
0000
7FFC
0000
ENDCHAR
STARTCHAR u3028
ENCODING 12328
SWIDTH 1000 0
DWIDTH 16 0
BBX 16 16 0 -2
BITMAP
0000
0100
0100
0100
0100
0100
0100
FFFE
0000
0000
0000
7FFC
0000
0000
0000
7FFC
ENDCHAR
STARTCHAR u3029
ENCODING 12329
SWIDTH 1000 0
DWIDTH 16 0
BBX 16 16 0 -2
BITMAP
0000
0100
0100
0100
3FF8
2008
1010
1010
0820
0820
0440
0280
0100
06C0
1830
E00E
ENDCHAR
STARTCHAR u302A
ENCODING 12330
SWIDTH 1000 0
DWIDTH 16 0
BBX 16 16 0 -2
BITMAP
0000
0000
0000
0000
0000
0000
0000
0000
0000
0000
0000
0000
0000
4000
A000
4000
ENDCHAR
STARTCHAR u302B
ENCODING 12331
SWIDTH 1000 0
DWIDTH 16 0
BBX 16 16 0 -2
BITMAP
0000
4000
A000
4000
0000
0000
0000
0000
0000
0000
0000
0000
0000
0000
0000
0000
ENDCHAR
STARTCHAR u302C
ENCODING 12332
SWIDTH 1000 0
DWIDTH 16 0
BBX 16 16 0 -2
BITMAP
0000
0004
000A
0004
0000
0000
0000
0000
0000
0000
0000
0000
0000
0000
0000
0000
ENDCHAR
STARTCHAR u302D
ENCODING 12333
SWIDTH 1000 0
DWIDTH 16 0
BBX 16 16 0 -2
BITMAP
0000
0000
0000
0000
0000
0000
0000
0000
0000
0000
0000
0000
0000
0004
000A
0004
ENDCHAR
STARTCHAR u302E
ENCODING 12334
SWIDTH 1000 0
DWIDTH 16 0
BBX 16 16 0 -2
BITMAP
0000
0000
0000
0000
0000
0000
0000
C000
C000
0000
0000
0000
0000
0000
0000
0000
ENDCHAR
STARTCHAR u302F
ENCODING 12335
SWIDTH 1000 0
DWIDTH 16 0
BBX 16 16 0 -2
BITMAP
0000
0000
0000
0000
0000
0000
C000
C000
0000
C000
C000
0000
0000
0000
0000
0000
ENDCHAR
STARTCHAR u3030
ENCODING 12336
SWIDTH 1000 0
DWIDTH 16 0
BBX 16 16 0 -2
BITMAP
0000
0000
0000
0000
0000
0000
0000
8383
4444
3838
0000
0000
0000
0000
0000
0000
ENDCHAR
STARTCHAR u3031
ENCODING 12337
SWIDTH 1000 0
DWIDTH 16 0
BBX 16 32 0 -10
BITMAP
0000
0020
0020
0040
0040
0080
0080
0100
0100
0200
0200
0400
0400
0800
0800
1000
1000
0800
0800
0400
0400
0200
0200
0100
0100
0080
0080
0040
0040
0020
0020
0000
ENDCHAR
STARTCHAR u3032
ENCODING 12338
SWIDTH 1000 0
DWIDTH 16 0
BBX 16 32 0 -10
BITMAP
0000
0020
0020
0040
0040
0080
0080
0108
0124
0214
0210
0400
0400
0800
0800
1000
1000
0800
0800
0400
0400
0200
0200
0100
0100
0080
0080
0040
0040
0020
0020
0000
ENDCHAR
STARTCHAR u3033
ENCODING 12339
SWIDTH 1000 0
DWIDTH 16 0
BBX 16 16 0 -2
BITMAP
0000
0020
0020
0040
0040
0080
0080
0100
0100
0200
0200
0400
0400
0800
0800
1000
ENDCHAR
STARTCHAR u3034
ENCODING 12340
SWIDTH 1000 0
DWIDTH 16 0
BBX 16 16 0 -2
BITMAP
0000
0020
0020
0040
0040
0080
0080
0108
0124
0214
0210
0400
0400
0800
0800
1000
ENDCHAR
STARTCHAR u3035
ENCODING 12341
SWIDTH 1000 0
DWIDTH 16 0
BBX 16 16 0 -2
BITMAP
1000
0800
0800
0400
0400
0200
0200
0100
0100
0080
0080
0040
0040
0020
0020
0000
ENDCHAR
STARTCHAR u3036
ENCODING 12342
SWIDTH 1000 0
DWIDTH 16 0
BBX 16 16 0 -2
BITMAP
0000
07C0
1830
2008
4004
5FF4
8002
8002
9FF2
8102
8102
4104
4104
2108
1830
07C0
ENDCHAR
STARTCHAR u3037
ENCODING 12343
SWIDTH 1000 0
DWIDTH 16 0
BBX 16 16 0 -2
BITMAP
0000
8282
8282
4444
4444
2828
2828
1010
1010
1010
2828
2828
4444
4444
8282
8282
ENDCHAR
STARTCHAR u3038
ENCODING 12344
SWIDTH 1000 0
DWIDTH 16 0
BBX 16 16 0 -2
BITMAP
0000
0100
0100
0100
0100
0100
0100
FFFE
0100
0100
0100
0100
0100
0100
0100
0100
ENDCHAR
STARTCHAR u3039
ENCODING 12345
SWIDTH 1000 0
DWIDTH 16 0
BBX 16 16 0 -2
BITMAP
0000
0820
0820
0820
0820
0820
0820
FFFE
0820
0820
0820
0820
0820
0820
0820
0820
ENDCHAR
STARTCHAR u303A
ENCODING 12346
SWIDTH 1000 0
DWIDTH 16 0
BBX 16 16 0 -2
BITMAP
0000
1010
1110
1110
1110
1110
1110
FFFE
1110
1110
1110
1110
2110
2110
4110
8010
ENDCHAR
STARTCHAR u303B
ENCODING 12347
SWIDTH 1000 0
DWIDTH 16 0
BBX 16 16 0 -2
BITMAP
0000
0800
0600
0180
0060
0010
00E0
0700
0800
0400
0300
00C0
0020
0010
00E0
0F00
ENDCHAR
STARTCHAR u303C
ENCODING 12348
SWIDTH 1000 0
DWIDTH 16 0
BBX 16 16 0 -2
BITMAP
0000
FFFE
8006
800A
8012
8022
8042
8082
8102
8202
8402
8802
9002
A002
C002
FFFE
ENDCHAR
STARTCHAR u303D
ENCODING 12349
SWIDTH 1000 0
DWIDTH 16 0
BBX 16 16 0 -2
BITMAP
0000
1000
2800
4840
84A0
0520
0220
0010
0010
0010
0008
0008
0008
0004
0004
0002
ENDCHAR
STARTCHAR u303E
ENCODING 12350
SWIDTH 1000 0
DWIDTH 16 0
BBX 16 16 0 -2
BITMAP
0000
DBB6
8002
0000
8612
8922
10C0
8002
8082
9FF2
0100
8202
9FF2
0400
8002
DBB6
ENDCHAR
STARTCHAR u303F
ENCODING 12351
SWIDTH 1000 0
DWIDTH 16 0
BBX 16 16 0 -2
BITMAP
0000
1FF0
1830
1450
1450
1290
1290
1110
1110
1110
1290
1290
1450
1450
1830
1FF0
ENDCHAR
STARTCHAR u3041
ENCODING 12353
SWIDTH 1000 0
DWIDTH 16 0
BBX 16 16 0 -2
BITMAP
0000
0000
0000
0000
0200
0200
1FF0
0200
0200
07E0
0A50
1248
2288
2108
2210
1C60
ENDCHAR
STARTCHAR u3042
ENCODING 12354
SWIDTH 1000 0
DWIDTH 16 0
BBX 16 16 0 -2
BITMAP
0000
0400
0400
7FF8
0400
0440
07E0
1C58
2444
4482
8482
8502
8502
4204
3C18
0060
ENDCHAR
STARTCHAR u3043
ENCODING 12355
SWIDTH 1000 0
DWIDTH 16 0
BBX 16 16 0 -2
BITMAP
0000
0000
0000
0000
0000
2020
2020
2020
2010
2010
2010
2008
2108
1108
1200
0C00
ENDCHAR
STARTCHAR u3044
ENCODING 12356
SWIDTH 1000 0
DWIDTH 16 0
BBX 16 16 0 -2
BITMAP
0000
0000
4000
4020
4020
4010
4010
4008
4008
4008
4004
4004
4104
2100
2200
1C00
ENDCHAR
STARTCHAR u3045
ENCODING 12357
SWIDTH 1000 0
DWIDTH 16 0
BBX 16 16 0 -2
BITMAP
0000
0000
0000
0000
0700
00C0
0000
03C0
1C20
0010
0010
0010
0010
0020
00C0
0700
ENDCHAR
STARTCHAR u3046
ENCODING 12358
SWIDTH 1000 0
DWIDTH 16 0
BBX 16 16 0 -2
BITMAP
0000
0E00
01C0
0030
0000
0000
07E0
1810
6008
0004
0004
0004
0008
0010
00E0
0F00
ENDCHAR
STARTCHAR u3047
ENCODING 12359
SWIDTH 1000 0
DWIDTH 16 0
BBX 16 16 0 -2
BITMAP
0000
0000
0000
0000
0600
01C0
0000
0000
1FE0
0040
0080
0100
0280
0480
0880
3078
ENDCHAR
STARTCHAR u3048
ENCODING 12360
SWIDTH 1000 0
DWIDTH 16 0
BBX 16 16 0 -2
BITMAP
0000
1800
0700
00E0
0000
0000
7FF0
0020
0040
0080
0180
0240
0440
0840
3040
C03E
ENDCHAR
STARTCHAR u3049
ENCODING 12361
SWIDTH 1000 0
DWIDTH 16 0
BBX 16 16 0 -2
BITMAP
0000
0000
0000
0000
0200
0220
1F90
0208
0200
0FE0
1210
2208
2208
2208
2210
1C60
ENDCHAR
STARTCHAR u304A
ENCODING 12362
SWIDTH 1000 0
DWIDTH 16 0
BBX 16 16 0 -2
BITMAP
0000
0400
0400
0408
7FC4
0402
0402
07C0
1C30
2408
4404
8404
8404
8408
4410
38E0
ENDCHAR
STARTCHAR u304B
ENCODING 12363
SWIDTH 1000 0
DWIDTH 16 0
BBX 16 16 0 -2
BITMAP
0000
0800
0800
0810
0808
FF88
0844
0844
1044
1040
1040
2040
2040
4080
4080
8700
ENDCHAR
STARTCHAR u304C
ENCODING 12364
SWIDTH 1000 0
DWIDTH 16 0
BBX 16 16 0 -2
BITMAP
0000
0814
080A
080A
0820
FF90
0850
0848
1048
1048
1040
2040
2040
4080
4080
8700
ENDCHAR
STARTCHAR u304D
ENCODING 12365
SWIDTH 1000 0
DWIDTH 16 0
BBX 16 16 0 -2
BITMAP
0000
0400
0400
0278
7F80
0200
011C
FFE0
0080
0040
1FE0
2018
2000
2000
1000
0FF0
ENDCHAR
STARTCHAR u304E
ENCODING 12366
SWIDTH 1000 0
DWIDTH 16 0
BBX 16 16 0 -2
BITMAP
0000
0414
040A
026A
7F80
0200
011C
FFE0
0080
0040
1FE0
2018
2000
2000
1000
0FF0
ENDCHAR
STARTCHAR u304F
ENCODING 12367
SWIDTH 1000 0
DWIDTH 16 0
BBX 16 16 0 -2
BITMAP
0000
0008
0010
0020
00C0
0300
0C00
3000
4000
3000
0C00
0300
00C0
0020
0010
0008
ENDCHAR
STARTCHAR u3050
ENCODING 12368
SWIDTH 1000 0
DWIDTH 16 0
BBX 16 16 0 -2
BITMAP
0000
0008
0010
0020
00C0
0314
0C0A
300A
4000
3000
0C00
0300
00C0
0020
0010
0008
ENDCHAR
STARTCHAR u3051
ENCODING 12369
SWIDTH 1000 0
DWIDTH 16 0
BBX 16 16 0 -2
BITMAP
0000
4020
4020
4020
4020
87FE
8020
8020
8020
8020
8020
8020
4040
4040
4080
0300
ENDCHAR
STARTCHAR u3052
ENCODING 12370
SWIDTH 1000 0
DWIDTH 16 0
BBX 16 16 0 -2
BITMAP
0000
4054
404A
404A
4040
8FFC
8040
8040
8040
8040
8040
8040
4080
4080
4100
0600
ENDCHAR
STARTCHAR u3053
ENCODING 12371
SWIDTH 1000 0
DWIDTH 16 0
BBX 16 16 0 -2
BITMAP
0000
0000
0000
3FF8
0000
0000
0000
0000
0000
2000
4000
4000
4000
4000
2000
1FFC
ENDCHAR
STARTCHAR u3054
ENCODING 12372
SWIDTH 1000 0
DWIDTH 16 0
BBX 16 16 0 -2
BITMAP
0000
0014
000A
3FEA
0000
0000
0000
0000
0000
2000
4000
4000
4000
4000
2000
1FFC
ENDCHAR
STARTCHAR u3055
ENCODING 12373
SWIDTH 1000 0
DWIDTH 16 0
BBX 16 16 0 -2
BITMAP
0000
0400
0400
0200
023C
FFC0
0100
0080
0040
0FE0
1018
2000
2000
2000
1000
0FF0
ENDCHAR
STARTCHAR u3056
ENCODING 12374
SWIDTH 1000 0
DWIDTH 16 0
BBX 16 16 0 -2
BITMAP
0000
0414
040A
020A
027C
FF80
0100
0080
0040
0FE0
1018
2000
2000
2000
1000
0FF0
ENDCHAR
STARTCHAR u3057
ENCODING 12375
SWIDTH 1000 0
DWIDTH 16 0
BBX 16 16 0 -2
BITMAP
0000
4000
4000
4000
4000
4000
4000
4000
4000
4000
4000
4008
4010
4020
20C0
1F00
ENDCHAR
STARTCHAR u3058
ENCODING 12376
SWIDTH 1000 0
DWIDTH 16 0
BBX 16 16 0 -2
BITMAP
0000
4000
4000
40A0
4050
4050
4000
4000
4000
4000
4000
4008
4010
4020
20C0
1F00
ENDCHAR
STARTCHAR u3059
ENCODING 12377
SWIDTH 1000 0
DWIDTH 16 0
BBX 16 16 0 -2
BITMAP
0000
0080
0080
0080
FFFC
0080
0080
0E80
1180
1080
1180
0E80
0080
0100
0200
1C00
ENDCHAR
STARTCHAR u305A
ENCODING 12378
SWIDTH 1000 0
DWIDTH 16 0
BBX 16 16 0 -2
BITMAP
0000
0094
008A
008A
FFFC
0080
0080
0E80
1180
1080
1180
0E80
0080
0100
0200
1C00
ENDCHAR
STARTCHAR u305B
ENCODING 12379
SWIDTH 1000 0
DWIDTH 16 0
BBX 16 16 0 -2
BITMAP
0000
1020
1020
1020
1020
1020
FFFE
1020
1020
1020
1020
11C0
1000
1000
0800
07F8
ENDCHAR
STARTCHAR u305C
ENCODING 12380
SWIDTH 1000 0
DWIDTH 16 0
BBX 16 16 0 -2
BITMAP
0000
2054
204A
204A
2040
2040
FFFC
2040
2040
2040
2040
2380
2000
2000
1000
0FF0
ENDCHAR
STARTCHAR u305D
ENCODING 12381
SWIDTH 1000 0
DWIDTH 16 0
BBX 16 16 0 -2
BITMAP
0000
0000
1FE0
0040
0080
0300
0400
0FFE
F0C0
0300
0400
0800
0800
0800
0400
03F0
ENDCHAR
STARTCHAR u305E
ENCODING 12382
SWIDTH 1000 0
DWIDTH 16 0
BBX 16 16 0 -2
BITMAP
0000
0000
3FC0
0094
010A
060A
0800
1FFC
E180
0600
0800
1000
1000
1000
0800
07E0
ENDCHAR
STARTCHAR u305F
ENCODING 12383
SWIDTH 1000 0
DWIDTH 16 0
BBX 16 16 0 -2
BITMAP
0000
0800
0800
0800
FFC0
0800
0800
11FC
1000
1000
2000
2100
2200
4200
4200
81FC
ENDCHAR
STARTCHAR u3060
ENCODING 12384
SWIDTH 1000 0
DWIDTH 16 0
BBX 16 16 0 -2
BITMAP
0000
0814
080A
080A
FFC0
0800
0800
11FC
1000
1000
2000
2100
2200
4200
4200
81FC
ENDCHAR
STARTCHAR u3061
ENCODING 12385
SWIDTH 1000 0
DWIDTH 16 0
BBX 16 16 0 -2
BITMAP
0000
0200
0200
0400
0400
FFF8
0800
0800
1000
1FE0
3010
4008
0008
0008
0010
1FE0
ENDCHAR
STARTCHAR u3062
ENCODING 12386
SWIDTH 1000 0
DWIDTH 16 0
BBX 16 16 0 -2
BITMAP
0000
0214
020A
040A
0400
FFF8
0800
0800
1000
1FE0
3010
4008
0008
0008
0010
1FE0
ENDCHAR
STARTCHAR u3063
ENCODING 12387
SWIDTH 1000 0
DWIDTH 16 0
BBX 16 16 0 -2
BITMAP
0000
0000
0000
0000
0000
03C0
0C20
3010
0008
0008
0008
0008
0008
0010
0060
0380
ENDCHAR
STARTCHAR u3064
ENCODING 12388
SWIDTH 1000 0
DWIDTH 16 0
BBX 16 16 0 -2
BITMAP
0000
0000
0000
0FE0
3010
C008
0004
0004
0004
0004
0004
0008
0010
0060
0180
0E00
ENDCHAR
STARTCHAR u3065
ENCODING 12389
SWIDTH 1000 0
DWIDTH 16 0
BBX 16 16 0 -2
BITMAP
0000
0014
000A
0FEA
3010
C008
0004
0004
0004
0004
0004
0008
0010
0060
0180
0E00
ENDCHAR
STARTCHAR u3066
ENCODING 12390
SWIDTH 1000 0
DWIDTH 16 0
BBX 16 16 0 -2
BITMAP
0000
0000
0000
07FE
F840
0080
0100
0200
0200
0400
0400
0400
0400
0200
0100
00F8
ENDCHAR
STARTCHAR u3067
ENCODING 12391
SWIDTH 1000 0
DWIDTH 16 0
BBX 16 16 0 -2
BITMAP
0000
0000
0000
07FE
F840
0080
0114
020A
020A
0400
0400
0400
0400
0200
0100
00F8
ENDCHAR
STARTCHAR u3068
ENCODING 12392
SWIDTH 1000 0
DWIDTH 16 0
BBX 16 16 0 -2
BITMAP
0000
1000
1000
0800
0800
0818
0460
0580
0600
1800
2000
4000
4000
4000
3000
0FF8
ENDCHAR
STARTCHAR u3069
ENCODING 12393
SWIDTH 1000 0
DWIDTH 16 0
BBX 16 16 0 -2
BITMAP
0000
1014
100A
080A
0800
0818
0460
0580
0600
1800
2000
4000
4000
4000
3000
0FF8
ENDCHAR
STARTCHAR u306A
ENCODING 12394
SWIDTH 1000 0
DWIDTH 16 0
BBX 16 16 0 -2
BITMAP
0000
0400
0400
0430
FF8C
0802
0800
1020
1020
2020
2020
47E0
8830
0828
0844
0782
ENDCHAR
STARTCHAR u306B
ENCODING 12395
SWIDTH 1000 0
DWIDTH 16 0
BBX 16 16 0 -2
BITMAP
0000
4000
4000
47FE
4000
8000
8000
8000
8000
8200
8400
8400
8400
4400
4200
41FE
ENDCHAR
STARTCHAR u306C
ENCODING 12396
SWIDTH 1000 0
DWIDTH 16 0
BBX 16 16 0 -2
BITMAP
0000
0080
0080
2080
2080
27E0
2890
3108
5104
5104
8A04
8A04
8474
8488
888C
7072
ENDCHAR
STARTCHAR u306D
ENCODING 12397
SWIDTH 1000 0
DWIDTH 16 0
BBX 16 16 0 -2
BITMAP
0000
1000
1000
1000
1070
F988
1204
1404
1804
1004
3004
5004
90F4
9108
110C
10F2
ENDCHAR
STARTCHAR u306E
ENCODING 12398
SWIDTH 1000 0
DWIDTH 16 0
BBX 16 16 0 -2
BITMAP
0000
0000
0000
07C0
1930
2108
4104
4104
8202
8202
8202
8404
8404
4808
3010
00E0
ENDCHAR
STARTCHAR u306F
ENCODING 12399
SWIDTH 1000 0
DWIDTH 16 0
BBX 16 16 0 -2
BITMAP
0000
4020
4020
4020
4020
8FFE
8020
8020
8020
8020
8020
87E0
8830
4828
4844
4782
ENDCHAR
STARTCHAR u3070
ENCODING 12400
SWIDTH 1000 0
DWIDTH 16 0
BBX 16 16 0 -2
BITMAP
0000
4054
404A
404A
4040
8FFC
8040
8040
8040
8040
8040
87C0
8860
4850
4888
4704
ENDCHAR
STARTCHAR u3071
ENCODING 12401
SWIDTH 1000 0
DWIDTH 16 0
BBX 16 16 0 -2
BITMAP
0000
404C
4052
4052
404C
8FF8
8040
8040
8040
8040
8040
87C0
8860
4850
4888
4704
ENDCHAR
STARTCHAR u3072
ENCODING 12402
SWIDTH 1000 0
DWIDTH 16 0
BBX 16 16 0 -2
BITMAP
0000
0000
0000
FC20
0820
1010
2018
2014
4012
4010
4020
4020
4020
4040
2080
1F00
ENDCHAR
STARTCHAR u3073
ENCODING 12403
SWIDTH 1000 0
DWIDTH 16 0
BBX 16 16 0 -2
BITMAP
0000
0014
000A
FC0A
0820
1010
2018
2014
4012
4010
4020
4020
4020
4040
2080
1F00
ENDCHAR
STARTCHAR u3074
ENCODING 12404
SWIDTH 1000 0
DWIDTH 16 0
BBX 16 16 0 -2
BITMAP
0000
000C
0012
FC12
080C
1020
2010
2018
4014
4012
4020
4020
4020
4040
2080
1F00
ENDCHAR
STARTCHAR u3075
ENCODING 12405
SWIDTH 1000 0
DWIDTH 16 0
BBX 16 16 0 -2
BITMAP
0000
0E00
0180
0060
0000
0100
0100
0100
0088
2084
2044
4042
4042
8042
1080
0F00
ENDCHAR
STARTCHAR u3076
ENCODING 12406
SWIDTH 1000 0
DWIDTH 16 0
BBX 16 16 0 -2
BITMAP
0000
0C00
0314
00CA
000A
0100
0100
0100
0088
2084
2044
4042
4042
8042
1080
0F00
ENDCHAR
STARTCHAR u3077
ENCODING 12407
SWIDTH 1000 0
DWIDTH 16 0
BBX 16 16 0 -2
BITMAP
0000
0C0C
0312
00D2
000C
0100
0100
0100
0088
2084
2044
4042
4042
8042
1080
0F00
ENDCHAR
STARTCHAR u3078
ENCODING 12408
SWIDTH 1000 0
DWIDTH 16 0
BBX 16 16 0 -2
BITMAP
0000
0000
0000
0400
0A00
0A00
1100
1100
2080
2040
4020
8010
0008
0006
0000
0000
ENDCHAR
STARTCHAR u3079
ENCODING 12409
SWIDTH 1000 0
DWIDTH 16 0
BBX 16 16 0 -2
BITMAP
0000
0000
0028
0414
0A14
0A00
1100
1100
2080
2040
4020
8010
0008
0006
0000
0000
ENDCHAR
STARTCHAR u307A
ENCODING 12410
SWIDTH 1000 0
DWIDTH 16 0
BBX 16 16 0 -2
BITMAP
0000
0000
0018
0424
0A24
0A18
1100
1100
2080
2040
4020
8010
0008
0006
0000
0000
ENDCHAR
STARTCHAR u307B
ENCODING 12411
SWIDTH 1000 0
DWIDTH 16 0
BBX 16 16 0 -2
BITMAP
0000
47FE
4020
4020
4020
8020
8FFE
8020
8020
8020
8020
87E0
8830
4828
4844
4782
ENDCHAR
STARTCHAR u307C
ENCODING 12412
SWIDTH 1000 0
DWIDTH 16 0
BBX 16 16 0 -2
BITMAP
0000
47F4
404A
404A
4040
8040
8FFC
8040
8040
8040
8040
87C0
8860
4850
4888
4704
ENDCHAR
STARTCHAR u307D
ENCODING 12413
SWIDTH 1000 0
DWIDTH 16 0
BBX 16 16 0 -2
BITMAP
0000
47EC
4052
4052
404C
8040
8FFC
8040
8040
8040
8040
87C0
8860
4850
4888
4704
ENDCHAR
STARTCHAR u307E
ENCODING 12414
SWIDTH 1000 0
DWIDTH 16 0
BBX 16 16 0 -2
BITMAP
0000
0100
0100
7FF8
0100
0100
0100
FFFC
0100
0100
0100
3F00
4180
4160
4110
3E08
ENDCHAR
STARTCHAR u307F
ENCODING 12415
SWIDTH 1000 0
DWIDTH 16 0
BBX 16 16 0 -2
BITMAP
0000
0000
3F80
0080
0100
0100
0110
0210
0FD0
3238
4214
8412
8420
8820
7040
0080
ENDCHAR
STARTCHAR u3080
ENCODING 12416
SWIDTH 1000 0
DWIDTH 16 0
BBX 16 16 0 -2
BITMAP
0000
0800
0800
0808
FF84
0804
0802
7802
8800
8800
8800
8808
7008
1008
1010
0FE0
ENDCHAR
STARTCHAR u3081
ENCODING 12417
SWIDTH 1000 0
DWIDTH 16 0
BBX 16 16 0 -2
BITMAP
0000
0040
2040
2040
2040
27F0
3848
2084
5082
9102
9102
8A02
8402
8A04
7018
00E0
ENDCHAR
STARTCHAR u3082
ENCODING 12418
SWIDTH 1000 0
DWIDTH 16 0
BBX 16 16 0 -2
BITMAP
0000
0800
0800
0800
FF80
0800
0800
0800
FF88
1008
1004
1004
1004
1008
0810
07E0
ENDCHAR
STARTCHAR u3083
ENCODING 12419
SWIDTH 1000 0
DWIDTH 16 0
BBX 16 16 0 -2
BITMAP
0000
0000
0000
0000
0880
0880
0870
0588
0E08
3408
0210
0260
0200
0100
0100
0100
ENDCHAR
STARTCHAR u3084
ENCODING 12420
SWIDTH 1000 0
DWIDTH 16 0
BBX 16 16 0 -2
BITMAP
0000
0080
1080
1040
1040
08F8
0F04
3802
C802
0802
040C
0470
0400
0200
0200
0200
ENDCHAR
STARTCHAR u3085
ENCODING 12421
SWIDTH 1000 0
DWIDTH 16 0
BBX 16 16 0 -2
BITMAP
0000
0000
0000
0000
1080
1080
27E0
2890
3088
3088
2488
2490
23E0
0080
0080
0700
ENDCHAR
STARTCHAR u3086
ENCODING 12422
SWIDTH 1000 0
DWIDTH 16 0
BBX 16 16 0 -2
BITMAP
0000
0080
4080
43E0
8C98
9084
A082
C082
C082
8082
9084
8898
87E0
0100
0200
0C00
ENDCHAR
STARTCHAR u3087
ENCODING 12423
SWIDTH 1000 0
DWIDTH 16 0
BBX 16 16 0 -2
BITMAP
0000
0000
0000
0000
0100
0100
0100
01F8
0100
0100
0100
1F00
2180
2160
2110
1E08
ENDCHAR
STARTCHAR u3088
ENCODING 12424
SWIDTH 1000 0
DWIDTH 16 0
BBX 16 16 0 -2
BITMAP
0000
0100
0100
0100
0100
01F8
0100
0100
0100
0100
0100
3F00
41C0
4130
4108
3E04
ENDCHAR
STARTCHAR u3089
ENCODING 12425
SWIDTH 1000 0
DWIDTH 16 0
BBX 16 16 0 -2
BITMAP
0000
0600
0180
0070
1000
1000
2000
23F0
2C08
3004
0004
0004
0008
0010
00E0
0F00
ENDCHAR
STARTCHAR u308A
ENCODING 12426
SWIDTH 1000 0
DWIDTH 16 0
BBX 16 16 0 -2
BITMAP
0000
11E0
1210
2408
2808
2808
3008
3008
2008
2008
0008
0010
0010
0020
00C0
0F00
ENDCHAR
STARTCHAR u308B
ENCODING 12427
SWIDTH 1000 0
DWIDTH 16 0
BBX 16 16 0 -2
BITMAP
0000
3FF0
0020
0040
0080
0300
0400
0FF0
3008
C004
0002
0E02
1102
1104
1118
0FE0
ENDCHAR
STARTCHAR u308C
ENCODING 12428
SWIDTH 1000 0
DWIDTH 16 0
BBX 16 16 0 -2
BITMAP
0000
1000
1000
1000
10E0
F910
1210
1410
1810
1010
3020
5020
5020
9020
9022
101C
ENDCHAR
STARTCHAR u308D
ENCODING 12429
SWIDTH 1000 0
DWIDTH 16 0
BBX 16 16 0 -2
BITMAP
0000
3FF0
0020
0040
0080
0300
0400
0FF0
3008
C004
0002
0002
0002
0004
0018
0FE0
ENDCHAR
STARTCHAR u308E
ENCODING 12430
SWIDTH 1000 0
DWIDTH 16 0
BBX 16 16 0 -2
BITMAP
0000
0000
0000
0000
0800
0800
08E0
3D10
0A08
0C08
0808
1808
1808
2808
2810
0860
ENDCHAR
STARTCHAR u308F
ENCODING 12431
SWIDTH 1000 0
DWIDTH 16 0
BBX 16 16 0 -2
BITMAP
0000
1000
1000
1000
10E0
FB18
1404
1402
1802
1002
3002
5002
5002
9004
9018
1060
ENDCHAR
STARTCHAR u3090
ENCODING 12432
SWIDTH 1000 0
DWIDTH 16 0
BBX 16 16 0 -2
BITMAP
0000
3F00
0100
0100
0100
0200
0FF0
1208
2204
4404
4402
8472
888A
8886
9084
6078
ENDCHAR
STARTCHAR u3091
ENCODING 12433
SWIDTH 1000 0
DWIDTH 16 0
BBX 16 16 0 -2
BITMAP
0000
1FF0
0020
0040
0180
07E0
1810
6008
0E08
1108
1130
0FC0
1000
3C78
4284
8102
ENDCHAR
STARTCHAR u3092
ENCODING 12434
SWIDTH 1000 0
DWIDTH 16 0
BBX 16 16 0 -2
BITMAP
0000
0200
0200
0200
7FF0
0400
0800
0F00
109E
20E0
4380
8480
0880
0880
0800
07FC
ENDCHAR
STARTCHAR u3093
ENCODING 12435
SWIDTH 1000 0
DWIDTH 16 0
BBX 16 16 0 -2
BITMAP
0000
0100
0100
0200
0200
0400
0400
0800
0B00
1480
1882
2082
2084
4084
4088
8070
ENDCHAR
STARTCHAR u3094
ENCODING 12436
SWIDTH 1000 0
DWIDTH 16 0
BBX 16 16 0 -2
BITMAP
0000
1C14
038A
006A
0000
0000
0FC0
3020
C010
0008
0008
0008
0010
0020
01C0
1E00
ENDCHAR
STARTCHAR u3095
ENCODING 12437
SWIDTH 1000 0
DWIDTH 16 0
BBX 16 16 0 -2
BITMAP
0000
0000
0000
0000
0400
0400
0420
3F90
0448
0448
0440
0440
0840
0840
1040
2180
ENDCHAR
STARTCHAR u3096
ENCODING 12438
SWIDTH 1000 0
DWIDTH 16 0
BBX 16 16 0 -2
BITMAP
0000
0000
0000
0000
1040
1040
1040
27F8
2040
2040
2040
2040
2040
1040
1080
0300
ENDCHAR
STARTCHAR u3099
ENCODING 12441
SWIDTH 1000 0
DWIDTH 16 0
BBX 16 16 0 -2
BITMAP
0000
0014
000A
000A
0000
0000
0000
0000
0000
0000
0000
0000
0000
0000
0000
0000
ENDCHAR
STARTCHAR u309A
ENCODING 12442
SWIDTH 1000 0
DWIDTH 16 0
BBX 16 16 0 -2
BITMAP
0000
000C
0012
0012
000C
0000
0000
0000
0000
0000
0000
0000
0000
0000
0000
0000
ENDCHAR
STARTCHAR u309B
ENCODING 12443
SWIDTH 1000 0
DWIDTH 16 0
BBX 16 16 0 -2
BITMAP
0000
A000
5000
5000
0000
0000
0000
0000
0000
0000
0000
0000
0000
0000
0000
0000
ENDCHAR
STARTCHAR u309C
ENCODING 12444
SWIDTH 1000 0
DWIDTH 16 0
BBX 16 16 0 -2
BITMAP
0000
6000
9000
9000
6000
0000
0000
0000
0000
0000
0000
0000
0000
0000
0000
0000
ENDCHAR
STARTCHAR u309D
ENCODING 12445
SWIDTH 1000 0
DWIDTH 16 0
BBX 16 16 0 -2
BITMAP
0000
0000
0000
0000
0800
0800
0400
0400
0200
0100
0080
0060
0180
0600
0000
0000
ENDCHAR
STARTCHAR u309E
ENCODING 12446
SWIDTH 1000 0
DWIDTH 16 0
BBX 16 16 0 -2
BITMAP
0000
0000
0000
00A0
0850
0850
0400
0400
0200
0100
0080
0060
0180
0600
0000
0000
ENDCHAR
STARTCHAR u309F
ENCODING 12447
SWIDTH 1000 0
DWIDTH 16 0
BBX 16 16 0 -2
BITMAP
0000
0200
0238
05C0
0E00
0800
1000
11C0
2630
3808
4004
0004
0004
0008
1030
0FC0
ENDCHAR
STARTCHAR u30A0
ENCODING 12448
SWIDTH 1000 0
DWIDTH 16 0
BBX 16 16 0 -2
BITMAP
0000
0000
0000
0000
0000
0000
1FF0
0000
0000
0000
1FF0
0000
0000
0000
0000
0000
ENDCHAR
STARTCHAR u30A1
ENCODING 12449
SWIDTH 1000 0
DWIDTH 16 0
BBX 16 16 0 -2
BITMAP
0000
0000
0000
0000
0000
3FF8
0008
0208
0210
0220
0240
0200
0400
0400
0800
1000
ENDCHAR
STARTCHAR u30A2
ENCODING 12450
SWIDTH 1000 0
DWIDTH 16 0
BBX 16 16 0 -2
BITMAP
0000
0000
FFFC
0004
0004
0208
0208
0210
0220
0240
0200
0400
0400
0800
1000
6000
ENDCHAR
STARTCHAR u30A3
ENCODING 12451
SWIDTH 1000 0
DWIDTH 16 0
BBX 16 16 0 -2
BITMAP
0000
0000
0000
0000
0010
0020
0040
0080
0100
0700
3900
0100
0100
0100
0100
0100
ENDCHAR
STARTCHAR u30A4
ENCODING 12452
SWIDTH 1000 0
DWIDTH 16 0
BBX 16 16 0 -2
BITMAP
0000
0010
0020
0040
0080
0300
0D00
3100
C100
0100
0100
0100
0100
0100
0100
0100
ENDCHAR
STARTCHAR u30A5
ENCODING 12453
SWIDTH 1000 0
DWIDTH 16 0
BBX 16 16 0 -2
BITMAP
0000
0000
0000
0000
0100
0100
3FF8
2008
2008
2008
0010
0010
0020
0040
0180
0600
ENDCHAR
STARTCHAR u30A6
ENCODING 12454
SWIDTH 1000 0
DWIDTH 16 0
BBX 16 16 0 -2
BITMAP
0000
0200
0200
0200
FFF8
8008
8008
8008
8008
0010
0010
0020
0040
0080
0300
0C00
ENDCHAR
STARTCHAR u30A7
ENCODING 12455
SWIDTH 1000 0
DWIDTH 16 0
BBX 16 16 0 -2
BITMAP
0000
0000
0000
0000
0000
0000
1FF0
0100
0100
0100
0100
0100
0100
0100
3FF8
0000
ENDCHAR
STARTCHAR u30A8
ENCODING 12456
SWIDTH 1000 0
DWIDTH 16 0
BBX 16 16 0 -2
BITMAP
0000
0000
7FFC
0100
0100
0100
0100
0100
0100
0100
0100
0100
0100
0100
FFFE
0000
ENDCHAR
STARTCHAR u30A9
ENCODING 12457
SWIDTH 1000 0
DWIDTH 16 0
BBX 16 16 0 -2
BITMAP
0000
0000
0000
0000
0040
0040
0040
3FF8
00C0
0140
0240
0440
0840
3040
0040
0380
ENDCHAR
STARTCHAR u30AA
ENCODING 12458
SWIDTH 1000 0
DWIDTH 16 0
BBX 16 16 0 -2
BITMAP
0000
0020
0020
0020
0020
FFFE
0060
00A0
0120
0220
0420
0820
3020
C020
0020
01C0
ENDCHAR
STARTCHAR u30AB
ENCODING 12459
SWIDTH 1000 0
DWIDTH 16 0
BBX 16 16 0 -2
BITMAP
0000
0200
0200
0200
0200
FFFC
0204
0204
0404
0404
0404
0804
0804
1004
2008
C070
ENDCHAR
STARTCHAR u30AC
ENCODING 12460
SWIDTH 1000 0
DWIDTH 16 0
BBX 16 16 0 -2
BITMAP
0000
0214
020A
020A
0200
FFF8
0208
0208
0408
0408
0408
0808
0808
1008
2010
C0E0
ENDCHAR
STARTCHAR u30AD
ENCODING 12461
SWIDTH 1000 0
DWIDTH 16 0
BBX 16 16 0 -2
BITMAP
0000
0200
0200
0200
0200
03FC
FF00
0100
0100
0100
01FE
FF80
0080
0080
0080
0080
ENDCHAR
STARTCHAR u30AE
ENCODING 12462
SWIDTH 1000 0
DWIDTH 16 0
BBX 16 16 0 -2
BITMAP
0000
0214
020A
020A
0200
03F8
FF00
0100
0100
0100
01FC
FF80
0080
0080
0080
0080
ENDCHAR
STARTCHAR u30AF
ENCODING 12463
SWIDTH 1000 0
DWIDTH 16 0
BBX 16 16 0 -2
BITMAP
0000
0200
0200
0400
07F8
0808
1008
2010
C010
0020
0020
0040
0080
0300
0C00
7000
ENDCHAR
STARTCHAR u30B0
ENCODING 12464
SWIDTH 1000 0
DWIDTH 16 0
BBX 16 16 0 -2
BITMAP
0000
0214
020A
040A
07F8
0808
1008
2010
C010
0020
0020
0040
0080
0300
0C00
7000
ENDCHAR
STARTCHAR u30B1
ENCODING 12465
SWIDTH 1000 0
DWIDTH 16 0
BBX 16 16 0 -2
BITMAP
0000
0800
0800
0800
1000
1FFC
2020
2020
4020
8040
0040
0080
0080
0100
0600
1800
ENDCHAR
STARTCHAR u30B2
ENCODING 12466
SWIDTH 1000 0
DWIDTH 16 0
BBX 16 16 0 -2
BITMAP
0000
0814
080A
080A
1000
1FFC
2020
2020
4020
8040
0040
0080
0080
0100
0600
1800
ENDCHAR
STARTCHAR u30B3
ENCODING 12467
SWIDTH 1000 0
DWIDTH 16 0
BBX 16 16 0 -2
BITMAP
0000
0000
0000
FFF8
0008
0008
0008
0008
0008
0008
0008
0008
0008
0008
0008
FFF8
ENDCHAR
STARTCHAR u30B4
ENCODING 12468
SWIDTH 1000 0
DWIDTH 16 0
BBX 16 16 0 -2
BITMAP
0000
0014
000A
FFFA
0008
0008
0008
0008
0008
0008
0008
0008
0008
0008
0008
FFF8
ENDCHAR
STARTCHAR u30B5
ENCODING 12469
SWIDTH 1000 0
DWIDTH 16 0
BBX 16 16 0 -2
BITMAP
0000
0000
1020
1020
1020
1020
FFFC
1020
1020
1020
1020
0040
0040
0080
0300
1C00
ENDCHAR
STARTCHAR u30B6
ENCODING 12470
SWIDTH 1000 0
DWIDTH 16 0
BBX 16 16 0 -2
BITMAP
0000
0014
102A
102A
1020
1020
FFFC
1020
1020
1020
1020
0040
0040
0080
0300
1C00
ENDCHAR
STARTCHAR u30B7
ENCODING 12471
SWIDTH 1000 0
DWIDTH 16 0
BBX 16 16 0 -2
BITMAP
0000
0000
3000
0C00
0300
0000
C008
3008
0C08
0010
0010
0020
0040
0180
0E00
7000
ENDCHAR
STARTCHAR u30B8
ENCODING 12472
SWIDTH 1000 0
DWIDTH 16 0
BBX 16 16 0 -2
BITMAP
0000
0014
300A
0C0A
0300
0000
C008
3008
0C08
0010
0010
0020
0040
0180
0E00
7000
ENDCHAR
STARTCHAR u30B9
ENCODING 12473
SWIDTH 1000 0
DWIDTH 16 0
BBX 16 16 0 -2
BITMAP
0000
0000
0000
FFE0
0020
0020
0020
0040
0040
0080
0080
0140
0220
0C10
3008
C004
ENDCHAR
STARTCHAR u30BA
ENCODING 12474
SWIDTH 1000 0
DWIDTH 16 0
BBX 16 16 0 -2
BITMAP
0000
0014
000A
FFEA
0020
0020
0020
0040
0040
0080
0080
0140
0220
0C10
3008
C004
ENDCHAR
STARTCHAR u30BB
ENCODING 12475
SWIDTH 1000 0
DWIDTH 16 0
BBX 16 16 0 -2
BITMAP
0000
0800
0800
0800
0800
083C
09C4
1E04
E808
0808
0810
0820
0800
0800
0800
07F8
ENDCHAR
STARTCHAR u30BC
ENCODING 12476
SWIDTH 1000 0
DWIDTH 16 0
BBX 16 16 0 -2
BITMAP
0000
0814
080A
080A
0800
083C
09C4
1E04
E808
0808
0810
0820
0800
0800
0800
07F8
ENDCHAR
STARTCHAR u30BD
ENCODING 12477
SWIDTH 1000 0
DWIDTH 16 0
BBX 16 16 0 -2
BITMAP
0000
0000
8008
8008
4008
4008
2010
2010
2010
0020
0020
0040
0080
0100
0600
3800
ENDCHAR
STARTCHAR u30BE
ENCODING 12478
SWIDTH 1000 0
DWIDTH 16 0
BBX 16 16 0 -2
BITMAP
0000
0014
800A
800A
4010
4010
2010
2020
2020
0040
0040
0080
0100
0200
0C00
3000
ENDCHAR
STARTCHAR u30BF
ENCODING 12479
SWIDTH 1000 0
DWIDTH 16 0
BBX 16 16 0 -2
BITMAP
0000
0100
0100
0200
03FC
0404
0804
3404
C208
0108
0090
0060
0040
0180
0600
3800
ENDCHAR
STARTCHAR u30C0
ENCODING 12480
SWIDTH 1000 0
DWIDTH 16 0
BBX 16 16 0 -2
BITMAP
0000
0114
010A
020A
03FC
0404
0804
3404
C208
0108
0090
0060
0040
0180
0600
3800
ENDCHAR
STARTCHAR u30C1
ENCODING 12481
SWIDTH 1000 0
DWIDTH 16 0
BBX 16 16 0 -2
BITMAP
0000
0018
00E0
7F00
0100
0100
0100
FFFE
0100
0100
0100
0200
0200
0400
0800
7000
ENDCHAR
STARTCHAR u30C2
ENCODING 12482
SWIDTH 1000 0
DWIDTH 16 0
BBX 16 16 0 -2
BITMAP
0000
0018
00E0
7F14
010A
010A
0100
FFFE
0100
0100
0100
0200
0200
0400
0800
7000
ENDCHAR
STARTCHAR u30C3
ENCODING 12483
SWIDTH 1000 0
DWIDTH 16 0
BBX 16 16 0 -2
BITMAP
0000
0000
0000
0000
0000
0000
2208
2208
1108
1108
0010
0010
0020
0040
0180
0600
ENDCHAR
STARTCHAR u30C4
ENCODING 12484
SWIDTH 1000 0
DWIDTH 16 0
BBX 16 16 0 -2
BITMAP
0000
0000
8404
8404
4204
4204
2108
2108
0008
0010
0010
0020
0040
0080
0300
1C00
ENDCHAR
STARTCHAR u30C5
ENCODING 12485
SWIDTH 1000 0
DWIDTH 16 0
BBX 16 16 0 -2
BITMAP
0000
0014
840A
840A
4200
4204
2104
2108
0008
0010
0010
0020
0040
0080
0300
1C00
ENDCHAR
STARTCHAR u30C6
ENCODING 12486
SWIDTH 1000 0
DWIDTH 16 0
BBX 16 16 0 -2
BITMAP
0000
0000
3FF8
0000
0000
0000
0000
FFFE
0100
0100
0100
0200
0200
0400
1800
6000
ENDCHAR
STARTCHAR u30C7
ENCODING 12487
SWIDTH 1000 0
DWIDTH 16 0
BBX 16 16 0 -2
BITMAP
0000
0014
3FEA
000A
0000
0000
0000
FFFE
0100
0100
0100
0200
0200
0400
1800
6000
ENDCHAR
STARTCHAR u30C8
ENCODING 12488
SWIDTH 1000 0
DWIDTH 16 0
BBX 16 16 0 -2
BITMAP
0000
1000
1000
1000
1000
1000
1C00
1300
10C0
1030
1000
1000
1000
1000
1000
1000
ENDCHAR
STARTCHAR u30C9
ENCODING 12489
SWIDTH 1000 0
DWIDTH 16 0
BBX 16 16 0 -2
BITMAP
0000
1000
1050
1028
1028
1000
1C00
1300
10C0
1030
1000
1000
1000
1000
1000
1000
ENDCHAR
STARTCHAR u30CA
ENCODING 12490
SWIDTH 1000 0
DWIDTH 16 0
BBX 16 16 0 -2
BITMAP
0000
0100
0100
0100
0100
0100
FFFE
0100
0100
0100
0100
0200
0200
0400
1800
6000
ENDCHAR
STARTCHAR u30CB
ENCODING 12491
SWIDTH 1000 0
DWIDTH 16 0
BBX 16 16 0 -2
BITMAP
0000
0000
0000
0000
3FF8
0000
0000
0000
0000
0000
0000
0000
0000
0000
FFFE
0000
ENDCHAR
STARTCHAR u30CC
ENCODING 12492
SWIDTH 1000 0
DWIDTH 16 0
BBX 16 16 0 -2
BITMAP
0000
0000
7FF8
0008
0008
0008
1810
0610
0120
00A0
0040
00A0
0110
0608
1800
E000
ENDCHAR
STARTCHAR u30CD
ENCODING 12493
SWIDTH 1000 0
DWIDTH 16 0
BBX 16 16 0 -2
BITMAP
0000
0100
0100
0100
7FF8
0008
0010
0020
0040
0180
0760
1918
E106
0100
0100
0100
ENDCHAR
STARTCHAR u30CE
ENCODING 12494
SWIDTH 1000 0
DWIDTH 16 0
BBX 16 16 0 -2
BITMAP
0000
0010
0010
0010
0010
0010
0020
0020
0020
0040
0040
0080
0100
0600
1800
E000
ENDCHAR
STARTCHAR u30CF
ENCODING 12495
SWIDTH 1000 0
DWIDTH 16 0
BBX 16 16 0 -2
BITMAP
0000
0000
0820
0820
0810
0810
0810
0808
1008
1008
1004
2004
2004
4002
4002
8002
ENDCHAR
STARTCHAR u30D0
ENCODING 12496
SWIDTH 1000 0
DWIDTH 16 0
BBX 16 16 0 -2
BITMAP
0000
0014
084A
084A
0820
0820
0820
0810
1010
1010
1008
2008
2008
4004
4004
8004
ENDCHAR
STARTCHAR u30D1
ENCODING 12497
SWIDTH 1000 0
DWIDTH 16 0
BBX 16 16 0 -2
BITMAP
0000
000C
0852
0852
082C
0820
0820
0810
1010
1010
1008
2008
2008
4004
4004
8004
ENDCHAR
STARTCHAR u30D2
ENCODING 12498
SWIDTH 1000 0
DWIDTH 16 0
BBX 16 16 0 -2
BITMAP
0000
2000
2000
2000
2000
2018
2060
2380
3C00
2000
2000
2000
2000
2000
2000
1FF8
ENDCHAR
STARTCHAR u30D3
ENCODING 12499
SWIDTH 1000 0
DWIDTH 16 0
BBX 16 16 0 -2
BITMAP
0000
2014
200A
200A
2000
2018
2060
2380
3C00
2000
2000
2000
2000
2000
2000
1FF8
ENDCHAR
STARTCHAR u30D4
ENCODING 12500
SWIDTH 1000 0
DWIDTH 16 0
BBX 16 16 0 -2
BITMAP
0000
400C
4012
4012
400C
4060
4180
4600
7800
4000
4000
4000
4000
4000
4000
3FF0
ENDCHAR
STARTCHAR u30D5
ENCODING 12501
SWIDTH 1000 0
DWIDTH 16 0
BBX 16 16 0 -2
BITMAP
0000
0000
FFF8
0008
0008
0008
0010
0010
0010
0020
0020
0040
0080
0100
0600
3800
ENDCHAR
STARTCHAR u30D6
ENCODING 12502
SWIDTH 1000 0
DWIDTH 16 0
BBX 16 16 0 -2
BITMAP
0000
0014
000A
FFFA
0008
0008
0008
0010
0010
0020
0020
0040
0080
0100
0600
3800
ENDCHAR
STARTCHAR u30D7
ENCODING 12503
SWIDTH 1000 0
DWIDTH 16 0
BBX 16 16 0 -2
BITMAP
0000
000C
0012
FFF2
000C
0008
0008
0010
0010
0020
0020
0040
0080
0100
0600
3800
ENDCHAR
STARTCHAR u30D8
ENCODING 12504
SWIDTH 1000 0
DWIDTH 16 0
BBX 16 16 0 -2
BITMAP
0000
0000
0000
0400
0A00
0A00
1100
1100
2080
2040
4020
8010
0008
0006
0000
0000
ENDCHAR
STARTCHAR u30D9
ENCODING 12505
SWIDTH 1000 0
DWIDTH 16 0
BBX 16 16 0 -2
BITMAP
0000
0000
0028
0414
0A14
0A00
1100
1100
2080
2040
4020
8010
0008
0006
0000
0000
ENDCHAR
STARTCHAR u30DA
ENCODING 12506
SWIDTH 1000 0
DWIDTH 16 0
BBX 16 16 0 -2
BITMAP
0000
0000
0018
0424
0A24
0A18
1100
1100
2080
2040
4020
8010
0008
0006
0000
0000
ENDCHAR
STARTCHAR u30DB
ENCODING 12507
SWIDTH 1000 0
DWIDTH 16 0
BBX 16 16 0 -2
BITMAP
0000
0100
0100
0100
0100
FFFE
0100
0100
1110
1108
2104
2104
4102
8102
0100
0E00
ENDCHAR
STARTCHAR u30DC
ENCODING 12508
SWIDTH 1000 0
DWIDTH 16 0
BBX 16 16 0 -2
BITMAP
0000
0114
010A
010A
0100
FFFE
0100
0100
1110
1108
2104
2104
4102
8102
0100
0E00
ENDCHAR
STARTCHAR u30DD
ENCODING 12509
SWIDTH 1000 0
DWIDTH 16 0
BBX 16 16 0 -2
BITMAP
0000
010C
0112
0112
010C
FFFE
0100
0100
1110
1108
2104
2104
4102
8102
0100
0E00
ENDCHAR
STARTCHAR u30DE
ENCODING 12510
SWIDTH 1000 0
DWIDTH 16 0
BBX 16 16 0 -2
BITMAP
0000
0000
0000
FFFE
0002
0004
0008
0010
0020
3040
0C80
0300
0080
0040
0020
0010
ENDCHAR
STARTCHAR u30DF
ENCODING 12511
SWIDTH 1000 0
DWIDTH 16 0
BBX 16 16 0 -2
BITMAP
0000
0000
1C00
0380
0060
0018
0000
1C00
0380
0060
0018
0000
3800
0700
00E0
0018
ENDCHAR
STARTCHAR u30E0
ENCODING 12512
SWIDTH 1000 0
DWIDTH 16 0
BBX 16 16 0 -2
BITMAP
0000
0100
0100
0100
0200
0200
0400
0400
0810
0810
1008
1008
2004
207C
4782
F802
ENDCHAR
STARTCHAR u30E1
ENCODING 12513
SWIDTH 1000 0
DWIDTH 16 0
BBX 16 16 0 -2
BITMAP
0000
0008
0008
0008
0010
0010
3010
0C20
0320
00C0
0040
00A0
0110
0608
1804
E000
ENDCHAR
STARTCHAR u30E2
ENCODING 12514
SWIDTH 1000 0
DWIDTH 16 0
BBX 16 16 0 -2
BITMAP
0000
7FF8
0200
0200
0200
0200
0200
FFFE
0200
0200
0200
0200
0200
0200
0200
01F8
ENDCHAR
STARTCHAR u30E3
ENCODING 12515
SWIDTH 1000 0
DWIDTH 16 0
BBX 16 16 0 -2
BITMAP
0000
0000
0000
0000
0800
0800
0478
0788
3C10
0410
0220
0220
0200
0100
0100
0100
ENDCHAR
STARTCHAR u30E4
ENCODING 12516
SWIDTH 1000 0
DWIDTH 16 0
BBX 16 16 0 -2
BITMAP
0000
1000
1000
0800
0806
043A
05C2
1E04
E204
0208
0110
0100
0100
0080
0080
0080
ENDCHAR
STARTCHAR u30E5
ENCODING 12517
SWIDTH 1000 0
DWIDTH 16 0
BBX 16 16 0 -2
BITMAP
0000
0000
0000
0000
0000
0000
1FE0
0020
0020
0040
0040
0040
0080
0080
0080
3FF8
ENDCHAR
STARTCHAR u30E6
ENCODING 12518
SWIDTH 1000 0
DWIDTH 16 0
BBX 16 16 0 -2
BITMAP
0000
0000
0000
3FF8
0008
0008
0010
0010
0010
0020
0020
0020
0040
0040
0040
FFFE
ENDCHAR
STARTCHAR u30E7
ENCODING 12519
SWIDTH 1000 0
DWIDTH 16 0
BBX 16 16 0 -2
BITMAP
0000
0000
0000
0000
0000
1FF0
0010
0010
0010
0010
1FF0
0010
0010
0010
0010
1FF0
ENDCHAR
STARTCHAR u30E8
ENCODING 12520
SWIDTH 1000 0
DWIDTH 16 0
BBX 16 16 0 -2
BITMAP
0000
3FF8
0008
0008
0008
0008
0008
0008
3FF8
0008
0008
0008
0008
0008
0008
3FF8
ENDCHAR
STARTCHAR u30E9
ENCODING 12521
SWIDTH 1000 0
DWIDTH 16 0
BBX 16 16 0 -2
BITMAP
0000
3FE0
0000
0000
0000
FFF8
0008
0008
0008
0008
0010
0010
0020
0040
0180
1E00
ENDCHAR
STARTCHAR u30EA
ENCODING 12522
SWIDTH 1000 0
DWIDTH 16 0
BBX 16 16 0 -2
BITMAP
0000
2010
2010
2010
2010
2010
2010
2010
2010
0010
0010
0020
0020
0040
0080
0F00
ENDCHAR
STARTCHAR u30EB
ENCODING 12523
SWIDTH 1000 0
DWIDTH 16 0
BBX 16 16 0 -2
BITMAP
0000
0840
0840
0840
0840
0840
0840
0840
0842
1042
1044
1044
2048
2048
4050
8060
ENDCHAR
STARTCHAR u30EC
ENCODING 12524
SWIDTH 1000 0
DWIDTH 16 0
BBX 16 16 0 -2
BITMAP
0000
2000
2000
2000
2000
2000
2000
2000
2008
2008
2010
2020
2040
2180
2600
3800
ENDCHAR
STARTCHAR u30ED
ENCODING 12525
SWIDTH 1000 0
DWIDTH 16 0
BBX 16 16 0 -2
BITMAP
0000
0000
7FFC
4004
4004
4004
4004
4004
4004
4004
4004
4004
4004
4004
7FFC
0000
ENDCHAR
STARTCHAR u30EE
ENCODING 12526
SWIDTH 1000 0
DWIDTH 16 0
BBX 16 16 0 -2
BITMAP
0000
0000
0000
0000
0000
0000
3FF0
2010
2010
2010
2010
0020
0020
0040
0180
0600
ENDCHAR
STARTCHAR u30EF
ENCODING 12527
SWIDTH 1000 0
DWIDTH 16 0
BBX 16 16 0 -2
BITMAP
0000
0000
0000
FFF8
8008
8008
8008
0008
0010
0010
0020
0020
0040
0180
0600
3800
ENDCHAR
STARTCHAR u30F0
ENCODING 12528
SWIDTH 1000 0
DWIDTH 16 0
BBX 16 16 0 -2
BITMAP
0000
0040
0040
0040
0040
FFFC
1040
1040
1040
1040
1040
1040
FFFE
0040
0040
0040
ENDCHAR
STARTCHAR u30F1
ENCODING 12529
SWIDTH 1000 0
DWIDTH 16 0
BBX 16 16 0 -2
BITMAP
0000
0000
0000
0000
FFFC
0004
0008
0108
0110
0120
0140
0100
0100
0100
0100
FFFC
ENDCHAR
STARTCHAR u30F2
ENCODING 12530
SWIDTH 1000 0
DWIDTH 16 0
BBX 16 16 0 -2
BITMAP
0000
0000
0000
FFF8
0008
0008
0008
FFF8
0008
0010
0010
0020
0040
0180
0600
3800
ENDCHAR
STARTCHAR u30F3
ENCODING 12531
SWIDTH 1000 0
DWIDTH 16 0
BBX 16 16 0 -2
BITMAP
0000
0000
3000
0C00
0200
0104
0004
0004
0008
0008
0010
0020
0040
0180
0600
3800
ENDCHAR
STARTCHAR u30F4
ENCODING 12532
SWIDTH 1000 0
DWIDTH 16 0
BBX 16 16 0 -2
BITMAP
0000
0214
020A
020A
FFF8
8008
8008
8008
8008
0010
0010
0020
0040
0080
0300
0C00
ENDCHAR
STARTCHAR u30F5
ENCODING 12533
SWIDTH 1000 0
DWIDTH 16 0
BBX 16 16 0 -2
BITMAP
0000
0000
0000
0000
0100
0100
0100
3FF8
0108
0108
0108
0208
0208
0408
0808
3070
ENDCHAR
STARTCHAR u30F6
ENCODING 12534
SWIDTH 1000 0
DWIDTH 16 0
BBX 16 16 0 -2
BITMAP
0000
0000
0000
0000
0800
0800
0FF8
0840
1040
2040
0040
0080
0080
0100
0200
0C00
ENDCHAR
STARTCHAR u30F7
ENCODING 12535
SWIDTH 1000 0
DWIDTH 16 0
BBX 16 16 0 -2
BITMAP
0000
0014
000A
FFFA
8008
8008
8008
0008
0010
0010
0020
0020
0040
0180
0600
3800
ENDCHAR
STARTCHAR u30F8
ENCODING 12536
SWIDTH 1000 0
DWIDTH 16 0
BBX 16 16 0 -2
BITMAP
0000
0054
004A
004A
0040
FFFC
1040
1040
1040
1040
1040
1040
FFFE
0040
0040
0040
ENDCHAR
STARTCHAR u30F9
ENCODING 12537
SWIDTH 1000 0
DWIDTH 16 0
BBX 16 16 0 -2
BITMAP
0000
0014
000A
000A
0000
FFFC
0004
0008
0108
0110
0120
0140
0100
0100
0100
FFFC
ENDCHAR
STARTCHAR u30FA
ENCODING 12538
SWIDTH 1000 0
DWIDTH 16 0
BBX 16 16 0 -2
BITMAP
0000
0014
000A
FFFA
0008
0008
0008
FFF8
0008
0010
0010
0020
0040
0180
0600
3800
ENDCHAR
STARTCHAR u30FB
ENCODING 12539
SWIDTH 1000 0
DWIDTH 16 0
BBX 16 16 0 -2
BITMAP
0000
0000
0000
0000
0000
0000
0000
0180
03C0
03C0
0180
0000
0000
0000
0000
0000
ENDCHAR
STARTCHAR u30FC
ENCODING 12540
SWIDTH 1000 0
DWIDTH 16 0
BBX 16 16 0 -2
BITMAP
0000
0000
0000
0000
0000
0000
0000
0000
7FFC
0000
0000
0000
0000
0000
0000
0000
ENDCHAR
STARTCHAR u30FD
ENCODING 12541
SWIDTH 1000 0
DWIDTH 16 0
BBX 16 16 0 -2
BITMAP
0000
0000
0000
0000
0400
0200
0100
0100
0080
0080
0040
0040
0000
0000
0000
0000
ENDCHAR
STARTCHAR u30FE
ENCODING 12542
SWIDTH 1000 0
DWIDTH 16 0
BBX 16 16 0 -2
BITMAP
0000
0000
0000
0050
0428
0228
0100
0100
0080
0080
0040
0040
0000
0000
0000
0000
ENDCHAR
STARTCHAR u30FF
ENCODING 12543
SWIDTH 1000 0
DWIDTH 16 0
BBX 16 16 0 -2
BITMAP
0000
0000
3FF8
0008
0008
0008
0008
0008
0008
0008
0008
0008
0008
0008
0008
0008
ENDCHAR
STARTCHAR u3105
ENCODING 12549
SWIDTH 1000 0
DWIDTH 16 0
BBX 16 16 0 -2
BITMAP
0000
0000
0800
0800
1000
1000
2000
3FF8
0008
0008
0008
0008
0008
0008
0070
0000
ENDCHAR
STARTCHAR u3106
ENCODING 12550
SWIDTH 1000 0
DWIDTH 16 0
BBX 16 16 0 -2
BITMAP
0000
0000
0800
0800
1000
1FF0
0010
1020
0820
0440
0280
0100
06C0
1830
600C
0000
ENDCHAR
STARTCHAR u3107
ENCODING 12551
SWIDTH 1000 0
DWIDTH 16 0
BBX 16 16 0 -2
BITMAP
0000
0000
7FFC
4004
4004
4004
4004
4004
4004
4004
4004
4004
4004
4004
4004
0000
ENDCHAR
STARTCHAR u3108
ENCODING 12552
SWIDTH 1000 0
DWIDTH 16 0
BBX 16 16 0 -2
BITMAP
0000
0000
7FFC
4000
4000
4000
4000
4000
4000
4000
4000
4000
4000
4000
7FFC
0000
ENDCHAR
STARTCHAR u3109
ENCODING 12553
SWIDTH 1000 0
DWIDTH 16 0
BBX 16 16 0 -2
BITMAP
0000
0000
1000
1000
2000
2000
3FF8
0108
0108
0208
0208
0408
0808
1008
6070
0000
ENDCHAR
STARTCHAR u310A
ENCODING 12554
SWIDTH 1000 0
DWIDTH 16 0
BBX 16 16 0 -2
BITMAP
0000
0000
0100
0100
0100
0100
7FFC
0200
0200
0400
0410
0808
0808
107C
3F84
0000
ENDCHAR
STARTCHAR u310B
ENCODING 12555
SWIDTH 1000 0
DWIDTH 16 0
BBX 16 16 0 -2
BITMAP
0000
0000
3FE0
0040
0080
0100
0200
07F8
0008
0008
0008
0008
0008
0008
0070
0000
ENDCHAR
STARTCHAR u310C
ENCODING 12556
SWIDTH 1000 0
DWIDTH 16 0
BBX 16 16 0 -2
BITMAP
0000
0000
1100
1100
1100
2100
3FF8
0108
0108
0208
0208
0408
0808
1008
6070
0000
ENDCHAR
STARTCHAR u310D
ENCODING 12557
SWIDTH 1000 0
DWIDTH 16 0
BBX 16 16 0 -2
BITMAP
0000
0000
0820
0820
0820
1040
1040
2080
4100
2080
1040
0820
0410
0208
0104
0000
ENDCHAR
STARTCHAR u310E
ENCODING 12558
SWIDTH 1000 0
DWIDTH 16 0
BBX 16 16 0 -2
BITMAP
0000
0000
7FFC
0200
0400
0400
0800
0FF8
0008
0008
0008
0008
0008
0008
0070
0000
ENDCHAR
STARTCHAR u310F
ENCODING 12559
SWIDTH 1000 0
DWIDTH 16 0
BBX 16 16 0 -2
BITMAP
0000
0000
0FFC
0800
0800
0800
0800
0800
0800
0800
0800
1000
1000
2000
4000
0000
ENDCHAR
STARTCHAR u3110
ENCODING 12560
SWIDTH 1000 0
DWIDTH 16 0
BBX 16 16 0 -2
BITMAP
0000
0000
0010
0810
0810
0810
0810
0810
0810
09F0
0E10
0010
0010
0010
0010
0000
ENDCHAR
STARTCHAR u3111
ENCODING 12561
SWIDTH 1000 0
DWIDTH 16 0
BBX 16 16 0 -2
BITMAP
0000
0000
0100
0100
0100
0200
0200
0400
0800
0400
0200
0100
0080
0040
0020
0000
ENDCHAR
STARTCHAR u3112
ENCODING 12562
SWIDTH 1000 0
DWIDTH 16 0
BBX 16 16 0 -2
BITMAP
0000
0000
7FFC
0100
0100
0100
0100
0100
0100
0100
0100
0100
0100
0100
0100
0000
ENDCHAR
STARTCHAR u3113
ENCODING 12563
SWIDTH 1000 0
DWIDTH 16 0
BBX 16 16 0 -2
BITMAP
0000
0000
0100
0100
2108
2108
2108
2108
2108
2108
3FF8
0100
0100
0100
7FFC
0000
ENDCHAR
STARTCHAR u3114
ENCODING 12564
SWIDTH 1000 0
DWIDTH 16 0
BBX 16 16 0 -2
BITMAP
0000
0000
0020
0040
0084
0308
1C10
0020
00C0
0380
3C80
0080
0080
0080
0080
0000
ENDCHAR
STARTCHAR u3115
ENCODING 12565
SWIDTH 1000 0
DWIDTH 16 0
BBX 16 16 0 -2
BITMAP
0000
0000
0FFC
0004
0004
0004
0004
0FFC
0800
0800
0800
1000
1000
2000
4000
0000
ENDCHAR
STARTCHAR u3116
ENCODING 12566
SWIDTH 1000 0
DWIDTH 16 0
BBX 16 16 0 -2
BITMAP
0000
0000
3FF8
2008
2008
2408
2208
2108
2088
2088
2048
2048
2008
2008
3FF8
0000
ENDCHAR
STARTCHAR u3117
ENCODING 12567
SWIDTH 1000 0
DWIDTH 16 0
BBX 16 16 0 -2
BITMAP
0000
0000
7FFC
0204
0204
0204
0204
0204
0204
0238
0200
0200
0200
0200
0200
0000
ENDCHAR
STARTCHAR u3118
ENCODING 12568
SWIDTH 1000 0
DWIDTH 16 0
BBX 16 16 0 -2
BITMAP
0000
0000
0200
0200
0200
7FFC
0400
0400
0800
0FF0
0010
0010
0020
0020
0040
0000
ENDCHAR
STARTCHAR u3119
ENCODING 12569
SWIDTH 1000 0
DWIDTH 16 0
BBX 16 16 0 -2
BITMAP
0000
0000
0100
0100
0100
0200
0200
0200
0400
0400
0810
0808
1008
20FC
7F04
0000
ENDCHAR
STARTCHAR u311A
ENCODING 12570
SWIDTH 1000 0
DWIDTH 16 0
BBX 16 16 0 -2
BITMAP
0000
0000
4004
2008
1010
0820
0440
0280
0100
0100
0100
0100
0100
0100
0100
0000
ENDCHAR
STARTCHAR u311B
ENCODING 12571
SWIDTH 1000 0
DWIDTH 16 0
BBX 16 16 0 -2
BITMAP
0000
0000
7FFC
0100
0100
0100
0100
0F00
1000
2000
2000
2000
2008
1010
0FE0
0000
ENDCHAR
STARTCHAR u311C
ENCODING 12572
SWIDTH 1000 0
DWIDTH 16 0
BBX 16 16 0 -2
BITMAP
0000
0000
0100
0100
0100
7FFC
0100
0100
0F00
1000
2000
2000
2008
1010
0FE0
0000
ENDCHAR
STARTCHAR u311D
ENCODING 12573
SWIDTH 1000 0
DWIDTH 16 0
BBX 16 16 0 -2
BITMAP
0000
0000
0820
0820
0820
0820
0820
7FFC
0820
0820
0820
0800
0800
0800
07F8
0000
ENDCHAR
STARTCHAR u311E
ENCODING 12574
SWIDTH 1000 0
DWIDTH 16 0
BBX 16 16 0 -2
BITMAP
0000
0000
7FFC
0100
1100
1100
1100
2100
3FFC
0204
0204
0408
0808
1010
6020
0000
ENDCHAR
STARTCHAR u311F
ENCODING 12575
SWIDTH 1000 0
DWIDTH 16 0
BBX 16 16 0 -2
BITMAP
0000
0000
0300
0D00
7100
0100
0080
0080
0040
0040
0020
0020
0010
0008
0004
0000
ENDCHAR
STARTCHAR u3120
ENCODING 12576
SWIDTH 1000 0
DWIDTH 16 0
BBX 16 16 0 -2
BITMAP
0000
0000
0200
0200
0400
0400
0840
1080
3F00
0200
0410
0808
1008
20FC
7F04
0000
ENDCHAR
STARTCHAR u3121
ENCODING 12577
SWIDTH 1000 0
DWIDTH 16 0
BBX 16 16 0 -2
BITMAP
0000
0000
3FF8
0008
0008
1008
0810
0410
0220
0140
0080
0140
0620
1810
600C
0000
ENDCHAR
STARTCHAR u3122
ENCODING 12578
SWIDTH 1000 0
DWIDTH 16 0
BBX 16 16 0 -2
BITMAP
0000
0000
3FF0
0410
0410
0820
0820
1040
1FF8
0008
0008
0010
0010
0020
0040
0000
ENDCHAR
STARTCHAR u3123
ENCODING 12579
SWIDTH 1000 0
DWIDTH 16 0
BBX 16 16 0 -2
BITMAP
0000
0000
0400
0400
0400
0800
0800
1000
3FF0
0010
0020
0020
0040
0080
0100
0000
ENDCHAR
STARTCHAR u3124
ENCODING 12580
SWIDTH 1000 0
DWIDTH 16 0
BBX 16 16 0 -2
BITMAP
0000
0000
0100
0100
0100
0100
7FFC
0100
0180
0280
0280
0480
0880
1080
607C
0000
ENDCHAR
STARTCHAR u3125
ENCODING 12581
SWIDTH 1000 0
DWIDTH 16 0
BBX 16 16 0 -2
BITMAP
0000
0000
0080
0080
0080
0100
0100
0200
0200
0400
0400
0800
1000
2000
7FFC
0000
ENDCHAR
STARTCHAR u3126
ENCODING 12582
SWIDTH 1000 0
DWIDTH 16 0
BBX 16 16 0 -2
BITMAP
0000
0000
0840
0840
0840
0840
0840
0840
0840
0840
0840
1040
1040
2040
403C
0000
ENDCHAR
STARTCHAR u3127
ENCODING 12583
SWIDTH 1000 0
DWIDTH 16 0
BBX 16 16 0 -2
BITMAP
0000
0000
0000
0000
0000
0000
0000
0000
7FFC
0000
0000
0000
0000
0000
0000
0000
ENDCHAR
STARTCHAR u3128
ENCODING 12584
SWIDTH 1000 0
DWIDTH 16 0
BBX 16 16 0 -2
BITMAP
0000
0000
0004
2004
1008
0808
0410
0220
0140
0080
0140
0220
0410
1808
6004
0000
ENDCHAR
STARTCHAR u3129
ENCODING 12585
SWIDTH 1000 0
DWIDTH 16 0
BBX 16 16 0 -2
BITMAP
0000
0000
4004
4004
4004
4004
4004
4004
4004
4004
4004
4004
4004
4004
7FFC
0000
ENDCHAR
STARTCHAR u312A
ENCODING 12586
SWIDTH 1000 0
DWIDTH 16 0
BBX 16 16 0 -2
BITMAP
0000
0000
7FFC
0400
0400
0400
0400
07F0
0410
0810
0810
1010
1010
2010
4060
0000
ENDCHAR
STARTCHAR u312B
ENCODING 12587
SWIDTH 1000 0
DWIDTH 16 0
BBX 16 16 0 -2
BITMAP
0000
0000
7FFC
0840
0840
0840
0840
0840
0840
0840
0840
1040
1040
2040
403C
0000
ENDCHAR
STARTCHAR u312C
ENCODING 12588
SWIDTH 1000 0
DWIDTH 16 0
BBX 16 16 0 -2
BITMAP
0000
0000
0080
0040
0FFC
0800
0800
0800
0800
0800
0800
1000
1000
2000
4000
0000
ENDCHAR
STARTCHAR u312D
ENCODING 12589
SWIDTH 1000 0
DWIDTH 16 0
BBX 16 16 0 -2
BITMAP
0000
0000
7FFC
0100
0100
0100
3FF8
2108
2108
2108
2108
2108
2108
0100
0100
0000
ENDCHAR
STARTCHAR u312E
ENCODING 12590
SWIDTH 1000 0
DWIDTH 16 0
BBX 16 16 0 -2
BITMAP
0000
0000
0380
0000
0000
7FFC
0100
0100
3F00
2000
2000
2000
2000
2000
1FF8
0000
ENDCHAR
STARTCHAR u312F
ENCODING 12591
SWIDTH 1000 0
DWIDTH 16 0
BBX 16 16 0 -2
BITMAP
0000
0000
3FC0
0040
0080
0100
0200
07F8
0208
0208
0208
0208
0208
0208
0270
0000
ENDCHAR
STARTCHAR u3131
ENCODING 12593
SWIDTH 1000 0
DWIDTH 16 0
BBX 16 16 0 -2
BITMAP
0000
0000
0000
3FF8
0008
0008
0008
0008
0008
0008
0008
0008
0008
0000
0000
0000
ENDCHAR
STARTCHAR u3132
ENCODING 12594
SWIDTH 1000 0
DWIDTH 16 0
BBX 16 16 0 -2
BITMAP
0000
0000
0000
7EFC
0204
0204
0204
0204
0204
0204
0204
0204
0204
0000
0000
0000
ENDCHAR
STARTCHAR u3133
ENCODING 12595
SWIDTH 1000 0
DWIDTH 16 0
BBX 16 16 0 -2
BITMAP
0000
0000
0000
7E10
0210
0210
0210
0210
0228
0228
0244
0244
0282
0000
0000
0000
ENDCHAR
STARTCHAR u3134
ENCODING 12596
SWIDTH 1000 0
DWIDTH 16 0
BBX 16 16 0 -2
BITMAP
0000
0000
0000
2000
2000
2000
2000
2000
2000
2000
2000
2000
3FF8
0000
0000
0000
ENDCHAR
STARTCHAR u3135
ENCODING 12597
SWIDTH 1000 0
DWIDTH 16 0
BBX 16 16 0 -2
BITMAP
0000
0000
0000
40FE
4010
4010
4010
4010
4028
4028
4044
4044
7E82
0000
0000
0000
ENDCHAR
STARTCHAR u3136
ENCODING 12598
SWIDTH 1000 0
DWIDTH 16 0
BBX 16 16 0 -2
BITMAP
0000
0000
0000
4010
4010
40FE
4000
4038
4044
4082
4082
4044
7E38
0000
0000
0000
ENDCHAR
STARTCHAR u3137
ENCODING 12599
SWIDTH 1000 0
DWIDTH 16 0
BBX 16 16 0 -2
BITMAP
0000
0000
0000
3FF8
2000
2000
2000
2000
2000
2000
2000
2000
3FF8
0000
0000
0000
ENDCHAR
STARTCHAR u3138
ENCODING 12600
SWIDTH 1000 0
DWIDTH 16 0
BBX 16 16 0 -2
BITMAP
0000
0000
0000
7EFC
4080
4080
4080
4080
4080
4080
4080
4080
7EFC
0000
0000
0000
ENDCHAR
STARTCHAR u3139
ENCODING 12601
SWIDTH 1000 0
DWIDTH 16 0
BBX 16 16 0 -2
BITMAP
0000
0000
0000
3FF8
0008
0008
0008
3FF8
2000
2000
2000
2000
3FF8
0000
0000
0000
ENDCHAR
STARTCHAR u313A
ENCODING 12602
SWIDTH 1000 0
DWIDTH 16 0
BBX 16 16 0 -2
BITMAP
0000
0000
0000
7EFC
0204
0204
0204
7E04
4004
4004
4004
4004
7E04
0000
0000
0000
ENDCHAR
STARTCHAR u313B
ENCODING 12603
SWIDTH 1000 0
DWIDTH 16 0
BBX 16 16 0 -2
BITMAP
0000
0000
0000
7EFC
0284
0284
0284
7E84
4084
4084
4084
4084
7EFC
0000
0000
0000
ENDCHAR
STARTCHAR u313C
ENCODING 12604
SWIDTH 1000 0
DWIDTH 16 0
BBX 16 16 0 -2
BITMAP
0000
0000
0000
7E84
0284
0284
0284
7EFC
4084
4084
4084
4084
7EFC
0000
0000
0000
ENDCHAR
STARTCHAR u313D
ENCODING 12605
SWIDTH 1000 0
DWIDTH 16 0
BBX 16 16 0 -2
BITMAP
0000
0000
0000
7E10
0210
0210
0210
7E10
4028
4028
4044
4044
7E82
0000
0000
0000
ENDCHAR
STARTCHAR u313E
ENCODING 12606
SWIDTH 1000 0
DWIDTH 16 0
BBX 16 16 0 -2
BITMAP
0000
0000
0000
7EFC
0280
0280
0280
7EFC
4080
4080
4080
4080
7EFC
0000
0000
0000
ENDCHAR
STARTCHAR u313F
ENCODING 12607
SWIDTH 1000 0
DWIDTH 16 0
BBX 16 16 0 -2
BITMAP
0000
0000
0000
7EFC
0248
0248
0248
7E48
4048
4048
4048
4048
7EFC
0000
0000
0000
ENDCHAR
STARTCHAR u3140
ENCODING 12608
SWIDTH 1000 0
DWIDTH 16 0
BBX 16 16 0 -2
BITMAP
0000
0000
0000
7E10
0210
02FE
0200
7E38
4044
4082
4082
4044
7E38
0000
0000
0000
ENDCHAR
STARTCHAR u3141
ENCODING 12609
SWIDTH 1000 0
DWIDTH 16 0
BBX 16 16 0 -2
BITMAP
0000
0000
0000
3FF8
2008
2008
2008
2008
2008
2008
2008
2008
3FF8
0000
0000
0000
ENDCHAR
STARTCHAR u3142
ENCODING 12610
SWIDTH 1000 0
DWIDTH 16 0
BBX 16 16 0 -2
BITMAP
0000
0000
0000
2008
2008
2008
2008
3FF8
2008
2008
2008
2008
3FF8
0000
0000
0000
ENDCHAR
STARTCHAR u3143
ENCODING 12611
SWIDTH 1000 0
DWIDTH 16 0
BBX 16 16 0 -2
BITMAP
0000
0000
0000
4284
4284
4284
4284
7EFC
4284
4284
4284
4284
7EFC
0000
0000
0000
ENDCHAR
STARTCHAR u3144
ENCODING 12612
SWIDTH 1000 0
DWIDTH 16 0
BBX 16 16 0 -2
BITMAP
0000
0000
0000
4210
4210
4210
4210
7E10
4228
4228
4244
4244
7E82
0000
0000
0000
ENDCHAR
STARTCHAR u3145
ENCODING 12613
SWIDTH 1000 0
DWIDTH 16 0
BBX 16 16 0 -2
BITMAP
0000
0000
0000
0100
0100
0100
0100
0100
0280
0280
0440
0820
3018
0000
0000
0000
ENDCHAR
STARTCHAR u3146
ENCODING 12614
SWIDTH 1000 0
DWIDTH 16 0
BBX 16 16 0 -2
BITMAP
0000
0000
0000
1010
1010
1010
1010
1010
2828
2828
4444
4444
8282
0000
0000
0000
ENDCHAR
STARTCHAR u3147
ENCODING 12615
SWIDTH 1000 0
DWIDTH 16 0
BBX 16 16 0 -2
BITMAP
0000
0000
0000
0FE0
1010
2008
2008
2008
2008
2008
2008
1010
0FE0
0000
0000
0000
ENDCHAR
STARTCHAR u3148
ENCODING 12616
SWIDTH 1000 0
DWIDTH 16 0
BBX 16 16 0 -2
BITMAP
0000
0000
0000
3FF8
0100
0100
0100
0100
0280
0280
0440
0820
3018
0000
0000
0000
ENDCHAR
STARTCHAR u3149
ENCODING 12617
SWIDTH 1000 0
DWIDTH 16 0
BBX 16 16 0 -2
BITMAP
0000
0000
0000
FEFE
1010
1010
1010
1010
2828
2828
4444
4444
8282
0000
0000
0000
ENDCHAR
STARTCHAR u314A
ENCODING 12618
SWIDTH 1000 0
DWIDTH 16 0
BBX 16 16 0 -2
BITMAP
0000
0000
0000
0100
0100
3FF8
0100
0100
0280
0280
0440
0820
3018
0000
0000
0000
ENDCHAR
STARTCHAR u314B
ENCODING 12619
SWIDTH 1000 0
DWIDTH 16 0
BBX 16 16 0 -2
BITMAP
0000
0000
0000
3FF8
0008
0008
0008
0008
3FF8
0008
0008
0008
0008
0000
0000
0000
ENDCHAR
STARTCHAR u314C
ENCODING 12620
SWIDTH 1000 0
DWIDTH 16 0
BBX 16 16 0 -2
BITMAP
0000
0000
0000
3FF8
2000
2000
2000
3FF8
2000
2000
2000
2000
3FF8
0000
0000
0000
ENDCHAR
STARTCHAR u314D
ENCODING 12621
SWIDTH 1000 0
DWIDTH 16 0
BBX 16 16 0 -2
BITMAP
0000
0000
0000
3FF8
0820
0820
0820
0820
0820
0820
0820
0820
3FF8
0000
0000
0000
ENDCHAR
STARTCHAR u314E
ENCODING 12622
SWIDTH 1000 0
DWIDTH 16 0
BBX 16 16 0 -2
BITMAP
0000
0000
0000
0100
0100
3FF8
0000
07C0
0820
1010
1010
0820
07C0
0000
0000
0000
ENDCHAR
STARTCHAR u314F
ENCODING 12623
SWIDTH 1000 0
DWIDTH 16 0
BBX 16 16 0 -2
BITMAP
0000
0000
0200
0200
0200
0200
0200
0200
03E0
0200
0200
0200
0200
0200
0200
0000
ENDCHAR
STARTCHAR u3150
ENCODING 12624
SWIDTH 1000 0
DWIDTH 16 0
BBX 16 16 0 -2
BITMAP
0000
0000
0440
0440
0440
0440
0440
0440
07C0
0440
0440
0440
0440
0440
0440
0000
ENDCHAR
STARTCHAR u3151
ENCODING 12625
SWIDTH 1000 0
DWIDTH 16 0
BBX 16 16 0 -2
BITMAP
0000
0000
0200
0200
0200
0200
03E0
0200
0200
0200
03E0
0200
0200
0200
0200
0000
ENDCHAR
STARTCHAR u3152
ENCODING 12626
SWIDTH 1000 0
DWIDTH 16 0
BBX 16 16 0 -2
BITMAP
0000
0000
0440
0440
0440
0440
07C0
0440
0440
0440
07C0
0440
0440
0440
0440
0000
ENDCHAR
STARTCHAR u3153
ENCODING 12627
SWIDTH 1000 0
DWIDTH 16 0
BBX 16 16 0 -2
BITMAP
0000
0000
0080
0080
0080
0080
0080
0080
0F80
0080
0080
0080
0080
0080
0080
0000
ENDCHAR
STARTCHAR u3154
ENCODING 12628
SWIDTH 1000 0
DWIDTH 16 0
BBX 16 16 0 -2
BITMAP
0000
0000
0120
0120
0120
0120
0120
0120
0F20
0120
0120
0120
0120
0120
0120
0000
ENDCHAR
STARTCHAR u3155
ENCODING 12629
SWIDTH 1000 0
DWIDTH 16 0
BBX 16 16 0 -2
BITMAP
0000
0000
0080
0080
0080
0080
0F80
0080
0080
0080
0F80
0080
0080
0080
0080
0000
ENDCHAR
STARTCHAR u3156
ENCODING 12630
SWIDTH 1000 0
DWIDTH 16 0
BBX 16 16 0 -2
BITMAP
0000
0000
0120
0120
0120
0120
0F20
0120
0120
0120
0F20
0120
0120
0120
0120
0000
ENDCHAR
STARTCHAR u3157
ENCODING 12631
SWIDTH 1000 0
DWIDTH 16 0
BBX 16 16 0 -2
BITMAP
0000
0000
0000
0000
0000
0100
0100
0100
0100
0100
0100
7FFC
0000
0000
0000
0000
ENDCHAR
STARTCHAR u3158
ENCODING 12632
SWIDTH 1000 0
DWIDTH 16 0
BBX 16 16 0 -2
BITMAP
0000
0000
0010
0010
0010
0410
0410
0410
041C
0410
0410
7FD0
0010
0010
0010
0000
ENDCHAR
STARTCHAR u3159
ENCODING 12633
SWIDTH 1000 0
DWIDTH 16 0
BBX 16 16 0 -2
BITMAP
0000
0000
0024
0024
0024
0824
0824
0824
083C
0824
0824
7FA4
0024
0024
0024
0000
ENDCHAR
STARTCHAR u315A
ENCODING 12634
SWIDTH 1000 0
DWIDTH 16 0
BBX 16 16 0 -2
BITMAP
0000
0000
0008
0008
0008
0408
0408
0408
0408
0408
0408
7FE8
0008
0008
0008
0000
ENDCHAR
STARTCHAR u315B
ENCODING 12635
SWIDTH 1000 0
DWIDTH 16 0
BBX 16 16 0 -2
BITMAP
0000
0000
0000
0000
0000
0820
0820
0820
0820
0820
0820
7FFC
0000
0000
0000
0000
ENDCHAR
STARTCHAR u315C
ENCODING 12636
SWIDTH 1000 0
DWIDTH 16 0
BBX 16 16 0 -2
BITMAP
0000
0000
0000
0000
0000
0000
0000
0000
7FFC
0100
0100
0100
0100
0100
0100
0000
ENDCHAR
STARTCHAR u315D
ENCODING 12637
SWIDTH 1000 0
DWIDTH 16 0
BBX 16 16 0 -2
BITMAP
0000
0000
0008
0008
0008
0008
0008
0008
7FE8
0408
0478
0408
0408
0408
0408
0000
ENDCHAR
STARTCHAR u315E
ENCODING 12638
SWIDTH 1000 0
DWIDTH 16 0
BBX 16 16 0 -2
BITMAP
0000
0000
0014
0014
0014
0014
0014
0014
7FD4
0414
04F4
0414
0414
0414
0414
0000
ENDCHAR
STARTCHAR u315F
ENCODING 12639
SWIDTH 1000 0
DWIDTH 16 0
BBX 16 16 0 -2
BITMAP
0000
0000
0008
0008
0008
0008
0008
0008
7FE8
0408
0408
0408
0408
0408
0408
0000
ENDCHAR
STARTCHAR u3160
ENCODING 12640
SWIDTH 1000 0
DWIDTH 16 0
BBX 16 16 0 -2
BITMAP
0000
0000
0000
0000
0000
0000
0000
0000
7FFC
0820
0820
0820
0820
0820
0820
0000
ENDCHAR
STARTCHAR u3161
ENCODING 12641
SWIDTH 1000 0
DWIDTH 16 0
BBX 16 16 0 -2
BITMAP
0000
0000
0000
0000
0000
0000
0000
0000
7FFC
0000
0000
0000
0000
0000
0000
0000
ENDCHAR
STARTCHAR u3162
ENCODING 12642
SWIDTH 1000 0
DWIDTH 16 0
BBX 16 16 0 -2
BITMAP
0000
0000
0008
0008
0008
0008
0008
0008
0008
0008
0008
7FE8
0008
0008
0008
0000
ENDCHAR
STARTCHAR u3163
ENCODING 12643
SWIDTH 1000 0
DWIDTH 16 0
BBX 16 16 0 -2
BITMAP
0000
0000
0100
0100
0100
0100
0100
0100
0100
0100
0100
0100
0100
0100
0100
0000
ENDCHAR
STARTCHAR u3164
ENCODING 12644
SWIDTH 1000 0
DWIDTH 16 0
BBX 16 16 0 -2
BITMAP
0000
0000
0000
0000
0000
0000
0000
0000
0000
0000
0000
0000
0000
0000
0000
0000
ENDCHAR
STARTCHAR u3165
ENCODING 12645
SWIDTH 1000 0
DWIDTH 16 0
BBX 16 16 0 -2
BITMAP
0000
0000
0000
4080
4080
4080
4080
4080
4080
4080
4080
4080
7EFC
0000
0000
0000
ENDCHAR
STARTCHAR u3166
ENCODING 12646
SWIDTH 1000 0
DWIDTH 16 0
BBX 16 16 0 -2
BITMAP
0000
0000
0000
40FC
4080
4080
4080
4080
4080
4080
4080
4080
7EFC
0000
0000
0000
ENDCHAR
STARTCHAR u3167
ENCODING 12647
SWIDTH 1000 0
DWIDTH 16 0
BBX 16 16 0 -2
BITMAP
0000
0000
0000
4010
4010
4010
4010
4010
4028
4028
4044
4044
7E82
0000
0000
0000
ENDCHAR
STARTCHAR u3168
ENCODING 12648
SWIDTH 1000 0
DWIDTH 16 0
BBX 16 16 0 -2
BITMAP
0000
0000
0000
4010
4010
4028
4028
4028
4044
4044
4082
4082
7EFE
0000
0000
0000
ENDCHAR
STARTCHAR u3169
ENCODING 12649
SWIDTH 1000 0
DWIDTH 16 0
BBX 16 16 0 -2
BITMAP
0000
0000
0000
F788
1088
1088
1088
F088
8094
8094
8094
80A2
F0A2
0000
0000
0000
ENDCHAR
STARTCHAR u316A
ENCODING 12650
SWIDTH 1000 0
DWIDTH 16 0
BBX 16 16 0 -2
BITMAP
0000
0000
0000
7EFC
0280
0280
0280
7E80
4080
4080
4080
4080
7EFC
0000
0000
0000
ENDCHAR
STARTCHAR u316B
ENCODING 12651
SWIDTH 1000 0
DWIDTH 16 0
BBX 16 16 0 -2
BITMAP
0000
0000
0000
F488
1488
1488
1488
F788
8494
8494
8494
84A2
F7A2
0000
0000
0000
ENDCHAR
STARTCHAR u316C
ENCODING 12652
SWIDTH 1000 0
DWIDTH 16 0
BBX 16 16 0 -2
BITMAP
0000
0000
0000
7E10
0210
0228
0228
7E28
4044
4044
4082
4082
7EFE
0000
0000
0000
ENDCHAR
STARTCHAR u316D
ENCODING 12653
SWIDTH 1000 0
DWIDTH 16 0
BBX 16 16 0 -2
BITMAP
0000
0000
0000
7EFC
0200
0230
0248
7E84
4084
4084
4084
4048
7E30
0000
0000
0000
ENDCHAR
STARTCHAR u316E
ENCODING 12654
SWIDTH 1000 0
DWIDTH 16 0
BBX 16 16 0 -2
BITMAP
0000
0000
0000
7E84
4284
4284
4284
42FC
4284
4284
4284
4284
7EFC
0000
0000
0000
ENDCHAR
STARTCHAR u316F
ENCODING 12655
SWIDTH 1000 0
DWIDTH 16 0
BBX 16 16 0 -2
BITMAP
0000
0000
0000
7E10
4210
4210
4210
4210
4228
4228
4244
4244
7E82
0000
0000
0000
ENDCHAR
STARTCHAR u3170
ENCODING 12656
SWIDTH 1000 0
DWIDTH 16 0
BBX 16 16 0 -2
BITMAP
0000
0000
0000
7E10
4210
4228
4228
4228
4244
4244
4282
4282
7EFE
0000
0000
0000
ENDCHAR
STARTCHAR u3171
ENCODING 12657
SWIDTH 1000 0
DWIDTH 16 0
BBX 16 16 0 -2
BITMAP
0000
0000
3FF8
2008
2008
2008
3FF8
0000
07C0
0820
1010
1010
1010
0820
07C0
0000
ENDCHAR
STARTCHAR u3172
ENCODING 12658
SWIDTH 1000 0
DWIDTH 16 0
BBX 16 16 0 -2
BITMAP
0000
0000
0000
42FC
4204
4204
4204
7E04
4204
4204
4204
4204
7E04
0000
0000
0000
ENDCHAR
STARTCHAR u3173
ENCODING 12659
SWIDTH 1000 0
DWIDTH 16 0
BBX 16 16 0 -2
BITMAP
0000
0000
0000
42FC
4280
4280
4280
7E80
4280
4280
4280
4280
7EFC
0000
0000
0000
ENDCHAR
STARTCHAR u3174
ENCODING 12660
SWIDTH 1000 0
DWIDTH 16 0
BBX 16 16 0 -2
BITMAP
0000
0000
0000
911E
9102
9102
9102
F102
9282
9282
9282
9442
F442
0000
0000
0000
ENDCHAR
STARTCHAR u3175
ENCODING 12661
SWIDTH 1000 0
DWIDTH 16 0
BBX 16 16 0 -2
BITMAP
0000
0000
0000
911E
9110
9110
9110
F110
9290
9290
9290
9450
F45E
0000
0000
0000
ENDCHAR
STARTCHAR u3176
ENCODING 12662
SWIDTH 1000 0
DWIDTH 16 0
BBX 16 16 0 -2
BITMAP
0000
0000
0000
42FE
4210
4210
4210
7E10
4228
4228
4244
4244
7E82
0000
0000
0000
ENDCHAR
STARTCHAR u3177
ENCODING 12663
SWIDTH 1000 0
DWIDTH 16 0
BBX 16 16 0 -2
BITMAP
0000
0000
0000
42FC
4280
4280
4280
7EFC
4280
4280
4280
4280
7EFC
0000
0000
0000
ENDCHAR
STARTCHAR u3178
ENCODING 12664
SWIDTH 1000 0
DWIDTH 16 0
BBX 16 16 0 -2
BITMAP
0000
2008
2008
3FF8
2008
2008
3FF8
0000
07C0
0820
1010
1010
1010
0820
07C0
0000
ENDCHAR
STARTCHAR u3179
ENCODING 12665
SWIDTH 1000 0
DWIDTH 16 0
BBX 16 16 0 -2
BITMAP
0000
2288
2288
3EF8
2288
2288
3EF8
0000
07C0
0820
1010
1010
1010
0820
07C0
0000
ENDCHAR
STARTCHAR u317A
ENCODING 12666
SWIDTH 1000 0
DWIDTH 16 0
BBX 16 16 0 -2
BITMAP
0000
0000
0000
10FC
1004
1004
1004
1004
2804
2804
4404
4404
8204
0000
0000
0000
ENDCHAR
STARTCHAR u317B
ENCODING 12667
SWIDTH 1000 0
DWIDTH 16 0
BBX 16 16 0 -2
BITMAP
0000
0000
0000
1080
1080
1080
1080
1080
2880
2880
4480
4480
82FC
0000
0000
0000
ENDCHAR
STARTCHAR u317C
ENCODING 12668
SWIDTH 1000 0
DWIDTH 16 0
BBX 16 16 0 -2
BITMAP
0000
0000
0000
10FC
1080
1080
1080
1080
2880
2880
4480
4480
82FC
0000
0000
0000
ENDCHAR
STARTCHAR u317D
ENCODING 12669
SWIDTH 1000 0
DWIDTH 16 0
BBX 16 16 0 -2
BITMAP
0000
0000
0000
1084
1084
1084
1084
10FC
2884
2884
4484
4484
82FC
0000
0000
0000
ENDCHAR
STARTCHAR u317E
ENCODING 12670
SWIDTH 1000 0
DWIDTH 16 0
BBX 16 16 0 -2
BITMAP
0000
0000
0000
10FE
1010
1010
1010
1010
2828
2828
4444
4444
8282
0000
0000
0000
ENDCHAR
STARTCHAR u317F
ENCODING 12671
SWIDTH 1000 0
DWIDTH 16 0
BBX 16 16 0 -2
BITMAP
0000
0000
0000
0100
0100
0280
0280
0280
0440
0440
0820
0820
1FF0
0000
0000
0000
ENDCHAR
STARTCHAR u3180
ENCODING 12672
SWIDTH 1000 0
DWIDTH 16 0
BBX 16 16 0 -2
BITMAP
0000
0000
0000
1830
2448
4284
4284
4284
4284
4284
4284
2448
1830
0000
0000
0000
ENDCHAR
STARTCHAR u3181
ENCODING 12673
SWIDTH 1000 0
DWIDTH 16 0
BBX 16 16 0 -2
BITMAP
0000
0000
0000
0100
0100
07C0
0820
1010
1010
1010
1010
0820
07C0
0000
0000
0000
ENDCHAR
STARTCHAR u3182
ENCODING 12674
SWIDTH 1000 0
DWIDTH 16 0
BBX 16 16 0 -2
BITMAP
0000
0000
0000
1010
1010
3810
4410
8210
8228
8228
8244
4444
3882
0000
0000
0000
ENDCHAR
STARTCHAR u3183
ENCODING 12675
SWIDTH 1000 0
DWIDTH 16 0
BBX 16 16 0 -2
BITMAP
0000
0000
0000
1010
1010
3828
4428
8228
8244
8244
8282
4482
38FE
0000
0000
0000
ENDCHAR
STARTCHAR u3184
ENCODING 12676
SWIDTH 1000 0
DWIDTH 16 0
BBX 16 16 0 -2
BITMAP
0000
0000
3FF8
0820
0820
0820
3FF8
0000
07C0
0820
1010
1010
1010
0820
07C0
0000
ENDCHAR
STARTCHAR u3185
ENCODING 12677
SWIDTH 1000 0
DWIDTH 16 0
BBX 16 16 0 -2
BITMAP
0000
0000
0000
1010
1010
FEFE
0000
3838
4444
8282
8282
4444
3838
0000
0000
0000
ENDCHAR
STARTCHAR u3186
ENCODING 12678
SWIDTH 1000 0
DWIDTH 16 0
BBX 16 16 0 -2
BITMAP
0000
0000
0000
3FF8
0000
07C0
0820
1010
1010
1010
1010
0820
07C0
0000
0000
0000
ENDCHAR
STARTCHAR u3187
ENCODING 12679
SWIDTH 1000 0
DWIDTH 16 0
BBX 16 16 0 -2
BITMAP
0000
0000
0010
0010
0010
1210
121C
1210
1210
1210
121C
7FD0
0010
0010
0010
0000
ENDCHAR
STARTCHAR u3188
ENCODING 12680
SWIDTH 1000 0
DWIDTH 16 0
BBX 16 16 0 -2
BITMAP
0000
0000
0024
0024
0024
1224
123C
1224
1224
1224
123C
7FA4
0024
0024
0024
0000
ENDCHAR
STARTCHAR u3189
ENCODING 12681
SWIDTH 1000 0
DWIDTH 16 0
BBX 16 16 0 -2
BITMAP
0000
0000
0008
0008
0008
0908
0908
0908
0908
0908
0908
7FE8
0008
0008
0008
0000
ENDCHAR
STARTCHAR u318A
ENCODING 12682
SWIDTH 1000 0
DWIDTH 16 0
BBX 16 16 0 -2
BITMAP
0000
0000
0008
0008
0008
0008
0008
7FE8
0908
0978
0908
0978
0908
0908
0908
0000
ENDCHAR
STARTCHAR u318B
ENCODING 12683
SWIDTH 1000 0
DWIDTH 16 0
BBX 16 16 0 -2
BITMAP
0000
0000
0014
0014
0014
0014
0014
7FD4
1214
12F4
1214
12F4
1214
1214
1214
0000
ENDCHAR
STARTCHAR u318C
ENCODING 12684
SWIDTH 1000 0
DWIDTH 16 0
BBX 16 16 0 -2
BITMAP
0000
0000
0008
0008
0008
0008
0008
0008
7FE8
0908
0908
0908
0908
0908
0908
0000
ENDCHAR
STARTCHAR u318D
ENCODING 12685
SWIDTH 1000 0
DWIDTH 16 0
BBX 16 16 0 -2
BITMAP
0000
0000
0000
0000
0000
0000
0000
0180
0180
0000
0000
0000
0000
0000
0000
0000
ENDCHAR
STARTCHAR u318E
ENCODING 12686
SWIDTH 1000 0
DWIDTH 16 0
BBX 16 16 0 -2
BITMAP
0000
0000
0040
0040
0040
0040
0040
0640
0640
0040
0040
0040
0040
0040
0040
0000
ENDCHAR
STARTCHAR u3220
ENCODING 12832
SWIDTH 1000 0
DWIDTH 16 0
BBX 16 16 0 -2
BITMAP
0000
1010
2008
4004
4004
8002
8002
8002
9FF2
8002
8002
8002
4004
4004
2008
1010
ENDCHAR
STARTCHAR u3221
ENCODING 12833
SWIDTH 1000 0
DWIDTH 16 0
BBX 16 16 0 -2
BITMAP
0000
1010
2008
4004
4004
8FE2
8002
8002
8002
8002
8002
9FF2
4004
4004
2008
1010
ENDCHAR
STARTCHAR u3222
ENCODING 12834
SWIDTH 1000 0
DWIDTH 16 0
BBX 16 16 0 -2
BITMAP
0000
1010
2008
4004
4FE4
8002
8002
8002
87C2
8002
8002
8002
5FF4
4004
2008
1010
ENDCHAR
STARTCHAR u3223
ENCODING 12835
SWIDTH 1000 0
DWIDTH 16 0
BBX 16 16 0 -2
BITMAP
0000
1010
2008
4004
5FF4
9292
9292
9292
9292
94F2
9812
9012
5FF4
4004
2008
1010
ENDCHAR
STARTCHAR u3224
ENCODING 12836
SWIDTH 1000 0
DWIDTH 16 0
BBX 16 16 0 -2
BITMAP
0000
1010
2008
4004
5FE4
8202
8202
8202
9FC2
8442
8442
8442
5FF4
4004
2008
1010
ENDCHAR
STARTCHAR u3225
ENCODING 12837
SWIDTH 1000 0
DWIDTH 16 0
BBX 16 16 0 -2
BITMAP
0000
1010
2008
4004
4204
8102
8002
9FF2
8002
8002
8442
8822
5014
4004
2008
1010
ENDCHAR
STARTCHAR u3226
ENCODING 12838
SWIDTH 1000 0
DWIDTH 16 0
BBX 16 16 0 -2
BITMAP
0000
1010
2008
4004
4404
8402
8472
8782
9C02
8402
8422
8422
43E4
4004
2008
1010
ENDCHAR
STARTCHAR u3227
ENCODING 12839
SWIDTH 1000 0
DWIDTH 16 0
BBX 16 16 0 -2
BITMAP
0000
1010
2008
4004
4444
8442
8442
8442
8822
8822
8822
9012
5014
4004
2008
1010
ENDCHAR
STARTCHAR u3228
ENCODING 12840
SWIDTH 1000 0
DWIDTH 16 0
BBX 16 16 0 -2
BITMAP
0000
1010
2008
4004
4204
8202
9FC2
8242
8242
8442
8452
8852
5074
4004
2008
1010
ENDCHAR
STARTCHAR u3229
ENCODING 12841
SWIDTH 1000 0
DWIDTH 16 0
BBX 16 16 0 -2
BITMAP
0000
1010
2008
4004
4104
8102
8102
9FF2
8102
8102
8102
8102
4104
4004
2008
1010
ENDCHAR
STARTCHAR u322A
ENCODING 12842
SWIDTH 1000 0
DWIDTH 16 0
BBX 16 16 0 -2
BITMAP
0000
1010
2008
4004
47E4
8422
87E2
8422
8422
87E2
8422
8822
50E4
4004
2008
1010
ENDCHAR
STARTCHAR u322B
ENCODING 12843
SWIDTH 1000 0
DWIDTH 16 0
BBX 16 16 0 -2
BITMAP
0000
1010
2008
4004
4104
8102
8912
8912
9122
8102
8282
8442
5834
4004
2008
1010
ENDCHAR
STARTCHAR u322C
ENCODING 12844
SWIDTH 1000 0
DWIDTH 16 0
BBX 16 16 0 -2
BITMAP
0000
1010
2008
4004
4104
8112
9DA2
8542
8542
8922
8922
9112
4304
4004
2008
1010
ENDCHAR
STARTCHAR u322D
ENCODING 12845
SWIDTH 1000 0
DWIDTH 16 0
BBX 16 16 0 -2
BITMAP
0000
1010
2008
4004
4104
8102
9FF2
8102
8382
8542
8922
9112
4104
4004
2008
1010
ENDCHAR
STARTCHAR u322E
ENCODING 12846
SWIDTH 1000 0
DWIDTH 16 0
BBX 16 16 0 -2
BITMAP
0000
1010
2008
4104
4284
8C62
B7DA
8102
8102
8FE2
8922
8542
5FF4
4004
2008
1010
ENDCHAR
STARTCHAR u322F
ENCODING 12847
SWIDTH 1000 0
DWIDTH 16 0
BBX 16 16 0 -2
BITMAP
0000
1010
2008
4004
4104
8102
8102
8FE2
8102
8102
8102
8102
5FF4
4004
2008
1010
ENDCHAR
STARTCHAR u3230
ENCODING 12848
SWIDTH 1000 0
DWIDTH 16 0
BBX 16 16 0 -2
BITMAP
0000
1010
2008
4004
4FE4
8822
8822
8822
8FE2
8822
8822
8822
4FE4
4004
2008
1010
ENDCHAR
STARTCHAR u323D
ENCODING 12861
SWIDTH 1000 0
DWIDTH 16 0
BBX 16 16 0 -2
BITMAP
0000
1010
2008
4104
4284
8C62
B01A
8102
8902
89E2
8902
8902
5FF4
4004
2008
1010
ENDCHAR
STARTCHAR u3241
ENCODING 12865
SWIDTH 1000 0
DWIDTH 16 0
BBX 16 16 0 -2
BITMAP
0000
1010
2008
4004
4884
8882
97F2
B082
91C2
92A2
92A2
9492
5084
4004
2008
1010
ENDCHAR
STARTCHAR u3244
ENCODING 12868
SWIDTH 1000 0
DWIDTH 16 0
BBX 16 16 0 -2
BITMAP
0000
07C0
1830
2008
5EF4
5294
9EF2
9292
9EF2
9012
97D2
5454
57D4
3038
1830
07C0
ENDCHAR
STARTCHAR u3246
ENCODING 12870
SWIDTH 1000 0
DWIDTH 16 0
BBX 16 16 0 -2
BITMAP
0000
07C0
1830
2208
4104
5FF4
8442
8442
8282
8282
8102
46C4
5834
2008
1830
07C0
ENDCHAR
STARTCHAR u3248
ENCODING 12872
SWIDTH 1000 0
DWIDTH 16 0
BBX 16 16 0 -2
BITMAP
0000
FFFE
F83E
E00E
C8E6
D916
8912
8932
8952
8992
8912
C916
DCE6
E00E
F83E
FFFE
ENDCHAR
STARTCHAR u3249
ENCODING 12873
SWIDTH 1000 0
DWIDTH 16 0
BBX 16 16 0 -2
BITMAP
0000
FFFE
F83E
E00E
CC66
D296
8292
82B2
84D2
8492
8892
D096
DE66
E00E
F83E
FFFE
ENDCHAR
STARTCHAR u324A
ENCODING 12874
SWIDTH 1000 0
DWIDTH 16 0
BBX 16 16 0 -2
BITMAP
0000
FFFE
F83E
E00E
CC66
D296
8292
82B2
84D2
8292
8292
D296
CC66
E00E
F83E
FFFE
ENDCHAR
STARTCHAR u324B
ENCODING 12875
SWIDTH 1000 0
DWIDTH 16 0
BBX 16 16 0 -2
BITMAP
0000
FFFE
F83E
E00E
C466
CC96
8C92
94B2
94D2
9492
9E92
C496
C466
E00E
F83E
FFFE
ENDCHAR
STARTCHAR u324C
ENCODING 12876
SWIDTH 1000 0
DWIDTH 16 0
BBX 16 16 0 -2
BITMAP
0000
FFFE
F83E
E00E
DE66
D096
9092
90B2
9CD2
8292
8292
D296
CC66
E00E
F83E
FFFE
ENDCHAR
STARTCHAR u324D
ENCODING 12877
SWIDTH 1000 0
DWIDTH 16 0
BBX 16 16 0 -2
BITMAP
0000
FFFE
F83E
E00E
CC66
D296
9092
90B2
9CD2
9292
9292
D296
CC66
E00E
F83E
FFFE
ENDCHAR
STARTCHAR u324E
ENCODING 12878
SWIDTH 1000 0
DWIDTH 16 0
BBX 16 16 0 -2
BITMAP
0000
FFFE
F83E
E00E
DE66
C296
8292
82B2
84D2
8492
8492
C496
C466
E00E
F83E
FFFE
ENDCHAR
STARTCHAR u324F
ENCODING 12879
SWIDTH 1000 0
DWIDTH 16 0
BBX 16 16 0 -2
BITMAP
0000
FFFE
F83E
E00E
CC66
D296
9292
92B2
8CD2
9292
9292
D296
CC66
E00E
F83E
FFFE
ENDCHAR
STARTCHAR u3251
ENCODING 12881
SWIDTH 1000 0
DWIDTH 16 0
BBX 16 16 0 -2
BITMAP
0000
07C0
1830
2008
4C24
5264
8222
8222
8422
8422
8822
5024
5E74
2008
1830
07C0
ENDCHAR
STARTCHAR u3252
ENCODING 12882
SWIDTH 1000 0
DWIDTH 16 0
BBX 16 16 0 -2
BITMAP
0000
07C0
1830
2008
4C64
5294
8212
8212
8422
8422
8842
5084
5EF4
2008
1830
07C0
ENDCHAR
STARTCHAR u3253
ENCODING 12883
SWIDTH 1000 0
DWIDTH 16 0
BBX 16 16 0 -2
BITMAP
0000
07C0
1830
2008
4C64
5294
8212
8212
8422
8412
8812
5094
5E64
2008
1830
07C0
ENDCHAR
STARTCHAR u3254
ENCODING 12884
SWIDTH 1000 0
DWIDTH 16 0
BBX 16 16 0 -2
BITMAP
0000
07C0
1830
2008
4C24
5264
8262
82A2
84A2
84A2
88F2
5024
5E24
2008
1830
07C0
ENDCHAR
STARTCHAR u3255
ENCODING 12885
SWIDTH 1000 0
DWIDTH 16 0
BBX 16 16 0 -2
BITMAP
0000
07C0
1830
2008
4CF4
5284
8282
8282
84E2
8412
8812
5094
5E64
2008
1830
07C0
ENDCHAR
STARTCHAR u3256
ENCODING 12886
SWIDTH 1000 0
DWIDTH 16 0
BBX 16 16 0 -2
BITMAP
0000
07C0
1830
2008
4C64
5294
8282
8282
84E2
8492
8892
5094
5E64
2008
1830
07C0
ENDCHAR
STARTCHAR u3257
ENCODING 12887
SWIDTH 1000 0
DWIDTH 16 0
BBX 16 16 0 -2
BITMAP
0000
07C0
1830
2008
4CF4
5214
8212
8212
8422
8422
8822
5024
5E24
2008
1830
07C0
ENDCHAR
STARTCHAR u3258
ENCODING 12888
SWIDTH 1000 0
DWIDTH 16 0
BBX 16 16 0 -2
BITMAP
0000
07C0
1830
2008
4C64
5294
8292
8292
8462
8492
8892
5094
5E64
2008
1830
07C0
ENDCHAR
STARTCHAR u3259
ENCODING 12889
SWIDTH 1000 0
DWIDTH 16 0
BBX 16 16 0 -2
BITMAP
0000
07C0
1830
2008
4C64
5294
8292
8292
8472
8412
8812
5094
5E64
2008
1830
07C0
ENDCHAR
STARTCHAR u325A
ENCODING 12890
SWIDTH 1000 0
DWIDTH 16 0
BBX 16 16 0 -2
BITMAP
0000
07C0
1830
2008
4C64
5294
8292
82B2
84D2
8292
8292
5294
4C64
2008
1830
07C0
ENDCHAR
STARTCHAR u325B
ENCODING 12891
SWIDTH 1000 0
DWIDTH 16 0
BBX 16 16 0 -2
BITMAP
0000
07C0
1830
2008
4C24
5264
8222
8222
8422
8222
8222
5224
4C74
2008
1830
07C0
ENDCHAR
STARTCHAR u325C
ENCODING 12892
SWIDTH 1000 0
DWIDTH 16 0
BBX 16 16 0 -2
BITMAP
0000
07C0
1830
2008
4C64
5294
8212
8212
8422
8222
8242
5284
4CF4
2008
1830
07C0
ENDCHAR
STARTCHAR u325D
ENCODING 12893
SWIDTH 1000 0
DWIDTH 16 0
BBX 16 16 0 -2
BITMAP
0000
07C0
1830
2008
4C64
5294
8212
8212
8422
8212
8212
5294
4C64
2008
1830
07C0
ENDCHAR
STARTCHAR u325E
ENCODING 12894
SWIDTH 1000 0
DWIDTH 16 0
BBX 16 16 0 -2
BITMAP
0000
07C0
1830
2008
4C24
5264
8262
82A2
84A2
82A2
82F2
5224
4C24
2008
1830
07C0
ENDCHAR
STARTCHAR u325F
ENCODING 12895
SWIDTH 1000 0
DWIDTH 16 0
BBX 16 16 0 -2
BITMAP
0000
07C0
1830
2008
4CF4
5284
8282
8282
84E2
8212
8212
5294
4C64
2008
1830
07C0
ENDCHAR
STARTCHAR u327F
ENCODING 12927
SWIDTH 1000 0
DWIDTH 16 0
BBX 16 16 0 -2
BITMAP
0000
07C0
1830
2008
4004
4444
8482
8500
F61E
0502
8482
4444
4004
2008
1830
07C0
ENDCHAR
STARTCHAR u3280
ENCODING 12928
SWIDTH 1000 0
DWIDTH 16 0
BBX 16 16 0 -2
BITMAP
0000
07C0
1830
2008
4004
4004
8002
8002
9FF2
8002
8002
4004
4004
2008
1830
07C0
ENDCHAR
STARTCHAR u3281
ENCODING 12929
SWIDTH 1000 0
DWIDTH 16 0
BBX 16 16 0 -2
BITMAP
0000
07C0
1830
2008
4004
4FE4
8002
8002
8002
8002
8002
5FF4
4004
2008
1830
07C0
ENDCHAR
STARTCHAR u3282
ENCODING 12930
SWIDTH 1000 0
DWIDTH 16 0
BBX 16 16 0 -2
BITMAP
0000
07C0
1830
2008
4FE4
4004
8002
8002
87C2
8002
8002
4004
5FF4
2008
1830
07C0
ENDCHAR
STARTCHAR u3283
ENCODING 12931
SWIDTH 1000 0
DWIDTH 16 0
BBX 16 16 0 -2
BITMAP
0000
07C0
1830
2008
5FF4
5294
9292
9292
9292
94F2
9812
5014
5FF4
2008
1830
07C0
ENDCHAR
STARTCHAR u3284
ENCODING 12932
SWIDTH 1000 0
DWIDTH 16 0
BBX 16 16 0 -2
BITMAP
0000
07C0
1830
2008
5FE4
4204
8202
8202
9FC2
8442
8442
4444
5FF4
2008
1830
07C0
ENDCHAR
STARTCHAR u3285
ENCODING 12933
SWIDTH 1000 0
DWIDTH 16 0
BBX 16 16 0 -2
BITMAP
0000
07C0
1830
2008
4204
4104
8002
9FF2
8002
8002
8442
4824
5014
2008
1830
07C0
ENDCHAR
STARTCHAR u3286
ENCODING 12934
SWIDTH 1000 0
DWIDTH 16 0
BBX 16 16 0 -2
BITMAP
0000
07C0
1830
2008
4404
4404
8472
8782
9C02
8402
8422
4424
43E4
2008
1830
07C0
ENDCHAR
STARTCHAR u3287
ENCODING 12935
SWIDTH 1000 0
DWIDTH 16 0
BBX 16 16 0 -2
BITMAP
0000
07C0
1830
2008
4444
4444
8442
8442
8822
8822
8822
5014
5014
2008
1830
07C0
ENDCHAR
STARTCHAR u3288
ENCODING 12936
SWIDTH 1000 0
DWIDTH 16 0
BBX 16 16 0 -2
BITMAP
0000
07C0
1830
2008
4204
4204
9FC2
8242
8242
8442
8452
4854
5074
2008
1830
07C0
ENDCHAR
STARTCHAR u3289
ENCODING 12937
SWIDTH 1000 0
DWIDTH 16 0
BBX 16 16 0 -2
BITMAP
0000
07C0
1830
2008
4104
4104
8102
9FF2
8102
8102
8102
4104
4104
2008
1830
07C0
ENDCHAR
STARTCHAR u328A
ENCODING 12938
SWIDTH 1000 0
DWIDTH 16 0
BBX 16 16 0 -2
BITMAP
0000
07C0
1830
2008
47E4
4424
87E2
8422
8422
87E2
8422
4824
50E4
2008
1830
07C0
ENDCHAR
STARTCHAR u328B
ENCODING 12939
SWIDTH 1000 0
DWIDTH 16 0
BBX 16 16 0 -2
BITMAP
0000
07C0
1830
2008
4104
4104
8912
8912
9122
8102
8282
4444
5834
2008
1830
07C0
ENDCHAR
STARTCHAR u328C
ENCODING 12940
SWIDTH 1000 0
DWIDTH 16 0
BBX 16 16 0 -2
BITMAP
0000
07C0
1830
2008
4104
4114
9DA2
8542
8542
8922
8922
5114
4304
2008
1830
07C0
ENDCHAR
STARTCHAR u328D
ENCODING 12941
SWIDTH 1000 0
DWIDTH 16 0
BBX 16 16 0 -2
BITMAP
0000
07C0
1830
2008
4104
4104
9FF2
8102
8382
8542
8922
5114
4104
2008
1830
07C0
ENDCHAR
STARTCHAR u328E
ENCODING 12942
SWIDTH 1000 0
DWIDTH 16 0
BBX 16 16 0 -2
BITMAP
0000
07C0
1830
2108
4284
4C64
B7DA
8102
8102
8FE2
8922
4544
5FF4
2008
1830
07C0
ENDCHAR
STARTCHAR u328F
ENCODING 12943
SWIDTH 1000 0
DWIDTH 16 0
BBX 16 16 0 -2
BITMAP
0000
07C0
1830
2008
4104
4104
8102
8FE2
8102
8102
8102
4104
5FF4
2008
1830
07C0
ENDCHAR
STARTCHAR u3290
ENCODING 12944
SWIDTH 1000 0
DWIDTH 16 0
BBX 16 16 0 -2
BITMAP
0000
07C0
1830
2008
4FE4
4824
8822
8822
8FE2
8822
8822
4824
4FE4
2008
1830
07C0
ENDCHAR
STARTCHAR u32A1
ENCODING 12961
SWIDTH 1000 0
DWIDTH 16 0
BBX 16 16 0 -2
BITMAP
0000
07C0
1830
2008
4884
4884
97F2
B082
91C2
92A2
92A2
5494
5084
2008
1830
07C0
ENDCHAR
STARTCHAR u32A3
ENCODING 12963
SWIDTH 1000 0
DWIDTH 16 0
BBX 16 16 0 -2
BITMAP
0000
07C0
1830
2008
5FF4
4104
8102
8902
89E2
8902
8902
4904
5FF4
2008
1830
07C0
ENDCHAR
STARTCHAR u32A4
ENCODING 12964
SWIDTH 1000 0
DWIDTH 16 0
BBX 16 16 0 -2
BITMAP
0000
07C0
1830
2008
4104
4104
8102
81E2
8102
8102
8102
4104
5FF4
2008
1830
07C0
ENDCHAR
STARTCHAR u32A5
ENCODING 12965
SWIDTH 1000 0
DWIDTH 16 0
BBX 16 16 0 -2
BITMAP
0000
07C0
1830
2008
4104
4104
9FF2
9112
9112
9FF2
8102
4104
4104
2008
1830
07C0
ENDCHAR
STARTCHAR u32A6
ENCODING 12966
SWIDTH 1000 0
DWIDTH 16 0
BBX 16 16 0 -2
BITMAP
0000
07C0
1830
2008
5FF4
4104
8102
8182
8142
8122
8102
4104
4104
2008
1830
07C0
ENDCHAR
STARTCHAR u32A7
ENCODING 12967
SWIDTH 1000 0
DWIDTH 16 0
BBX 16 16 0 -2
BITMAP
0000
07C0
1830
2008
4204
5FF4
8202
8402
87F2
8882
8882
5084
47F4
2008
1830
07C0
ENDCHAR
STARTCHAR u32A8
ENCODING 12968
SWIDTH 1000 0
DWIDTH 16 0
BBX 16 16 0 -2
BITMAP
0000
07C0
1830
2008
4204
5FF4
8202
8402
87E2
8C22
9422
4424
47E4
2008
1830
07C0
ENDCHAR
STARTCHAR u32AD
ENCODING 12973
SWIDTH 1000 0
DWIDTH 16 0
BBX 16 16 0 -2
BITMAP
0000
07C0
1830
2108
4284
4C64
B01A
8102
8902
89E2
8902
4904
5FF4
2008
1830
07C0
ENDCHAR
STARTCHAR u32B1
ENCODING 12977
SWIDTH 1000 0
DWIDTH 16 0
BBX 16 16 0 -2
BITMAP
0000
07C0
1830
2008
4C64
5294
8282
8282
84E2
8292
8292
5294
4C64
2008
1830
07C0
ENDCHAR
STARTCHAR u32B2
ENCODING 12978
SWIDTH 1000 0
DWIDTH 16 0
BBX 16 16 0 -2
BITMAP
0000
07C0
1830
2008
4CF4
5214
8212
8212
8422
8222
8222
5224
4C24
2008
1830
07C0
ENDCHAR
STARTCHAR u32B3
ENCODING 12979
SWIDTH 1000 0
DWIDTH 16 0
BBX 16 16 0 -2
BITMAP
0000
07C0
1830
2008
4C64
5294
8292
8292
8462
8292
8292
5294
4C64
2008
1830
07C0
ENDCHAR
STARTCHAR u32B4
ENCODING 12980
SWIDTH 1000 0
DWIDTH 16 0
BBX 16 16 0 -2
BITMAP
0000
07C0
1830
2008
4C64
5294
8292
8292
8472
8212
8212
5294
4C64
2008
1830
07C0
ENDCHAR
STARTCHAR u32B5
ENCODING 12981
SWIDTH 1000 0
DWIDTH 16 0
BBX 16 16 0 -2
BITMAP
0000
07C0
1830
2008
4464
4C94
8C92
94B2
94D2
9492
9E92
4494
4464
2008
1830
07C0
ENDCHAR
STARTCHAR u32B6
ENCODING 12982
SWIDTH 1000 0
DWIDTH 16 0
BBX 16 16 0 -2
BITMAP
0000
07C0
1830
2008
4424
4C64
8C22
9422
9422
9422
9E22
4424
4474
2008
1830
07C0
ENDCHAR
STARTCHAR u32B7
ENCODING 12983
SWIDTH 1000 0
DWIDTH 16 0
BBX 16 16 0 -2
BITMAP
0000
07C0
1830
2008
4464
4C94
8C12
9412
9422
9422
9E42
4484
44F4
2008
1830
07C0
ENDCHAR
STARTCHAR u32B8
ENCODING 12984
SWIDTH 1000 0
DWIDTH 16 0
BBX 16 16 0 -2
BITMAP
0000
07C0
1830
2008
4464
4C94
8C12
9412
9422
9412
9E12
4494
4464
2008
1830
07C0
ENDCHAR
STARTCHAR u32B9
ENCODING 12985
SWIDTH 1000 0
DWIDTH 16 0
BBX 16 16 0 -2
BITMAP
0000
07C0
1830
2008
4424
4C64
8C62
94A2
94A2
94A2
9EF2
4424
4424
2008
1830
07C0
ENDCHAR
STARTCHAR u32BA
ENCODING 12986
SWIDTH 1000 0
DWIDTH 16 0
BBX 16 16 0 -2
BITMAP
0000
07C0
1830
2008
44F4
4C84
8C82
9482
94E2
9412
9E12
4494
4464
2008
1830
07C0
ENDCHAR
STARTCHAR u32BB
ENCODING 12987
SWIDTH 1000 0
DWIDTH 16 0
BBX 16 16 0 -2
BITMAP
0000
07C0
1830
2008
4464
4C94
8C82
9482
94E2
9492
9E92
4494
4464
2008
1830
07C0
ENDCHAR
STARTCHAR u32BC
ENCODING 12988
SWIDTH 1000 0
DWIDTH 16 0
BBX 16 16 0 -2
BITMAP
0000
07C0
1830
2008
44F4
4C14
8C12
9412
9422
9422
9E22
4424
4424
2008
1830
07C0
ENDCHAR
STARTCHAR u32BD
ENCODING 12989
SWIDTH 1000 0
DWIDTH 16 0
BBX 16 16 0 -2
BITMAP
0000
07C0
1830
2008
4464
4C94
8C92
9492
9462
9492
9E92
4494
4464
2008
1830
07C0
ENDCHAR
STARTCHAR u32BE
ENCODING 12990
SWIDTH 1000 0
DWIDTH 16 0
BBX 16 16 0 -2
BITMAP
0000
07C0
1830
2008
4464
4C94
8C92
9492
9472
9412
9E12
4494
4464
2008
1830
07C0
ENDCHAR
STARTCHAR u32BF
ENCODING 12991
SWIDTH 1000 0
DWIDTH 16 0
BBX 16 16 0 -2
BITMAP
0000
07C0
1830
2008
5E64
5094
9092
90B2
9CD2
8292
8292
5294
4C64
2008
1830
07C0
ENDCHAR
STARTCHAR u32C0
ENCODING 12992
SWIDTH 1000 0
DWIDTH 16 0
BBX 16 16 0 -2
BITMAP
0000
0000
0000
10FC
3084
1084
10FC
1084
1084
10FC
1084
1084
1084
390C
0000
0000
ENDCHAR
STARTCHAR u32C1
ENCODING 12993
SWIDTH 1000 0
DWIDTH 16 0
BBX 16 16 0 -2
BITMAP
0000
0000
0000
38FC
4484
0484
04FC
0484
0884
08FC
1084
2084
4084
7D0C
0000
0000
ENDCHAR
STARTCHAR u32C2
ENCODING 12994
SWIDTH 1000 0
DWIDTH 16 0
BBX 16 16 0 -2
BITMAP
0000
0000
0000
38FC
4484
0484
04FC
0484
1884
04FC
0484
0484
4484
390C
0000
0000
ENDCHAR
STARTCHAR u32C3
ENCODING 12995
SWIDTH 1000 0
DWIDTH 16 0
BBX 16 16 0 -2
BITMAP
0000
0000
0000
08FC
1884
1884
28FC
2884
2884
48FC
4884
7C84
0884
090C
0000
0000
ENDCHAR
STARTCHAR u32C4
ENCODING 12996
SWIDTH 1000 0
DWIDTH 16 0
BBX 16 16 0 -2
BITMAP
0000
0000
0000
7CFC
4084
4084
40FC
4084
7884
04FC
0484
0484
4484
390C
0000
0000
ENDCHAR
STARTCHAR u32C5
ENCODING 12997
SWIDTH 1000 0
DWIDTH 16 0
BBX 16 16 0 -2
BITMAP
0000
0000
0000
38FC
4484
4084
40FC
4084
7884
44FC
4484
4484
4484
390C
0000
0000
ENDCHAR
STARTCHAR u32C6
ENCODING 12998
SWIDTH 1000 0
DWIDTH 16 0
BBX 16 16 0 -2
BITMAP
0000
0000
0000
7CFC
0484
0484
08FC
0884
0884
10FC
1084
1084
1084
110C
0000
0000
ENDCHAR
STARTCHAR u32C7
ENCODING 12999
SWIDTH 1000 0
DWIDTH 16 0
BBX 16 16 0 -2
BITMAP
0000
0000
0000
38FC
4484
4484
44FC
4484
3884
44FC
4484
4484
4484
390C
0000
0000
ENDCHAR
STARTCHAR u32C8
ENCODING 13000
SWIDTH 1000 0
DWIDTH 16 0
BBX 16 16 0 -2
BITMAP
0000
0000
0000
38FC
4484
4484
44FC
4484
3C84
04FC
0484
0484
4484
390C
0000
0000
ENDCHAR
STARTCHAR u32C9
ENCODING 13001
SWIDTH 1000 0
DWIDTH 16 0
BBX 16 16 0 -2
BITMAP
0000
0000
0000
463E
C922
4922
493E
4B22
4D22
493E
4922
4922
4922
E646
0000
0000
ENDCHAR
STARTCHAR u32CA
ENCODING 13002
SWIDTH 1000 0
DWIDTH 16 0
BBX 16 16 0 -2
BITMAP
0000
0000
0000
423E
C622
4222
423E
4222
4222
423E
4222
4222
4222
E746
0000
0000
ENDCHAR
STARTCHAR u32CB
ENCODING 13003
SWIDTH 1000 0
DWIDTH 16 0
BBX 16 16 0 -2
BITMAP
0000
0000
0000
463E
C922
4122
413E
4122
4222
423E
4422
4422
4822
EF46
0000
0000
ENDCHAR
STARTCHAR u32FF
ENCODING 13055
SWIDTH 1000 0
DWIDTH 16 0
BBX 16 16 0 -2
BITMAP
0000
1030
11C0
2840
444E
824A
7DFA
004A
004A
FCEA
24DA
254A
254A
2C4E
2040
2040
ENDCHAR
STARTCHAR u3358
ENCODING 13144
SWIDTH 1000 0
DWIDTH 16 0
BBX 16 16 0 -2
BITMAP
0000
0000
0000
3820
443C
4420
44FC
4C84
5484
64FC
4400
44A4
44A4
38A4
0000
0000
ENDCHAR
STARTCHAR u3359
ENCODING 13145
SWIDTH 1000 0
DWIDTH 16 0
BBX 16 16 0 -2
BITMAP
0000
0000
0000
1020
303C
1020
10FC
1084
1084
10FC
1000
10A4
10A4
38A4
0000
0000
ENDCHAR
STARTCHAR u335A
ENCODING 13146
SWIDTH 1000 0
DWIDTH 16 0
BBX 16 16 0 -2
BITMAP
0000
0000
0000
3820
443C
0420
04FC
0484
0884
08FC
1000
20A4
40A4
7CA4
0000
0000
ENDCHAR
STARTCHAR u335B
ENCODING 13147
SWIDTH 1000 0
DWIDTH 16 0
BBX 16 16 0 -2
BITMAP
0000
0000
0000
3820
443C
0420
04FC
0484
1884
04FC
0400
04A4
44A4
38A4
0000
0000
ENDCHAR
STARTCHAR u335C
ENCODING 13148
SWIDTH 1000 0
DWIDTH 16 0
BBX 16 16 0 -2
BITMAP
0000
0000
0000
0820
183C
1820
28FC
2884
2884
48FC
4800
7CA4
08A4
08A4
0000
0000
ENDCHAR
STARTCHAR u335D
ENCODING 13149
SWIDTH 1000 0
DWIDTH 16 0
BBX 16 16 0 -2
BITMAP
0000
0000
0000
7C20
403C
4020
40FC
4084
7884
04FC
0400
04A4
44A4
38A4
0000
0000
ENDCHAR
STARTCHAR u335E
ENCODING 13150
SWIDTH 1000 0
DWIDTH 16 0
BBX 16 16 0 -2
BITMAP
0000
0000
0000
3820
443C
4020
40FC
4084
7884
44FC
4400
44A4
44A4
38A4
0000
0000
ENDCHAR
STARTCHAR u335F
ENCODING 13151
SWIDTH 1000 0
DWIDTH 16 0
BBX 16 16 0 -2
BITMAP
0000
0000
0000
7C20
043C
0420
08FC
0884
0884
10FC
1000
10A4
10A4
10A4
0000
0000
ENDCHAR
STARTCHAR u3360
ENCODING 13152
SWIDTH 1000 0
DWIDTH 16 0
BBX 16 16 0 -2
BITMAP
0000
0000
0000
3820
443C
4420
44FC
4484
3884
44FC
4400
44A4
44A4
38A4
0000
0000
ENDCHAR
STARTCHAR u3361
ENCODING 13153
SWIDTH 1000 0
DWIDTH 16 0
BBX 16 16 0 -2
BITMAP
0000
0000
0000
3820
443C
4420
44FC
4484
3C84
04FC
0400
04A4
44A4
38A4
0000
0000
ENDCHAR
STARTCHAR u3362
ENCODING 13154
SWIDTH 1000 0
DWIDTH 16 0
BBX 16 16 0 -2
BITMAP
0000
0000
0000
4608
C90E
4908
493E
4B22
4D22
493E
4900
492A
492A
E62A
0000
0000
ENDCHAR
STARTCHAR u3363
ENCODING 13155
SWIDTH 1000 0
DWIDTH 16 0
BBX 16 16 0 -2
BITMAP
0000
0000
0000
4208
C60E
4208
423E
4222
4222
423E
4200
422A
422A
E72A
0000
0000
ENDCHAR
STARTCHAR u3364
ENCODING 13156
SWIDTH 1000 0
DWIDTH 16 0
BBX 16 16 0 -2
BITMAP
0000
0000
0000
4608
C90E
4108
413E
4122
4222
423E
4400
442A
482A
EF2A
0000
0000
ENDCHAR
STARTCHAR u3365
ENCODING 13157
SWIDTH 1000 0
DWIDTH 16 0
BBX 16 16 0 -2
BITMAP
0000
0000
0000
4608
C90E
4108
413E
4122
4622
413E
4100
412A
492A
E62A
0000
0000
ENDCHAR
STARTCHAR u3366
ENCODING 13158
SWIDTH 1000 0
DWIDTH 16 0
BBX 16 16 0 -2
BITMAP
0000
0000
0000
4108
C30E
4308
453E
4522
4522
493E
4900
4FAA
412A
E12A
0000
0000
ENDCHAR
STARTCHAR u3367
ENCODING 13159
SWIDTH 1000 0
DWIDTH 16 0
BBX 16 16 0 -2
BITMAP
0000
0000
0000
4F08
C80E
4808
483E
4822
4E22
413E
4100
412A
492A
E62A
0000
0000
ENDCHAR
STARTCHAR u3368
ENCODING 13160
SWIDTH 1000 0
DWIDTH 16 0
BBX 16 16 0 -2
BITMAP
0000
0000
0000
4608
C90E
4808
483E
4822
4E22
493E
4900
492A
492A
E62A
0000
0000
ENDCHAR
STARTCHAR u3369
ENCODING 13161
SWIDTH 1000 0
DWIDTH 16 0
BBX 16 16 0 -2
BITMAP
0000
0000
0000
4F08
C10E
4108
413E
4122
4222
423E
4200
422A
422A
E22A
0000
0000
ENDCHAR
STARTCHAR u336A
ENCODING 13162
SWIDTH 1000 0
DWIDTH 16 0
BBX 16 16 0 -2
BITMAP
0000
0000
0000
4608
C90E
4908
493E
4922
4622
493E
4900
492A
492A
E62A
0000
0000
ENDCHAR
STARTCHAR u336B
ENCODING 13163
SWIDTH 1000 0
DWIDTH 16 0
BBX 16 16 0 -2
BITMAP
0000
0000
0000
4608
C90E
4908
493E
4922
4722
413E
4100
412A
492A
E62A
0000
0000
ENDCHAR
STARTCHAR u336C
ENCODING 13164
SWIDTH 1000 0
DWIDTH 16 0
BBX 16 16 0 -2
BITMAP
0000
0000
0000
6308
948E
1488
14BE
15A2
26A2
24BE
4480
44AA
84AA
F32A
0000
0000
ENDCHAR
STARTCHAR u336D
ENCODING 13165
SWIDTH 1000 0
DWIDTH 16 0
BBX 16 16 0 -2
BITMAP
0000
0000
0000
6108
930E
1108
113E
1122
2122
213E
4100
412A
812A
F3AA
0000
0000
ENDCHAR
STARTCHAR u336E
ENCODING 13166
SWIDTH 1000 0
DWIDTH 16 0
BBX 16 16 0 -2
BITMAP
0000
0000
0000
6308
948E
1088
10BE
10A2
2122
213E
4200
422A
842A
F7AA
0000
0000
ENDCHAR
STARTCHAR u336F
ENCODING 13167
SWIDTH 1000 0
DWIDTH 16 0
BBX 16 16 0 -2
BITMAP
0000
0000
0000
6308
948E
1088
10BE
10A2
2322
20BE
4080
40AA
84AA
F32A
0000
0000
ENDCHAR
STARTCHAR u3370
ENCODING 13168
SWIDTH 1000 0
DWIDTH 16 0
BBX 16 16 0 -2
BITMAP
0000
0000
0000
6108
930E
1308
153E
1522
2522
253E
4500
47AA
812A
F12A
0000
0000
ENDCHAR
STARTCHAR u337B
ENCODING 13179
SWIDTH 1000 0
DWIDTH 16 0
BBX 16 16 0 -2
BITMAP
0000
FE14
1012
1010
92FE
5290
5490
10F2
10B2
FEB4
10B4
10B4
10A8
10EA
111A
1126
ENDCHAR
STARTCHAR u337C
ENCODING 13180
SWIDTH 1000 0
DWIDTH 16 0
BBX 16 16 0 -2
BITMAP
0000
1E18
EAE0
AA20
AA2E
AA2A
AAFA
B62A
E02A
AE6A
AA7A
AAAA
AAAA
EA2E
0A20
0E20
ENDCHAR
STARTCHAR u337D
ENCODING 13181
SWIDTH 1000 0
DWIDTH 16 0
BBX 16 16 0 -2
BITMAP
0000
10FE
1008
1008
1008
FE08
1048
1048
104E
2848
2848
2848
4448
4448
8248
82FE
ENDCHAR
STARTCHAR u337E
ENCODING 13182
SWIDTH 1000 0
DWIDTH 16 0
BBX 16 16 0 -2
BITMAP
0000
0E10
EB10
AA90
AA10
AE24
EA24
AB7A
AA82
AA00
AE3C
EA64
0AA4
12A4
1324
263C
ENDCHAR
STARTCHAR u33E0
ENCODING 13280
SWIDTH 1000 0
DWIDTH 16 0
BBX 16 16 0 -2
BITMAP
0000
0000
0000
10FC
3084
1084
1084
1084
10FC
1084
1084
1084
1084
38FC
0000
0000
ENDCHAR
STARTCHAR u33E1
ENCODING 13281
SWIDTH 1000 0
DWIDTH 16 0
BBX 16 16 0 -2
BITMAP
0000
0000
0000
38FC
4484
0484
0484
0484
08FC
0884
1084
2084
4084
7CFC
0000
0000
ENDCHAR
STARTCHAR u33E2
ENCODING 13282
SWIDTH 1000 0
DWIDTH 16 0
BBX 16 16 0 -2
BITMAP
0000
0000
0000
38FC
4484
0484
0484
0484
18FC
0484
0484
0484
4484
38FC
0000
0000
ENDCHAR
STARTCHAR u33E3
ENCODING 13283
SWIDTH 1000 0
DWIDTH 16 0
BBX 16 16 0 -2
BITMAP
0000
0000
0000
08FC
1884
1884
2884
2884
28FC
4884
4884
7C84
0884
08FC
0000
0000
ENDCHAR
STARTCHAR u33E4
ENCODING 13284
SWIDTH 1000 0
DWIDTH 16 0
BBX 16 16 0 -2
BITMAP
0000
0000
0000
7CFC
4084
4084
4084
4084
78FC
0484
0484
0484
4484
38FC
0000
0000
ENDCHAR
STARTCHAR u33E5
ENCODING 13285
SWIDTH 1000 0
DWIDTH 16 0
BBX 16 16 0 -2
BITMAP
0000
0000
0000
38FC
4484
4084
4084
4084
78FC
4484
4484
4484
4484
38FC
0000
0000
ENDCHAR
STARTCHAR u33E6
ENCODING 13286
SWIDTH 1000 0
DWIDTH 16 0
BBX 16 16 0 -2
BITMAP
0000
0000
0000
7CFC
0484
0484
0884
0884
08FC
1084
1084
1084
1084
10FC
0000
0000
ENDCHAR
STARTCHAR u33E7
ENCODING 13287
SWIDTH 1000 0
DWIDTH 16 0
BBX 16 16 0 -2
BITMAP
0000
0000
0000
38FC
4484
4484
4484
4484
38FC
4484
4484
4484
4484
38FC
0000
0000
ENDCHAR
STARTCHAR u33E8
ENCODING 13288
SWIDTH 1000 0
DWIDTH 16 0
BBX 16 16 0 -2
BITMAP
0000
0000
0000
38FC
4484
4484
4484
4484
3CFC
0484
0484
0484
4484
38FC
0000
0000
ENDCHAR
STARTCHAR u33E9
ENCODING 13289
SWIDTH 1000 0
DWIDTH 16 0
BBX 16 16 0 -2
BITMAP
0000
0000
0000
463E
C922
4922
4922
4B22
4D3E
4922
4922
4922
4922
E63E
0000
0000
ENDCHAR
STARTCHAR u33EA
ENCODING 13290
SWIDTH 1000 0
DWIDTH 16 0
BBX 16 16 0 -2
BITMAP
0000
0000
0000
423E
C622
4222
4222
4222
423E
4222
4222
4222
4222
E73E
0000
0000
ENDCHAR
STARTCHAR u33EB
ENCODING 13291
SWIDTH 1000 0
DWIDTH 16 0
BBX 16 16 0 -2
BITMAP
0000
0000
0000
463E
C922
4122
4122
4122
423E
4222
4422
4422
4822
EF3E
0000
0000
ENDCHAR
STARTCHAR u33EC
ENCODING 13292
SWIDTH 1000 0
DWIDTH 16 0
BBX 16 16 0 -2
BITMAP
0000
0000
0000
463E
C922
4122
4122
4122
463E
4122
4122
4122
4922
E63E
0000
0000
ENDCHAR
STARTCHAR u33ED
ENCODING 13293
SWIDTH 1000 0
DWIDTH 16 0
BBX 16 16 0 -2
BITMAP
0000
0000
0000
413E
C322
4322
4522
4522
453E
4922
4922
4FA2
4122
E13E
0000
0000
ENDCHAR
STARTCHAR u33EE
ENCODING 13294
SWIDTH 1000 0
DWIDTH 16 0
BBX 16 16 0 -2
BITMAP
0000
0000
0000
4F3E
C822
4822
4822
4822
4E3E
4122
4122
4122
4922
E63E
0000
0000
ENDCHAR
STARTCHAR u33EF
ENCODING 13295
SWIDTH 1000 0
DWIDTH 16 0
BBX 16 16 0 -2
BITMAP
0000
0000
0000
463E
C922
4822
4822
4822
4E3E
4922
4922
4922
4922
E63E
0000
0000
ENDCHAR
STARTCHAR u33F0
ENCODING 13296
SWIDTH 1000 0
DWIDTH 16 0
BBX 16 16 0 -2
BITMAP
0000
0000
0000
4F3E
C122
4122
4122
4122
423E
4222
4222
4222
4222
E23E
0000
0000
ENDCHAR
STARTCHAR u33F1
ENCODING 13297
SWIDTH 1000 0
DWIDTH 16 0
BBX 16 16 0 -2
BITMAP
0000
0000
0000
463E
C922
4922
4922
4922
463E
4922
4922
4922
4922
E63E
0000
0000
ENDCHAR
STARTCHAR u33F2
ENCODING 13298
SWIDTH 1000 0
DWIDTH 16 0
BBX 16 16 0 -2
BITMAP
0000
0000
0000
463E
C922
4922
4922
4922
473E
4122
4122
4122
4922
E63E
0000
0000
ENDCHAR
STARTCHAR u33F3
ENCODING 13299
SWIDTH 1000 0
DWIDTH 16 0
BBX 16 16 0 -2
BITMAP
0000
0000
0000
633E
94A2
14A2
14A2
15A2
26BE
24A2
44A2
44A2
84A2
F33E
0000
0000
ENDCHAR
STARTCHAR u33F4
ENCODING 13300
SWIDTH 1000 0
DWIDTH 16 0
BBX 16 16 0 -2
BITMAP
0000
0000
0000
613E
9322
1122
1122
1122
213E
2122
4122
4122
8122
F3BE
0000
0000
ENDCHAR
STARTCHAR u33F5
ENCODING 13301
SWIDTH 1000 0
DWIDTH 16 0
BBX 16 16 0 -2
BITMAP
0000
0000
0000
633E
94A2
10A2
10A2
10A2
213E
2122
4222
4222
8422
F7BE
0000
0000
ENDCHAR
STARTCHAR u33F6
ENCODING 13302
SWIDTH 1000 0
DWIDTH 16 0
BBX 16 16 0 -2
BITMAP
0000
0000
0000
633E
94A2
10A2
10A2
10A2
233E
20A2
40A2
40A2
84A2
F33E
0000
0000
ENDCHAR
STARTCHAR u33F7
ENCODING 13303
SWIDTH 1000 0
DWIDTH 16 0
BBX 16 16 0 -2
BITMAP
0000
0000
0000
613E
9322
1322
1522
1522
253E
2522
4522
47A2
8122
F13E
0000
0000
ENDCHAR
STARTCHAR u33F8
ENCODING 13304
SWIDTH 1000 0
DWIDTH 16 0
BBX 16 16 0 -2
BITMAP
0000
0000
0000
67BE
9422
1422
1422
1422
273E
20A2
40A2
40A2
84A2
F33E
0000
0000
ENDCHAR
STARTCHAR u33F9
ENCODING 13305
SWIDTH 1000 0
DWIDTH 16 0
BBX 16 16 0 -2
BITMAP
0000
0000
0000
633E
94A2
1422
1422
1422
273E
24A2
44A2
44A2
84A2
F33E
0000
0000
ENDCHAR
STARTCHAR u33FA
ENCODING 13306
SWIDTH 1000 0
DWIDTH 16 0
BBX 16 16 0 -2
BITMAP
0000
0000
0000
67BE
90A2
10A2
10A2
10A2
213E
2122
4122
4122
8122
F13E
0000
0000
ENDCHAR
STARTCHAR u33FB
ENCODING 13307
SWIDTH 1000 0
DWIDTH 16 0
BBX 16 16 0 -2
BITMAP
0000
0000
0000
633E
94A2
14A2
14A2
14A2
233E
24A2
44A2
44A2
84A2
F33E
0000
0000
ENDCHAR
STARTCHAR u33FC
ENCODING 13308
SWIDTH 1000 0
DWIDTH 16 0
BBX 16 16 0 -2
BITMAP
0000
0000
0000
633E
94A2
14A2
14A2
14A2
23BE
20A2
40A2
40A2
84A2
F33E
0000
0000
ENDCHAR
STARTCHAR u33FD
ENCODING 13309
SWIDTH 1000 0
DWIDTH 16 0
BBX 16 16 0 -2
BITMAP
0000
0000
0000
633E
94A2
14A2
14A2
15A2
66BE
14A2
14A2
14A2
94A2
633E
0000
0000
ENDCHAR
STARTCHAR u33FE
ENCODING 13310
SWIDTH 1000 0
DWIDTH 16 0
BBX 16 16 0 -2
BITMAP
0000
0000
0000
613E
9322
1122
1122
1122
613E
1122
1122
1122
9122
63BE
0000
0000
ENDCHAR
STARTCHAR u3400
ENCODING 13312
SWIDTH 1000 0
DWIDTH 16 0
BBX 16 16 0 -2
BITMAP
0000
0820
0820
0820
0820
0820
0820
F83E
0820
0820
0820
0820
0820
0820
0820
FFFE
ENDCHAR
STARTCHAR u3403
ENCODING 13315
SWIDTH 1000 0
DWIDTH 16 0
BBX 16 16 0 -2
BITMAP
0000
0100
0280
0440
0820
1010
2008
4004
FFFE
0100
0100
0100
0100
0100
0100
0100
ENDCHAR
STARTCHAR u4E00
ENCODING 19968
SWIDTH 1000 0
DWIDTH 16 0
BBX 16 16 0 -2
BITMAP
0000
0000
0000
0000
0000
0000
0000
0000
FFFE
0000
0000
0000
0000
0000
0000
0000
ENDCHAR
STARTCHAR u4E01
ENCODING 19969
SWIDTH 1000 0
DWIDTH 16 0
BBX 16 16 0 -2
BITMAP
0000
FFFE
0100
0100
0100
0100
0100
0100
0100
0100
0100
0100
0100
0100
0100
0E00
ENDCHAR
STARTCHAR u4E04
ENCODING 19972
SWIDTH 1000 0
DWIDTH 16 0
BBX 16 16 0 -2
BITMAP
0000
0100
0100
0100
0100
0100
0100
0100
0100
0100
0100
0100
0100
0100
0100
FFFE
ENDCHAR
STARTCHAR u4E05
ENCODING 19973
SWIDTH 1000 0
DWIDTH 16 0
BBX 16 16 0 -2
BITMAP
0000
FFFE
0100
0100
0100
0100
0100
0100
0100
0100
0100
0100
0100
0100
0100
0100
ENDCHAR
STARTCHAR u4E07
ENCODING 19975
SWIDTH 1000 0
DWIDTH 16 0
BBX 16 16 0 -2
BITMAP
0000
FFFE
0400
0400
0400
0400
07F8
0408
0408
0808
0808
1008
1008
2008
4008
8070
ENDCHAR
STARTCHAR u4E08
ENCODING 19976
SWIDTH 1000 0
DWIDTH 16 0
BBX 16 16 0 -2
BITMAP
0000
0080
0080
0080
FFFE
0080
1080
1080
0880
0900
0500
0200
0300
04C0
1830
E00E
ENDCHAR
STARTCHAR u4E09
ENCODING 19977
SWIDTH 1000 0
DWIDTH 16 0
BBX 16 16 0 -2
BITMAP
0000
0000
7FFC
0000
0000
0000
0000
0000
3FF8
0000
0000
0000
0000
0000
FFFE
0000
ENDCHAR
STARTCHAR u4E0A
ENCODING 19978
SWIDTH 1000 0
DWIDTH 16 0
BBX 16 16 0 -2
BITMAP
0000
0100
0100
0100
0100
0100
0100
01FC
0100
0100
0100
0100
0100
0100
0100
FFFE
ENDCHAR
STARTCHAR u4E0B
ENCODING 19979
SWIDTH 1000 0
DWIDTH 16 0
BBX 16 16 0 -2
BITMAP
0000
FFFE
0100
0100
0100
0100
0140
0120
0110
0108
0108
0100
0100
0100
0100
0100
ENDCHAR
STARTCHAR u4E0C
ENCODING 19980
SWIDTH 1000 0
DWIDTH 16 0
BBX 16 16 0 -2
BITMAP
0000
FFFE
0820
0820
0820
0820
0820
0820
0820
1020
1020
1020
2020
2020
4020
8020
ENDCHAR
STARTCHAR u4E0D
ENCODING 19981
SWIDTH 1000 0
DWIDTH 16 0
BBX 16 16 0 -2
BITMAP
0000
FFFE
0080
0080
0100
0100
0340
0520
0910
3108
C104
0102
0100
0100
0100
0100
ENDCHAR
STARTCHAR u4E0E
ENCODING 19982
SWIDTH 1000 0
DWIDTH 16 0
BBX 16 16 0 -2
BITMAP
0000
1000
1000
1FFC
1000
2000
2000
3FFC
0004
0004
0004
FFC4
0004
0008
0008
00F0
ENDCHAR
STARTCHAR u4E14
ENCODING 19988
SWIDTH 1000 0
DWIDTH 16 0
BBX 16 16 0 -2
BITMAP
0000
1FF0
1010
1010
1010
1FF0
1010
1010
1010
1010
1FF0
1010
1010
1010
1010
FFFE
ENDCHAR
STARTCHAR u4E15
ENCODING 19989
SWIDTH 1000 0
DWIDTH 16 0
BBX 16 16 0 -2
BITMAP
0000
FFFE
0080
0080
0100
0100
0340
0520
0910
3108
C104
0102
0100
0100
0000
FFFE
ENDCHAR
STARTCHAR u4E28
ENCODING 20008
SWIDTH 1000 0
DWIDTH 16 0
BBX 16 16 0 -2
BITMAP
0000
0100
0100
0100
0100
0100
0100
0100
0100
0100
0100
0100
0100
0100
0100
0100
ENDCHAR
STARTCHAR u4E2A
ENCODING 20010
SWIDTH 1000 0
DWIDTH 16 0
BBX 16 16 0 -2
BITMAP
0000
0100
0280
0440
0820
3018
C106
0100
0100
0100
0100
0100
0100
0100
0100
0100
ENDCHAR
STARTCHAR u4E2B
ENCODING 20011
SWIDTH 1000 0
DWIDTH 16 0
BBX 16 16 0 -2
BITMAP
0000
2008
1010
0820
0440
0280
0100
0100
0100
0100
0100
0100
0100
0100
0100
0100
ENDCHAR
STARTCHAR u4E2D
ENCODING 20013
SWIDTH 1000 0
DWIDTH 16 0
BBX 16 16 0 -2
BITMAP
0000
0100
0100
0100
7FFC
4104
4104
4104
4104
4104
7FFC
0100
0100
0100
0100
0100
ENDCHAR
STARTCHAR u4E3B
ENCODING 20027
SWIDTH 1000 0
DWIDTH 16 0
BBX 16 16 0 -2
BITMAP
0000
0200
0100
0000
7FFC
0100
0100
0100
0100
3FF8
0100
0100
0100
0100
0100
FFFE
ENDCHAR
STARTCHAR u4E45
ENCODING 20037
SWIDTH 1000 0
DWIDTH 16 0
BBX 16 16 0 -2
BITMAP
0000
0400
0400
07E0
0820
0820
1040
2040
4080
0080
0140
0240
0420
0810
3008
C006
ENDCHAR
STARTCHAR u4E47
ENCODING 20039
SWIDTH 1000 0
DWIDTH 16 0
BBX 16 16 0 -2
BITMAP
0000
0000
01F8
7E00
0200
0200
0200
0200
03FE
FE00
0200
0200
0202
0202
0202
01FE
ENDCHAR
STARTCHAR u4E85
ENCODING 20101
SWIDTH 1000 0
DWIDTH 16 0
BBX 16 16 0 -2
BITMAP
0000
0100
0100
0100
0100
0100
0100
0100
0100
0100
0100
0100
0100
0100
0100
0E00
ENDCHAR
STARTCHAR u4E8B
ENCODING 20107
SWIDTH 1000 0
DWIDTH 16 0
BBX 16 16 0 -2
BITMAP
0000
0100
FFFE
0100
3FF8
2108
3FF8
0100
3FF8
0108
FFFE
0108
3FF8
0100
0100
0E00
ENDCHAR
STARTCHAR u4E8C
ENCODING 20108
SWIDTH 1000 0
DWIDTH 16 0
BBX 16 16 0 -2
BITMAP
0000
0000
0000
3FF8
0000
0000
0000
0000
0000
0000
0000
0000
0000
FFFE
0000
0000
ENDCHAR
STARTCHAR u4E8D
ENCODING 20109
SWIDTH 1000 0
DWIDTH 16 0
BBX 16 16 0 -2
BITMAP
0000
3FF8
0000
0000
0000
FFFE
0100
0100
0100
0100
0100
0100
0100
0100
0100
0E00
ENDCHAR
STARTCHAR u4E8E
ENCODING 20110
SWIDTH 1000 0
DWIDTH 16 0
BBX 16 16 0 -2
BITMAP
0000
3FF8
0100
0100
0100
0100
0100
FFFE
0100
0100
0100
0100
0100
0100
0100
0E00
ENDCHAR
STARTCHAR u4E95
ENCODING 20117
SWIDTH 1000 0
DWIDTH 16 0
BBX 16 16 0 -2
BITMAP
0000
0820
0820
0820
7FFC
0820
0820
0820
0820
FFFE
0820
0820
1020
1020
2020
C020
ENDCHAR
STARTCHAR u4E98
ENCODING 20120
SWIDTH 1000 0
DWIDTH 16 0
BBX 16 16 0 -2
BITMAP
0000
7FFC
0000
0000
1FF0
1010
1010
1010
1FF0
1010
1010
1010
1FF0
0000
0000
FFFE
ENDCHAR
STARTCHAR u4E9A
ENCODING 20122
SWIDTH 1000 0
DWIDTH 16 0
BBX 16 16 0 -2
BITMAP
0000
7FFC
0440
0440
0440
0440
4444
2444
2444
1448
1448
1450
0440
0440
0440
FFFE
ENDCHAR
STARTCHAR u4E9C
ENCODING 20124
SWIDTH 1000 0
DWIDTH 16 0
BBX 16 16 0 -2
BITMAP
0000
7FFC
0440
0440
0440
7FFC
4444
4444
4444
4444
7FFC
0440
0440
0440
0440
FFFE
ENDCHAR
STARTCHAR u4E9E
ENCODING 20126
SWIDTH 1000 0
DWIDTH 16 0
BBX 16 16 0 -2
BITMAP
0000
7FFC
0440
0440
0440
7C7C
4004
4004
4004
4004
7C7C
0440
0440
0440
0440
FFFE
ENDCHAR
STARTCHAR u4EA0
ENCODING 20128
SWIDTH 1000 0
DWIDTH 16 0
BBX 16 16 0 -2
BITMAP
0000
0200
0100
0100
FFFE
0000
0000
0000
0000
0000
0000
0000
0000
0000
0000
0000
ENDCHAR
STARTCHAR u4EA1
ENCODING 20129
SWIDTH 1000 0
DWIDTH 16 0
BBX 16 16 0 -2
BITMAP
0000
0200
0100
0100
0000
FFFE
1000
1000
1000
1000
1000
1000
1000
1000
1000
1FFC
ENDCHAR
STARTCHAR u4EA9
ENCODING 20137
SWIDTH 1000 0
DWIDTH 16 0
BBX 16 16 0 -2
BITMAP
0000
0200
0100
FFFE
0000
0000
7FFC
4104
4104
4104
7FFC
4104
4104
4104
4104
7FFC
ENDCHAR
STARTCHAR u4EAC
ENCODING 20140
SWIDTH 1000 0
DWIDTH 16 0
BBX 16 16 0 -2
BITMAP
0000
0200
0100
FFFE
0000
3FF8
2008
2008
2008
3FF8
0100
1110
2108
4104
8102
0E00
ENDCHAR
STARTCHAR u4EAD
ENCODING 20141
SWIDTH 1000 0
DWIDTH 16 0
BBX 16 16 0 -2
BITMAP
0000
0200
0100
FFFE
0000
1FF0
1010
1FF0
0000
FFFE
8002
BFFA
0100
0100
0100
0E00
ENDCHAR
STARTCHAR u4EAE
ENCODING 20142
SWIDTH 1000 0
DWIDTH 16 0
BBX 16 16 0 -2
BITMAP
0000
0100
FFFE
0000
1FF0
1010
1FF0
0000
FFFE
8002
8822
0820
0820
1022
2022
C03E
ENDCHAR
STARTCHAR u4EB0
ENCODING 20144
SWIDTH 1000 0
DWIDTH 16 0
BBX 16 16 0 -2
BITMAP
0000
0200
0100
FFFE
0000
3FF8
2008
3FF8
2008
2008
3FF8
0100
1118
2104
C102
0E00
ENDCHAR
STARTCHAR u4EBA
ENCODING 20154
SWIDTH 1000 0
DWIDTH 16 0
BBX 16 16 0 -2
BITMAP
0000
0100
0100
0100
0100
0100
0100
0280
0280
0280
0440
0440
0820
1010
2008
C006
ENDCHAR
STARTCHAR u4EBB
ENCODING 20155
SWIDTH 1000 0
DWIDTH 16 0
BBX 16 16 0 -2
BITMAP
0000
0800
0800
0800
1000
1000
3000
5000
9000
1000
1000
1000
1000
1000
1000
1000
ENDCHAR
STARTCHAR u4EC0
ENCODING 20160
SWIDTH 1000 0
DWIDTH 16 0
BBX 16 16 0 -2
BITMAP
0000
0820
0820
0820
1020
1020
3020
53FE
9020
1020
1020
1020
1020
1020
1020
1020
ENDCHAR
STARTCHAR u4EC1
ENCODING 20161
SWIDTH 1000 0
DWIDTH 16 0
BBX 16 16 0 -2
BITMAP
0000
0800
0800
0BFC
1000
1000
3000
5000
9000
1000
1000
1000
1000
17FE
1000
1000
ENDCHAR
STARTCHAR u4F1E
ENCODING 20254
SWIDTH 1000 0
DWIDTH 16 0
BBX 16 16 0 -2
BITMAP
0000
0100
0280
0440
0820
3018
C106
1110
0910
0920
0100
FFFE
0100
0100
0100
0100
ENDCHAR
STARTCHAR u500B
ENCODING 20491
SWIDTH 1000 0
DWIDTH 16 0
BBX 16 16 0 -2
BITMAP
0000
17FC
1404
1444
2444
25F4
6444
A444
2444
25F4
2514
2514
2514
25F4
2404
27FC
ENDCHAR
STARTCHAR u5029
ENCODING 20521
SWIDTH 1000 0
DWIDTH 16 0
BBX 16 16 0 -2
BITMAP
0000
1040
17FC
1040
23F8
2040
6FFE
A000
23F8
2208
23F8
2208
23F8
2208
2208
2238
ENDCHAR
STARTCHAR u5098
ENCODING 20632
SWIDTH 1000 0
DWIDTH 16 0
BBX 16 16 0 -2
BITMAP
0000
0100
0280
0C60
3018
C106
1110
1110
2928
5554
1110
2928
4544
FFFE
0100
0100
ENDCHAR
STARTCHAR u513F
ENCODING 20799
SWIDTH 1000 0
DWIDTH 16 0
BBX 16 16 0 -2
BITMAP
0000
0820
0820
0820
0820
0820
0820
0820
0820
0820
0820
1020
1022
2022
4022
803E
ENDCHAR
STARTCHAR u5152
ENCODING 20818
SWIDTH 1000 0
DWIDTH 16 0
BBX 16 16 0 -2
BITMAP
0000
0400
3878
2008
2008
3C78
2008
2008
2008
3FF8
0440
0440
0440
0842
3042
C07E
ENDCHAR
STARTCHAR u5168
ENCODING 20840
SWIDTH 1000 0
DWIDTH 16 0
BBX 16 16 0 -2
BITMAP
0000
0100
0280
0440
0820
3018
C006
3FF8
0100
0100
0100
3FF8
0100
0100
0100
FFFE
ENDCHAR
STARTCHAR u5176
ENCODING 20854
SWIDTH 1000 0
DWIDTH 16 0
BBX 16 16 0 -2
BITMAP
0000
1010
1010
7FFC
1010
1010
1FF0
1010
1FF0
1010
1010
FFFE
0000
0820
3018
C006
ENDCHAR
STARTCHAR u5177
ENCODING 20855
SWIDTH 1000 0
DWIDTH 16 0
BBX 16 16 0 -2
BITMAP
0000
1FF0
1010
1010
1FF0
1010
1FF0
1010
1FF0
1010
1010
FFFE
0000
0820
3018
C006
ENDCHAR
STARTCHAR u5178
ENCODING 20856
SWIDTH 1000 0
DWIDTH 16 0
BBX 16 16 0 -2
BITMAP
0000
0440
0440
3FF8
2448
2448
2448
3FF8
2448
2448
2448
FFFE
0000
0820
3018
C006
ENDCHAR
STARTCHAR u5182
ENCODING 20866
SWIDTH 1000 0
DWIDTH 16 0
BBX 16 16 0 -2
BITMAP
0000
7FFC
4004
4004
4004
4004
4004
4004
4004
4004
4004
4004
4004
4004
4004
401C
ENDCHAR
STARTCHAR u5186
ENCODING 20870
SWIDTH 1000 0
DWIDTH 16 0
BBX 16 16 0 -2
BITMAP
0000
7FFC
4104
4104
4104
4104
4104
7FFC
4004
4004
4004
4004
4004
4004
4004
401C
ENDCHAR
STARTCHAR u5341
ENCODING 21313
SWIDTH 1000 0
DWIDTH 16 0
BBX 16 16 0 -2
BITMAP
0000
0100
0100
0100
0100
0100
0100
FFFE
0100
0100
0100
0100
0100
0100
0100
0100
ENDCHAR
STARTCHAR u5344
ENCODING 21316
SWIDTH 1000 0
DWIDTH 16 0
BBX 16 16 0 -2
BITMAP
0000
0820
0820
0820
0820
0820
0820
FFFE
0820
0820
0820
0820
0820
0820
0820
0820
ENDCHAR
STARTCHAR u5345
ENCODING 21317
SWIDTH 1000 0
DWIDTH 16 0
BBX 16 16 0 -2
BITMAP
0000
1010
1110
1110
1110
1110
1110
FFFE
1110
1110
1110
1110
2110
2110
4110
8010
ENDCHAR
STARTCHAR u5568
ENCODING 21864
SWIDTH 1000 0
DWIDTH 16 0
BBX 16 16 0 -2
BITMAP
0000
0040
F7FC
9040
93F8
9040
9FFE
9000
93F8
9208
93F8
F208
03F8
0208
0208
0238
ENDCHAR
STARTCHAR u56F0
ENCODING 22256
SWIDTH 1000 0
DWIDTH 16 0
BBX 16 16 0 -2
BITMAP
0000
7FFC
4004
4104
4104
5FF4
4104
4104
4384
4544
4924
5114
4104
4104
4004
7FFC
ENDCHAR
STARTCHAR u56FA
ENCODING 22266
SWIDTH 1000 0
DWIDTH 16 0
BBX 16 16 0 -2
BITMAP
0000
7FFC
4004
4104
4104
5FF4
4104
4104
4104
4FE4
4824
4824
4824
4FE4
4004
7FFC
ENDCHAR
STARTCHAR u5802
ENCODING 22530
SWIDTH 1000 0
DWIDTH 16 0
BBX 16 16 0 -2
BITMAP
0000
2108
1110
0920
FFFE
8002
9FF2
1010
1010
1FF0
0100
0100
3FF8
0100
0100
FFFE
ENDCHAR
STARTCHAR u5C0B
ENCODING 23563
SWIDTH 1000 0
DWIDTH 16 0
BBX 16 16 0 -2
BITMAP
0000
3FF8
0008
FFFE
0008
3FF8
0000
7EFC
0884
7EFC
0010
FFFE
0010
1810
0410
00E0
ENDCHAR
STARTCHAR u60C5
ENCODING 24773
SWIDTH 1000 0
DWIDTH 16 0
BBX 16 16 0 -2
BITMAP
0000
2040
27FC
2040
B3F8
A840
A7FE
A000
23F8
2208
23F8
2208
23F8
2208
2208
2238
ENDCHAR
STARTCHAR u6587
ENCODING 25991
SWIDTH 1000 0
DWIDTH 16 0
BBX 16 16 0 -2
BITMAP
0000
0200
0100
0100
FFFE
1010
1010
0820
0820
0440
0280
0100
0280
0C60
3018
C006
ENDCHAR
STARTCHAR u65E5
ENCODING 26085
SWIDTH 1000 0
DWIDTH 16 0
BBX 16 16 0 -2
BITMAP
0000
1FF0
1010
1010
1010
1010
1010
1010
1FF0
1010
1010
1010
1010
1010
1010
1FF0
ENDCHAR
STARTCHAR u65E6
ENCODING 26086
SWIDTH 1000 0
DWIDTH 16 0
BBX 16 16 0 -2
BITMAP
0000
0000
1FF0
1010
1010
1010
1010
1FF0
1010
1010
1010
1010
1FF0
0000
0000
FFFE
ENDCHAR
STARTCHAR u6674
ENCODING 26228
SWIDTH 1000 0
DWIDTH 16 0
BBX 16 16 0 -2
BITMAP
0000
0040
F7FC
9040
93F8
9040
9FFE
F000
93F8
9208
93F8
9208
F3F8
0208
0208
0238
ENDCHAR
STARTCHAR u66F8
ENCODING 26360
SWIDTH 1000 0
DWIDTH 16 0
BBX 16 16 0 -2
BITMAP
0000
0100
3FF8
0108
FFFE
0108
3FF8
0100
7FFC
0100
FFFE
2008
3FF8
2008
2008
3FF8
ENDCHAR
STARTCHAR u66F9
ENCODING 26361
SWIDTH 1000 0
DWIDTH 16 0
BBX 16 16 0 -2
BITMAP
0000
0440
FFFE
0440
3FF8
2448
3FF8
2448
3FF8
0000
1FF0
1010
1FF0
1010
1010
1FF0
ENDCHAR
STARTCHAR u66FA
ENCODING 26362
SWIDTH 1000 0
DWIDTH 16 0
BBX 16 16 0 -2
BITMAP
0000
0100
FFFE
0100
3FF8
2108
3FF8
2108
3FF8
0000
1FF0
1010
1FF0
1010
1010
1FF0
ENDCHAR
STARTCHAR u66FF
ENCODING 26367
SWIDTH 1000 0
DWIDTH 16 0
BBX 16 16 0 -2
BITMAP
0000
0820
0820
7EFC
0820
FEFE
0820
1450
2288
DFF6
1010
1010
1FF0
1010
1010
1FF0
ENDCHAR
STARTCHAR u6797
ENCODING 26519
SWIDTH 1000 0
DWIDTH 16 0
BBX 16 16 0 -2
BITMAP
0000
1020
1020
1020
FDFE
1020
1020
3870
3870
54A8
54A8
9124
1222
1020
1020
1020
ENDCHAR
STARTCHAR u679C
ENCODING 26524
SWIDTH 1000 0
DWIDTH 16 0
BBX 16 16 0 -2
BITMAP
0000
3FF8
2108
2108
3FF8
2108
2108
3FF8
0100
0100
FFFE
0540
0920
3118
C106
0100
ENDCHAR
STARTCHAR u731C
ENCODING 29468
SWIDTH 1000 0
DWIDTH 16 0
BBX 16 16 0 -2
BITMAP
0000
8840
57FC
2040
53F8
9040
1FFE
1000
33F8
5208
93F8
1208
13F8
1208
1208
E238
ENDCHAR
STARTCHAR u767D
ENCODING 30333
SWIDTH 1000 0
DWIDTH 16 0
BBX 16 16 0 -2
BITMAP
0000
0100
0200
0400
3FF8
2008
2008
2008
2008
3FF8
2008
2008
2008
2008
2008
3FF8
ENDCHAR
STARTCHAR u767E
ENCODING 30334
SWIDTH 1000 0
DWIDTH 16 0
BBX 16 16 0 -2
BITMAP
0000
FFFE
0100
0200
0400
3FF8
2008
2008
2008
2008
3FF8
2008
2008
2008
2008
3FF8
ENDCHAR
STARTCHAR u76EE
ENCODING 30446
SWIDTH 1000 0
DWIDTH 16 0
BBX 16 16 0 -2
BITMAP
0000
3FF8
2008
2008
2008
3FF8
2008
2008
2008
2008
3FF8
2008
2008
2008
2008
3FF8
ENDCHAR
STARTCHAR u76F4
ENCODING 30452
SWIDTH 1000 0
DWIDTH 16 0
BBX 16 16 0 -2
BITMAP
0000
0100
0100
7FFC
0200
1FF0
1010
1010
1FF0
1010
1FF0
1010
1FF0
1010
1010
FFFE
ENDCHAR
STARTCHAR u76F8
ENCODING 30456
SWIDTH 1000 0
DWIDTH 16 0
BBX 16 16 0 -2
BITMAP
0000
1000
11FE
1102
1102
FD02
11FE
3102
3902
5502
5102
91FE
1102
1102
1102
11FE
ENDCHAR
STARTCHAR u800C
ENCODING 32780
SWIDTH 1000 0
DWIDTH 16 0
BBX 16 16 0 -2
BITMAP
0000
0000
FFFE
0100
0100
0200
7FFC
4444
4444
4444
4444
4444
4444
4444
4444
401C
ENDCHAR
STARTCHAR u884C
ENCODING 34892
SWIDTH 1000 0
DWIDTH 16 0
BBX 16 16 0 -2
BITMAP
0000
1000
13FC
2000
4000
9000
1000
27FE
6010
A010
2010
2010
2010
2010
2010
2060
ENDCHAR
STARTCHAR u8BF7
ENCODING 35831
SWIDTH 1000 0
DWIDTH 16 0
BBX 16 16 0 -2
BITMAP
0000
4040
27FC
2040
03F8
0040
EFFE
2000
23F8
2208
23F8
2208
23F8
2A08
3208
2238
ENDCHAR
STARTCHAR u8ECA
ENCODING 36554
SWIDTH 1000 0
DWIDTH 16 0
BBX 16 16 0 -2
BITMAP
0000
0100
0100
7FFC
0100
3FF8
2108
2108
3FF8
2108
2108
3FF8
0100
FFFE
0100
0100
ENDCHAR
STARTCHAR u91CC
ENCODING 37324
SWIDTH 1000 0
DWIDTH 16 0
BBX 16 16 0 -2
BITMAP
0000
3FF8
2108
2108
2108
3FF8
2108
2108
2108
3FF8
0100
0100
7FFC
0100
0100
FFFE
ENDCHAR
STARTCHAR u91CD
ENCODING 37325
SWIDTH 1000 0
DWIDTH 16 0
BBX 16 16 0 -2
BITMAP
0000
0038
3FC0
0100
FFFE
0100
3FF8
2108
3FF8
2108
2108
3FF8
0100
7FFC
0100
FFFE
ENDCHAR
STARTCHAR u91CF
ENCODING 37327
SWIDTH 1000 0
DWIDTH 16 0
BBX 16 16 0 -2
BITMAP
0000
3FF8
2008
3FF8
2008
3FF8
0000
FFFE
2108
3FF8
2108
3FF8
0100
7FFC
0100
FFFE
ENDCHAR
STARTCHAR u91D1
ENCODING 37329
SWIDTH 1000 0
DWIDTH 16 0
BBX 16 16 0 -2
BITMAP
0000
0100
0280
0440
0820
3018
DFF6
0100
0100
0100
7FFC
0100
2108
1108
1110
FFFE
ENDCHAR
STARTCHAR u9306
ENCODING 37638
SWIDTH 1000 0
DWIDTH 16 0
BBX 16 16 0 -2
BITMAP
0000
1020
2BFE
2420
41FC
B820
13FE
1000
FDFC
1104
95FC
5904
51FC
1D04
E104
011C
ENDCHAR
STARTCHAR u9580
ENCODING 38272
SWIDTH 1000 0
DWIDTH 16 0
BBX 16 16 0 -2
BITMAP
0000
7C7C
4444
4444
7C7C
4444
4444
7C7C
4004
4004
4004
4004
4004
4004
4004
401C
ENDCHAR
STARTCHAR u9583
ENCODING 38275
SWIDTH 1000 0
DWIDTH 16 0
BBX 16 16 0 -2
BITMAP
0000
7C7C
4444
4444
7C7C
4444
4444
7C7C
4104
4104
4104
4284
4444
5834
4004
401C
ENDCHAR
STARTCHAR u9588
ENCODING 38280
SWIDTH 1000 0
DWIDTH 16 0
BBX 16 16 0 -2
BITMAP
0000
7C7C
4444
4444
7C7C
4444
4444
7C7C
4004
4FE4
4104
4104
5FF4
4104
4104
411C
ENDCHAR
STARTCHAR u9751
ENCODING 38737
SWIDTH 1000 0
DWIDTH 16 0
BBX 16 16 0 -2
BITMAP
0000
0100
7FFC
0100
3FF8
0100
FFFE
0000
1FF0
1110
1110
1FF0
1010
1010
1010
1070
ENDCHAR
STARTCHAR u9752
ENCODING 38738
SWIDTH 1000 0
DWIDTH 16 0
BBX 16 16 0 -2
BITMAP
0000
0100
7FFC
0100
3FF8
0100
FFFE
0000
1FF0
1010
1FF0
1010
1FF0
1010
1010
1070
ENDCHAR
STARTCHAR u9762
ENCODING 38754
SWIDTH 1000 0
DWIDTH 16 0
BBX 16 16 0 -2
BITMAP
0000
FFFE
0100
0200
0400
7FFC
4444
4444
47C4
4444
4444
4444
47C4
4444
4444
7FFC
ENDCHAR
STARTCHAR u9769
ENCODING 38761
SWIDTH 1000 0
DWIDTH 16 0
BBX 16 16 0 -2
BITMAP
0000
0820
0820
7FFC
0820
0FE0
0100
3FF8
2108
2108
3FF8
0100
FFFE
0100
0100
0100
ENDCHAR
STARTCHAR u9996
ENCODING 39318
SWIDTH 1000 0
DWIDTH 16 0
BBX 16 16 0 -2
BITMAP
0000
1010
0820
FFFE
0200
0400
3FF8
2008
2008
3FF8
2008
2008
3FF8
2008
2008
3FF8
ENDCHAR
STARTCHAR u9999
ENCODING 39321
SWIDTH 1000 0
DWIDTH 16 0
BBX 16 16 0 -2
BITMAP
0000
0078
3F80
0100
0100
FFFE
0540
0920
3118
DFF6
1010
1010
1FF0
1010
1010
1FF0
ENDCHAR
STARTCHAR uA726
ENCODING 42790
SWIDTH 500 0
DWIDTH 8 0
BBX 8 24 0 -6
BITMAP
00
00
00
00
00
00
00
82
82
82
82
82
FE
82
82
82
82
82
02
0C
00
00
00
00
ENDCHAR
STARTCHAR uA727
ENCODING 42791
SWIDTH 438 0
DWIDTH 7 0
BBX 7 24 0 -6
BITMAP
00
00
00
00
00
00
00
80
80
80
B8
C4
84
84
84
84
84
84
04
18
00
00
00
00
ENDCHAR
STARTCHAR uA73E
ENCODING 42814
SWIDTH 500 0
DWIDTH 8 0
BBX 8 24 0 -6
BITMAP
00
00
00
00
00
00
00
78
84
02
02
02
12
02
02
02
84
78
00
00
00
00
00
00
ENDCHAR
STARTCHAR uA73F
ENCODING 42815
SWIDTH 438 0
DWIDTH 7 0
BBX 7 24 0 -6
BITMAP
00
00
00
00
00
00
00
00
00
00
78
84
04
24
04
04
84
78
00
00
00
00
00
00
ENDCHAR
STARTCHAR uA740
ENCODING 42816
SWIDTH 563 0
DWIDTH 9 0
BBX 9 24 0 -6
BITMAP
0000
0000
0000
0000
0000
0000
0000
4100
F200
4400
4800
5000
6000
5000
4800
4400
4200
4100
0000
0000
0000
0000
0000
0000
ENDCHAR
STARTCHAR uA741
ENCODING 42817
SWIDTH 500 0
DWIDTH 8 0
BBX 8 24 0 -6
BITMAP
00
00
00
00
00
00
00
40
F0
40
42
44
58
60
50
48
44
42
00
00
00
00
00
00
ENDCHAR
STARTCHAR uA7FA
ENCODING 43002
SWIDTH 625 0
DWIDTH 10 0
BBX 10 24 0 -6
BITMAP
0000
0000
0000
0000
0000
0000
0000
0000
0000
0000
8880
8880
8880
8880
8880
8880
8880
FF80
0000
0000
0000
0000
0000
0000
ENDCHAR
STARTCHAR uE000
ENCODING 57344
SWIDTH 1000 0
DWIDTH 16 0
BBX 16 16 0 -2
BITMAP
0000
0000
07C0
0440
0440
0440
7C7C
4004
4004
4004
7C7C
0440
0440
0440
07C0
0000
ENDCHAR
STARTCHAR uE001
ENCODING 57345
SWIDTH 1000 0
DWIDTH 16 0
BBX 16 16 0 -2
BITMAP
0000
0000
07C0
0440
0540
0440
7C7C
4004
4004
4004
7C7C
0440
0440
0440
07C0
0000
ENDCHAR
STARTCHAR uE002
ENCODING 57346
SWIDTH 1000 0
DWIDTH 16 0
BBX 16 16 0 -2
BITMAP
0000
0000
07C0
0440
0440
0440
7C7C
4004
4004
4004
7C7C
0440
0540
0440
07C0
0000
ENDCHAR
STARTCHAR uE003
ENCODING 57347
SWIDTH 1000 0
DWIDTH 16 0
BBX 16 16 0 -2
BITMAP
0000
0000
07C0
0440
0440
0440
7C7C
4004
5004
4004
7C7C
0440
0440
0440
07C0
0000
ENDCHAR
STARTCHAR uE004
ENCODING 57348
SWIDTH 1000 0
DWIDTH 16 0
BBX 16 16 0 -2
BITMAP
0000
0000
07C0
0440
0440
0440
7C7C
4004
4014
4004
7C7C
0440
0440
0440
07C0
0000
ENDCHAR
STARTCHAR uE005
ENCODING 57349
SWIDTH 1000 0
DWIDTH 16 0
BBX 16 16 0 -2
BITMAP
0000
0000
07C0
0440
0540
0440
7C7C
4004
4004
4004
7C7C
0440
0540
0440
07C0
0000
ENDCHAR
STARTCHAR uE006
ENCODING 57350
SWIDTH 1000 0
DWIDTH 16 0
BBX 16 16 0 -2
BITMAP
0000
0000
07C0
0440
0440
0440
7C7C
4004
5014
4004
7C7C
0440
0440
0440
07C0
0000
ENDCHAR
STARTCHAR uE007
ENCODING 57351
SWIDTH 1000 0
DWIDTH 16 0
BBX 16 16 0 -2
BITMAP
0000
0000
07C0
0440
0540
0440
7C7C
4004
5004
4004
7C7C
0440
0440
0440
07C0
0000
ENDCHAR
STARTCHAR uE008
ENCODING 57352
SWIDTH 1000 0
DWIDTH 16 0
BBX 16 16 0 -2
BITMAP
0000
0000
07C0
0440
0540
0440
7C7C
4004
4014
4004
7C7C
0440
0440
0440
07C0
0000
ENDCHAR
STARTCHAR uE009
ENCODING 57353
SWIDTH 1000 0
DWIDTH 16 0
BBX 16 16 0 -2
BITMAP
0000
0000
07C0
0440
0440
0440
7C7C
4004
5004
4004
7C7C
0440
0540
0440
07C0
0000
ENDCHAR
STARTCHAR uE00A
ENCODING 57354
SWIDTH 1000 0
DWIDTH 16 0
BBX 16 16 0 -2
BITMAP
0000
0000
07C0
0440
0440
0440
7C7C
4004
4014
4004
7C7C
0440
0540
0440
07C0
0000
ENDCHAR
STARTCHAR uE00B
ENCODING 57355
SWIDTH 1000 0
DWIDTH 16 0
BBX 16 16 0 -2
BITMAP
0000
0000
07C0
0440
0540
0440
7C7C
4004
5014
4004
7C7C
0440
0440
0440
07C0
0000
ENDCHAR
STARTCHAR uE00C
ENCODING 57356
SWIDTH 1000 0
DWIDTH 16 0
BBX 16 16 0 -2
BITMAP
0000
0000
07C0
0440
0440
0440
7C7C
4004
5014
4004
7C7C
0440
0540
0440
07C0
0000
ENDCHAR
STARTCHAR uE00D
ENCODING 57357
SWIDTH 1000 0
DWIDTH 16 0
BBX 16 16 0 -2
BITMAP
0000
0000
07C0
0440
0540
0440
7C7C
4004
5004
4004
7C7C
0440
0540
0440
07C0
0000
ENDCHAR
STARTCHAR uE00E
ENCODING 57358
SWIDTH 1000 0
DWIDTH 16 0
BBX 16 16 0 -2
BITMAP
0000
0000
07C0
0440
0540
0440
7C7C
4004
4014
4004
7C7C
0440
0540
0440
07C0
0000
ENDCHAR
STARTCHAR uE00F
ENCODING 57359
SWIDTH 1000 0
DWIDTH 16 0
BBX 16 16 0 -2
BITMAP
0000
0000
07C0
0440
0540
0440
7C7C
4004
5014
4004
7C7C
0440
0540
0440
07C0
0000
ENDCHAR
STARTCHAR uE010
ENCODING 57360
SWIDTH 1000 0
DWIDTH 16 0
BBX 16 16 0 -2
BITMAP
0000
0000
07C0
07C0
07C0
07C0
7FFC
7FFC
7FFC
7FFC
7FFC
07C0
07C0
07C0
07C0
0000
ENDCHAR
STARTCHAR uE011
ENCODING 57361
SWIDTH 1000 0
DWIDTH 16 0
BBX 16 16 0 -2
BITMAP
0000
0000
07C0
07C0
06C0
07C0
7FFC
7FFC
7FFC
7FFC
7FFC
07C0
07C0
07C0
07C0
0000
ENDCHAR
STARTCHAR uE012
ENCODING 57362
SWIDTH 1000 0
DWIDTH 16 0
BBX 16 16 0 -2
BITMAP
0000
0000
07C0
07C0
07C0
07C0
7FFC
7FFC
7FFC
7FFC
7FFC
07C0
06C0
07C0
07C0
0000
ENDCHAR
STARTCHAR uE013
ENCODING 57363
SWIDTH 1000 0
DWIDTH 16 0
BBX 16 16 0 -2
BITMAP
0000
0000
07C0
07C0
07C0
07C0
7FFC
7FFC
6FFC
7FFC
7FFC
07C0
07C0
07C0
07C0
0000
ENDCHAR
STARTCHAR uE014
ENCODING 57364
SWIDTH 1000 0
DWIDTH 16 0
BBX 16 16 0 -2
BITMAP
0000
0000
07C0
07C0
07C0
07C0
7FFC
7FFC
7FEC
7FFC
7FFC
07C0
07C0
07C0
07C0
0000
ENDCHAR
STARTCHAR uE015
ENCODING 57365
SWIDTH 1000 0
DWIDTH 16 0
BBX 16 16 0 -2
BITMAP
0000
0000
07C0
07C0
06C0
07C0
7FFC
7FFC
7FFC
7FFC
7FFC
07C0
06C0
07C0
07C0
0000
ENDCHAR
STARTCHAR uE016
ENCODING 57366
SWIDTH 1000 0
DWIDTH 16 0
BBX 16 16 0 -2
BITMAP
0000
0000
07C0
07C0
07C0
07C0
7FFC
7FFC
6FEC
7FFC
7FFC
07C0
07C0
07C0
07C0
0000
ENDCHAR
STARTCHAR uE017
ENCODING 57367
SWIDTH 1000 0
DWIDTH 16 0
BBX 16 16 0 -2
BITMAP
0000
0000
07C0
07C0
06C0
07C0
7FFC
7FFC
6FFC
7FFC
7FFC
07C0
07C0
07C0
07C0
0000
ENDCHAR
STARTCHAR uE018
ENCODING 57368
SWIDTH 1000 0
DWIDTH 16 0
BBX 16 16 0 -2
BITMAP
0000
0000
07C0
07C0
06C0
07C0
7FFC
7FFC
7FEC
7FFC
7FFC
07C0
07C0
07C0
07C0
0000
ENDCHAR
STARTCHAR uE019
ENCODING 57369
SWIDTH 1000 0
DWIDTH 16 0
BBX 16 16 0 -2
BITMAP
0000
0000
07C0
07C0
07C0
07C0
7FFC
7FFC
6FFC
7FFC
7FFC
07C0
06C0
07C0
07C0
0000
ENDCHAR
STARTCHAR uE01A
ENCODING 57370
SWIDTH 1000 0
DWIDTH 16 0
BBX 16 16 0 -2
BITMAP
0000
0000
07C0
07C0
07C0
07C0
7FFC
7FFC
7FEC
7FFC
7FFC
07C0
06C0
07C0
07C0
0000
ENDCHAR
STARTCHAR uE01B
ENCODING 57371
SWIDTH 1000 0
DWIDTH 16 0
BBX 16 16 0 -2
BITMAP
0000
0000
07C0
07C0
06C0
07C0
7FFC
7FFC
6FEC
7FFC
7FFC
07C0
07C0
07C0
07C0
0000
ENDCHAR
STARTCHAR uE01C
ENCODING 57372
SWIDTH 1000 0
DWIDTH 16 0
BBX 16 16 0 -2
BITMAP
0000
0000
07C0
07C0
07C0
07C0
7FFC
7FFC
6FEC
7FFC
7FFC
07C0
06C0
07C0
07C0
0000
ENDCHAR
STARTCHAR uE01D
ENCODING 57373
SWIDTH 1000 0
DWIDTH 16 0
BBX 16 16 0 -2
BITMAP
0000
0000
07C0
07C0
06C0
07C0
7FFC
7FFC
6FFC
7FFC
7FFC
07C0
06C0
07C0
07C0
0000
ENDCHAR
STARTCHAR uE01E
ENCODING 57374
SWIDTH 1000 0
DWIDTH 16 0
BBX 16 16 0 -2
BITMAP
0000
0000
07C0
07C0
06C0
07C0
7FFC
7FFC
7FEC
7FFC
7FFC
07C0
06C0
07C0
07C0
0000
ENDCHAR
STARTCHAR uE01F
ENCODING 57375
SWIDTH 1000 0
DWIDTH 16 0
BBX 16 16 0 -2
BITMAP
0000
0000
07C0
07C0
06C0
07C0
7FFC
7FFC
6FEC
7FFC
7FFC
07C0
06C0
07C0
07C0
0000
ENDCHAR
STARTCHAR uE020
ENCODING 57376
SWIDTH 1000 0
DWIDTH 16 0
BBX 16 16 0 -2
BITMAP
0000
0000
07C0
0440
0440
0280
711C
4824
4444
4824
711C
0280
0440
0440
07C0
0000
ENDCHAR
STARTCHAR uE021
ENCODING 57377
SWIDTH 1000 0
DWIDTH 16 0
BBX 16 16 0 -2
BITMAP
0000
0000
07C0
07C0
07C0
0380
711C
4824
4444
4824
711C
0280
0440
0440
07C0
0000
ENDCHAR
STARTCHAR uE022
ENCODING 57378
SWIDTH 1000 0
DWIDTH 16 0
BBX 16 16 0 -2
BITMAP
0000
0000
07C0
0440
0440
0280
711C
4824
4444
4824
711C
0380
07C0
07C0
07C0
0000
ENDCHAR
STARTCHAR uE023
ENCODING 57379
SWIDTH 1000 0
DWIDTH 16 0
BBX 16 16 0 -2
BITMAP
0000
0000
07C0
0440
0440
0280
711C
7824
7C44
7824
711C
0280
0440
0440
07C0
0000
ENDCHAR
STARTCHAR uE024
ENCODING 57380
SWIDTH 1000 0
DWIDTH 16 0
BBX 16 16 0 -2
BITMAP
0000
0000
07C0
0440
0440
0280
711C
483C
447C
483C
711C
0280
0440
0440
07C0
0000
ENDCHAR
STARTCHAR uE025
ENCODING 57381
SWIDTH 1000 0
DWIDTH 16 0
BBX 16 16 0 -2
BITMAP
0000
0000
07C0
07C0
07C0
0380
711C
4824
4444
4824
711C
0380
07C0
07C0
07C0
0000
ENDCHAR
STARTCHAR uE026
ENCODING 57382
SWIDTH 1000 0
DWIDTH 16 0
BBX 16 16 0 -2
BITMAP
0000
0000
07C0
0440
0440
0280
711C
783C
7C7C
783C
711C
0280
0440
0440
07C0
0000
ENDCHAR
STARTCHAR uE027
ENCODING 57383
SWIDTH 1000 0
DWIDTH 16 0
BBX 16 16 0 -2
BITMAP
0000
0000
07C0
07C0
07C0
0380
711C
7824
7C44
7824
711C
0280
0440
0440
07C0
0000
ENDCHAR
STARTCHAR uE028
ENCODING 57384
SWIDTH 1000 0
DWIDTH 16 0
BBX 16 16 0 -2
BITMAP
0000
0000
07C0
07C0
07C0
0380
711C
483C
447C
483C
711C
0280
0440
0440
07C0
0000
ENDCHAR
STARTCHAR uE029
ENCODING 57385
SWIDTH 1000 0
DWIDTH 16 0
BBX 16 16 0 -2
BITMAP
0000
0000
07C0
0440
0440
0280
711C
7824
7C44
7824
711C
0380
07C0
07C0
07C0
0000
ENDCHAR
STARTCHAR uE02A
ENCODING 57386
SWIDTH 1000 0
DWIDTH 16 0
BBX 16 16 0 -2
BITMAP
0000
0000
07C0
0440
0440
0280
711C
483C
447C
483C
711C
0380
07C0
07C0
07C0
0000
ENDCHAR
STARTCHAR uE02B
ENCODING 57387
SWIDTH 1000 0
DWIDTH 16 0
BBX 16 16 0 -2
BITMAP
0000
0000
07C0
07C0
07C0
0380
711C
783C
7C7C
783C
711C
0280
0440
0440
07C0
0000
ENDCHAR
STARTCHAR uE02C
ENCODING 57388
SWIDTH 1000 0
DWIDTH 16 0
BBX 16 16 0 -2
BITMAP
0000
0000
07C0
0440
0440
0280
711C
783C
7C7C
783C
711C
0380
07C0
07C0
07C0
0000
ENDCHAR
STARTCHAR uE02D
ENCODING 57389
SWIDTH 1000 0
DWIDTH 16 0
BBX 16 16 0 -2
BITMAP
0000
0000
07C0
07C0
07C0
0380
711C
7824
7C44
7824
711C
0380
07C0
07C0
07C0
0000
ENDCHAR
STARTCHAR uE02E
ENCODING 57390
SWIDTH 1000 0
DWIDTH 16 0
BBX 16 16 0 -2
BITMAP
0000
0000
07C0
07C0
07C0
0380
711C
483C
447C
483C
711C
0380
07C0
07C0
07C0
0000
ENDCHAR
STARTCHAR uE02F
ENCODING 57391
SWIDTH 1000 0
DWIDTH 16 0
BBX 16 16 0 -2
BITMAP
0000
0000
07C0
07C0
07C0
0380
711C
783C
7C7C
783C
711C
0380
07C0
07C0
07C0
0000
ENDCHAR
STARTCHAR uE030
ENCODING 57392
SWIDTH 1000 0
DWIDTH 16 0
BBX 16 16 0 -2
BITMAP
0000
0000
0380
0440
0440
0380
3018
4824
4824
4824
3018
0380
0440
0440
0380
0000
ENDCHAR
STARTCHAR uE031
ENCODING 57393
SWIDTH 1000 0
DWIDTH 16 0
BBX 16 16 0 -2
BITMAP
0000
0000
0380
07C0
07C0
0380
3018
4824
4824
4824
3018
0380
0440
0440
0380
0000
ENDCHAR
STARTCHAR uE032
ENCODING 57394
SWIDTH 1000 0
DWIDTH 16 0
BBX 16 16 0 -2
BITMAP
0000
0000
0380
0440
0440
0380
3018
4824
4824
4824
3018
0380
07C0
07C0
0380
0000
ENDCHAR
STARTCHAR uE033
ENCODING 57395
SWIDTH 1000 0
DWIDTH 16 0
BBX 16 16 0 -2
BITMAP
0000
0000
0380
0440
0440
0380
3018
7824
7824
7824
3018
0380
0440
0440
0380
0000
ENDCHAR
STARTCHAR uE034
ENCODING 57396
SWIDTH 1000 0
DWIDTH 16 0
BBX 16 16 0 -2
BITMAP
0000
0000
0380
0440
0440
0380
3018
483C
483C
483C
3018
0380
0440
0440
0380
0000
ENDCHAR
STARTCHAR uE035
ENCODING 57397
SWIDTH 1000 0
DWIDTH 16 0
BBX 16 16 0 -2
BITMAP
0000
0000
0380
07C0
07C0
0380
3018
4824
4824
4824
3018
0380
07C0
07C0
0380
0000
ENDCHAR
STARTCHAR uE036
ENCODING 57398
SWIDTH 1000 0
DWIDTH 16 0
BBX 16 16 0 -2
BITMAP
0000
0000
0380
0440
0440
0380
3018
783C
783C
783C
3018
0380
0440
0440
0380
0000
ENDCHAR
STARTCHAR uE037
ENCODING 57399
SWIDTH 1000 0
DWIDTH 16 0
BBX 16 16 0 -2
BITMAP
0000
0000
0380
07C0
07C0
0380
3018
7824
7824
7824
3018
0380
0440
0440
0380
0000
ENDCHAR
STARTCHAR uE038
ENCODING 57400
SWIDTH 1000 0
DWIDTH 16 0
BBX 16 16 0 -2
BITMAP
0000
0000
0380
07C0
07C0
0380
3018
483C
483C
483C
3018
0380
0440
0440
0380
0000
ENDCHAR
STARTCHAR uE039
ENCODING 57401
SWIDTH 1000 0
DWIDTH 16 0
BBX 16 16 0 -2
BITMAP
0000
0000
0380
0440
0440
0380
3018
7824
7824
7824
3018
0380
07C0
07C0
0380
0000
ENDCHAR
STARTCHAR uE03A
ENCODING 57402
SWIDTH 1000 0
DWIDTH 16 0
BBX 16 16 0 -2
BITMAP
0000
0000
0380
0440
0440
0380
3018
483C
483C
483C
3018
0380
07C0
07C0
0380
0000
ENDCHAR
STARTCHAR uE03B
ENCODING 57403
SWIDTH 1000 0
DWIDTH 16 0
BBX 16 16 0 -2
BITMAP
0000
0000
0380
07C0
07C0
0380
3018
783C
783C
783C
3018
0380
0440
0440
0380
0000
ENDCHAR
STARTCHAR uE03C
ENCODING 57404
SWIDTH 1000 0
DWIDTH 16 0
BBX 16 16 0 -2
BITMAP
0000
0000
0380
0440
0440
0380
3018
783C
783C
783C
3018
0380
07C0
07C0
0380
0000
ENDCHAR
STARTCHAR uE03D
ENCODING 57405
SWIDTH 1000 0
DWIDTH 16 0
BBX 16 16 0 -2
BITMAP
0000
0000
0380
07C0
07C0
0380
3018
7824
7824
7824
3018
0380
07C0
07C0
0380
0000
ENDCHAR
STARTCHAR uE03E
ENCODING 57406
SWIDTH 1000 0
DWIDTH 16 0
BBX 16 16 0 -2
BITMAP
0000
0000
0380
07C0
07C0
0380
3018
483C
483C
483C
3018
0380
07C0
07C0
0380
0000
ENDCHAR
STARTCHAR uE03F
ENCODING 57407
SWIDTH 1000 0
DWIDTH 16 0
BBX 16 16 0 -2
BITMAP
0000
0000
0380
07C0
07C0
0380
3018
783C
783C
783C
3018
0380
07C0
07C0
0380
0000
ENDCHAR
STARTCHAR uE040
ENCODING 57408
SWIDTH 1000 0
DWIDTH 16 0
BBX 16 16 0 -2
BITMAP
0000
0000
07C0
1830
2008
2108
4284
4444
4444
47C4
4444
2448
2008
1830
07C0
0000
ENDCHAR
STARTCHAR uE041
ENCODING 57409
SWIDTH 1000 0
DWIDTH 16 0
BBX 16 16 0 -2
BITMAP
0000
0000
07C0
1830
2008
2788
4444
4444
4784
4444
4444
2788
2008
1830
07C0
0000
ENDCHAR
STARTCHAR uE042
ENCODING 57410
SWIDTH 1000 0
DWIDTH 16 0
BBX 16 16 0 -2
BITMAP
0000
0000
07C0
1830
2008
2388
4444
4404
4404
4404
4444
2388
2008
1830
07C0
0000
ENDCHAR
STARTCHAR uE043
ENCODING 57411
SWIDTH 1000 0
DWIDTH 16 0
BBX 16 16 0 -2
BITMAP
0000
0000
07C0
1830
2008
2448
4444
4284
4104
4284
4444
2448
2008
1830
07C0
0000
ENDCHAR
STARTCHAR uE044
ENCODING 57412
SWIDTH 1000 0
DWIDTH 16 0
BBX 16 16 0 -2
BITMAP
0000
0000
07C0
1830
2008
2448
4444
4284
4284
4104
4104
2108
2008
1830
07C0
0000
ENDCHAR
STARTCHAR uE045
ENCODING 57413
SWIDTH 1000 0
DWIDTH 16 0
BBX 16 16 0 -2
BITMAP
0000
0000
07C0
1830
2008
27C8
4044
4084
4104
4204
4404
27C8
2008
1830
07C0
0000
ENDCHAR
STARTCHAR uE046
ENCODING 57414
SWIDTH 1000 0
DWIDTH 16 0
BBX 16 16 0 -2
BITMAP
0000
0000
0380
0440
0820
0820
0820
0820
0820
0820
0820
0820
0820
0440
0380
0000
ENDCHAR
STARTCHAR uE047
ENCODING 57415
SWIDTH 1000 0
DWIDTH 16 0
BBX 16 16 0 -2
BITMAP
0000
0000
0000
0000
0000
1FF0
2008
4004
4004
4004
2008
1FF0
0000
0000
0000
0000
ENDCHAR
STARTCHAR uE048
ENCODING 57416
SWIDTH 1000 0
DWIDTH 16 0
BBX 16 16 0 -2
BITMAP
0000
0000
0000
0000
0000
0380
0440
0820
0820
0820
0440
0380
0000
0000
0000
0000
ENDCHAR
STARTCHAR uE049
ENCODING 57417
SWIDTH 1000 0
DWIDTH 16 0
BBX 16 16 0 -2
BITMAP
0000
0000
0000
0000
0000
0078
0784
3804
4004
3804
0784
0078
0000
0000
0000
0000
ENDCHAR
STARTCHAR uE04A
ENCODING 57418
SWIDTH 1000 0
DWIDTH 16 0
BBX 16 16 0 -2
BITMAP
0000
0000
0000
0000
0000
3C00
43C0
4038
4004
4038
43C0
3C00
0000
0000
0000
0000
ENDCHAR
STARTCHAR uE04F
ENCODING 57423
SWIDTH 1000 0
DWIDTH 16 0
BBX 16 16 0 -2
BITMAP
0000
0000
07C0
1830
2008
2108
4544
4924
4924
4824
4444
2388
2008
1830
07C0
0000
ENDCHAR
STARTCHAR uE050
ENCODING 57424
SWIDTH 1000 0
DWIDTH 16 0
BBX 16 16 0 -2
BITMAP
0000
0000
07C0
1FF0
3FF8
3EF8
7D7C
7BBC
7BBC
783C
7BBC
3BB8
3FF8
1FF0
07C0
0000
ENDCHAR
STARTCHAR uE051
ENCODING 57425
SWIDTH 1000 0
DWIDTH 16 0
BBX 16 16 0 -2
BITMAP
0000
0000
07C0
1FF0
3FF8
3878
7BBC
7BBC
787C
7BBC
7BBC
3878
3FF8
1FF0
07C0
0000
ENDCHAR
STARTCHAR uE052
ENCODING 57426
SWIDTH 1000 0
DWIDTH 16 0
BBX 16 16 0 -2
BITMAP
0000
0000
07C0
1FF0
3FF8
3C78
7BBC
7BFC
7BFC
7BFC
7BBC
3C78
3FF8
1FF0
07C0
0000
ENDCHAR
STARTCHAR uE053
ENCODING 57427
SWIDTH 1000 0
DWIDTH 16 0
BBX 16 16 0 -2
BITMAP
0000
0000
07C0
1FF0
3FF8
3BB8
7BBC
7D7C
7EFC
7D7C
7BBC
3BB8
3FF8
1FF0
07C0
0000
ENDCHAR
STARTCHAR uE054
ENCODING 57428
SWIDTH 1000 0
DWIDTH 16 0
BBX 16 16 0 -2
BITMAP
0000
0000
07C0
1FF0
3FF8
3BB8
7BBC
7D7C
7D7C
7EFC
7EFC
3EF8
3FF8
1FF0
07C0
0000
ENDCHAR
STARTCHAR uE055
ENCODING 57429
SWIDTH 1000 0
DWIDTH 16 0
BBX 16 16 0 -2
BITMAP
0000
0000
07C0
1FF0
3FF8
3838
7FBC
7F7C
7EFC
7DFC
7BFC
3838
3FF8
1FF0
07C0
0000
ENDCHAR
STARTCHAR uE056
ENCODING 57430
SWIDTH 1000 0
DWIDTH 16 0
BBX 16 16 0 -2
BITMAP
0000
0000
0380
07C0
0FE0
0FE0
0FE0
0FE0
0FE0
0FE0
0FE0
0FE0
0FE0
07C0
0380
0000
ENDCHAR
STARTCHAR uE057
ENCODING 57431
SWIDTH 1000 0
DWIDTH 16 0
BBX 16 16 0 -2
BITMAP
0000
0000
0000
0000
0000
1FF0
3FF8
7FFC
7FFC
7FFC
3FF8
1FF0
0000
0000
0000
0000
ENDCHAR
STARTCHAR uE058
ENCODING 57432
SWIDTH 1000 0
DWIDTH 16 0
BBX 16 16 0 -2
BITMAP
0000
0000
0000
0000
0000
0380
07C0
0FE0
0FE0
0FE0
07C0
0380
0000
0000
0000
0000
ENDCHAR
STARTCHAR uE059
ENCODING 57433
SWIDTH 1000 0
DWIDTH 16 0
BBX 16 16 0 -2
BITMAP
0000
0000
0000
0000
0000
0078
07FC
3FFC
7FFC
3FFC
07FC
0078
0000
0000
0000
0000
ENDCHAR
STARTCHAR uE05A
ENCODING 57434
SWIDTH 1000 0
DWIDTH 16 0
BBX 16 16 0 -2
BITMAP
0000
0000
0000
0000
0000
3C00
7FC0
7FF8
7FFC
7FF8
7FC0
3C00
0000
0000
0000
0000
ENDCHAR
STARTCHAR uE05F
ENCODING 57439
SWIDTH 1000 0
DWIDTH 16 0
BBX 16 16 0 -2
BITMAP
0000
0000
07C0
1FF0
3FF8
3EF8
7ABC
76DC
76DC
77DC
7BBC
3C78
3FF8
1FF0
07C0
0000
ENDCHAR
STARTCHAR uE060
ENCODING 57440
SWIDTH 1000 0
DWIDTH 16 0
BBX 16 16 0 -2
BITMAP
0000
0000
07C0
1830
3C78
2EE8
47C4
47C4
4EE4
4C64
5834
3018
2008
1830
07C0
0000
ENDCHAR
STARTCHAR uE061
ENCODING 57441
SWIDTH 1000 0
DWIDTH 16 0
BBX 16 16 0 -2
BITMAP
0000
0000
0000
0000
1FF0
2008
40C4
43C4
4FC4
43C4
40C4
2008
1FF0
0000
0000
0000
ENDCHAR
STARTCHAR uE062
ENCODING 57442
SWIDTH 1000 0
DWIDTH 16 0
BBX 16 16 0 -2
BITMAP
0000
0000
0000
0000
1FF0
2008
4604
4784
47E4
4784
4604
2008
1FF0
0000
0000
0000
ENDCHAR
STARTCHAR uE063
ENCODING 57443
SWIDTH 1000 0
DWIDTH 16 0
BBX 16 16 0 -2
BITMAP
0000
0000
01F0
0608
1804
2004
50E4
5094
5094
50E4
5094
5094
5EE4
2004
1FF8
0000
ENDCHAR
STARTCHAR uE064
ENCODING 57444
SWIDTH 1000 0
DWIDTH 16 0
BBX 16 16 0 -2
BITMAP
0000
0000
1F00
20C0
4030
4008
5CE4
5294
5294
5CE4
5494
5294
52E4
4008
3FF0
0000
ENDCHAR
STARTCHAR uE065
ENCODING 57445
SWIDTH 1000 0
DWIDTH 16 0
BBX 16 16 0 -2
BITMAP
0000
0000
01F0
0608
1804
2004
51F4
5044
5044
5044
5044
5044
5E44
2004
1FF8
0000
ENDCHAR
STARTCHAR uE066
ENCODING 57446
SWIDTH 1000 0
DWIDTH 16 0
BBX 16 16 0 -2
BITMAP
0000
0000
1F00
20C0
4030
4008
5DF4
5244
5244
5C44
5444
5244
5244
4008
3FF0
0000
ENDCHAR
STARTCHAR uE067
ENCODING 57447
SWIDTH 1000 0
DWIDTH 16 0
BBX 16 16 0 -2
BITMAP
0000
0000
07C0
1830
2008
2008
4F84
4804
4BE4
4224
43E4
2008
2008
1830
07C0
0000
ENDCHAR
STARTCHAR uE068
ENCODING 57448
SWIDTH 1000 0
DWIDTH 16 0
BBX 16 16 0 -2
BITMAP
0000
0000
07C0
1830
2008
2008
47C4
4004
47C4
4004
47C4
2008
2008
1830
07C0
0000
ENDCHAR
STARTCHAR uE069
ENCODING 57449
SWIDTH 1000 0
DWIDTH 16 0
BBX 16 16 0 -2
BITMAP
0000
0000
0000
0000
1FF0
2108
4384
4544
4104
4824
4FE4
2008
1FF0
0000
0000
0000
ENDCHAR
STARTCHAR uE070
ENCODING 57456
SWIDTH 1000 0
DWIDTH 16 0
BBX 16 16 0 -2
BITMAP
0000
0000
07C0
1FF0
2388
3118
783C
783C
711C
739C
67CC
2FE8
3FF8
1FF0
07C0
0000
ENDCHAR
STARTCHAR uE071
ENCODING 57457
SWIDTH 1000 0
DWIDTH 16 0
BBX 16 16 0 -2
BITMAP
0000
0000
0000
0000
1FF0
3FF8
7F3C
7C3C
703C
7C3C
7F3C
3FF8
1FF0
0000
0000
0000
ENDCHAR
STARTCHAR uE072
ENCODING 57458
SWIDTH 1000 0
DWIDTH 16 0
BBX 16 16 0 -2
BITMAP
0000
0000
0000
0000
1FF0
3FF8
79FC
787C
781C
787C
79FC
3FF8
1FF0
0000
0000
0000
ENDCHAR
STARTCHAR uE073
ENCODING 57459
SWIDTH 1000 0
DWIDTH 16 0
BBX 16 16 0 -2
BITMAP
0000
0000
01F0
07F8
1FFC
3FFC
6F1C
6F6C
6F6C
6F1C
6F6C
6F6C
611C
3FFC
1FF8
0000
ENDCHAR
STARTCHAR uE074
ENCODING 57460
SWIDTH 1000 0
DWIDTH 16 0
BBX 16 16 0 -2
BITMAP
0000
0000
1F00
3FC0
7FF0
7FF8
631C
6D6C
6D6C
631C
6B6C
6D6C
6D1C
7FF8
3FF0
0000
ENDCHAR
STARTCHAR uE075
ENCODING 57461
SWIDTH 1000 0
DWIDTH 16 0
BBX 16 16 0 -2
BITMAP
0000
0000
01F0
07F8
1FFC
3FFC
6E0C
6FBC
6FBC
6FBC
6FBC
6FBC
61BC
3FFC
1FF8
0000
ENDCHAR
STARTCHAR uE076
ENCODING 57462
SWIDTH 1000 0
DWIDTH 16 0
BBX 16 16 0 -2
BITMAP
0000
0000
1F00
3FC0
7FF0
7FF8
620C
6DBC
6DBC
63BC
6BBC
6DBC
6DBC
7FF8
3FF0
0000
ENDCHAR
STARTCHAR uE077
ENCODING 57463
SWIDTH 1000 0
DWIDTH 16 0
BBX 16 16 0 -2
BITMAP
0000
0000
07C0
1FF0
3FF8
3FF8
707C
77FC
741C
7DDC
7C1C
3FF8
3FF8
1FF0
07C0
0000
ENDCHAR
STARTCHAR uE078
ENCODING 57464
SWIDTH 1000 0
DWIDTH 16 0
BBX 16 16 0 -2
BITMAP
0000
0000
07C0
1FF0
3FF8
3FF8
783C
7FFC
783C
7FFC
783C
3FF8
3FF8
1FF0
07C0
0000
ENDCHAR
STARTCHAR uE079
ENCODING 57465
SWIDTH 1000 0
DWIDTH 16 0
BBX 16 16 0 -2
BITMAP
0000
0000
0000
0000
1FF0
3EF8
7C7C
7ABC
7EFC
77DC
701C
3FF8
1FF0
0000
0000
0000
ENDCHAR
STARTCHAR uE080
ENCODING 57472
SWIDTH 1000 0
DWIDTH 16 0
BBX 16 16 0 -2
BITMAP
0000
0000
07C0
1830
2008
2108
4104
4384
4384
47C4
47C4
2008
2008
1830
07C0
0000
ENDCHAR
STARTCHAR uE081
ENCODING 57473
SWIDTH 1000 0
DWIDTH 16 0
BBX 16 16 0 -2
BITMAP
0000
0000
07C0
1830
2008
2008
47C4
47C4
4384
4384
4104
2108
2008
1830
07C0
0000
ENDCHAR
STARTCHAR uE082
ENCODING 57474
SWIDTH 1000 0
DWIDTH 16 0
BBX 16 16 0 -2
BITMAP
0000
0000
07C0
1830
2008
2008
40C4
43C4
4FC4
43C4
40C4
2008
2008
1830
07C0
0000
ENDCHAR
STARTCHAR uE083
ENCODING 57475
SWIDTH 1000 0
DWIDTH 16 0
BBX 16 16 0 -2
BITMAP
0000
0000
07C0
1830
2008
2008
4604
4784
47E4
4784
4604
2008
2008
1830
07C0
0000
ENDCHAR
STARTCHAR uE084
ENCODING 57476
SWIDTH 1000 0
DWIDTH 16 0
BBX 16 16 0 -2
BITMAP
0000
0000
01F0
0608
1804
2004
4404
4404
4404
4404
4404
4404
47C4
2004
1FF8
0000
ENDCHAR
STARTCHAR uE085
ENCODING 57477
SWIDTH 1000 0
DWIDTH 16 0
BBX 16 16 0 -2
BITMAP
0000
0000
1F00
20C0
4030
4008
4784
4444
4444
4784
4484
4444
4444
4008
3FF0
0000
ENDCHAR
STARTCHAR uE086
ENCODING 57478
SWIDTH 1000 0
DWIDTH 16 0
BBX 16 16 0 -2
BITMAP
0000
0000
01F0
0608
1804
2004
5E84
4284
4484
4484
4884
5084
5EF4
2004
1FF8
0000
ENDCHAR
STARTCHAR uE087
ENCODING 57479
SWIDTH 1000 0
DWIDTH 16 0
BBX 16 16 0 -2
BITMAP
0000
0000
1F00
20C0
4030
4008
5EE4
4294
4494
44E4
48A4
5094
5E94
4008
3FF0
0000
ENDCHAR
STARTCHAR uE088
ENCODING 57480
SWIDTH 1000 0
DWIDTH 16 0
BBX 16 16 0 -2
BITMAP
0000
0000
0000
3FFE
4002
8642
8942
8442
8242
8942
867A
4002
3FFE
0000
0000
0000
ENDCHAR
STARTCHAR uE089
ENCODING 57481
SWIDTH 1000 0
DWIDTH 16 0
BBX 16 16 0 -2
BITMAP
0000
0000
0000
FFF8
8004
99C2
A522
9122
89C2
A542
9922
8004
FFF8
0000
0000
0000
ENDCHAR
STARTCHAR uE08A
ENCODING 57482
SWIDTH 1000 0
DWIDTH 16 0
BBX 16 16 0 -2
BITMAP
0000
0000
07C0
1830
2008
2008
4104
4104
47C4
4104
4104
2008
2008
1830
07C0
0000
ENDCHAR
STARTCHAR uE08B
ENCODING 57483
SWIDTH 1000 0
DWIDTH 16 0
BBX 16 16 0 -2
BITMAP
0000
0000
07C0
1830
2008
2008
4004
4004
47C4
4004
4004
2008
2008
1830
07C0
0000
ENDCHAR
STARTCHAR uE08C
ENCODING 57484
SWIDTH 1000 0
DWIDTH 16 0
BBX 16 16 0 -2
BITMAP
0000
0000
0000
0000
0380
0280
0280
1EF0
1010
1EF0
0280
0280
0380
0000
0000
0000
ENDCHAR
STARTCHAR uE08D
ENCODING 57485
SWIDTH 1000 0
DWIDTH 16 0
BBX 16 16 0 -2
BITMAP
0000
0000
0000
0000
0000
0000
0000
1FF0
1010
1FF0
0000
0000
0000
0000
0000
0000
ENDCHAR
STARTCHAR uE08E
ENCODING 57486
SWIDTH 1000 0
DWIDTH 16 0
BBX 16 16 0 -2
BITMAP
0000
0000
07C0
1830
2008
2108
4384
47C4
4FE4
4444
4444
27C8
2008
1830
07C0
0000
ENDCHAR
STARTCHAR uE08F
ENCODING 57487
SWIDTH 1000 0
DWIDTH 16 0
BBX 16 16 0 -2
BITMAP
0000
0000
3FF8
4004
4004
4384
4444
4824
4824
4824
4444
4384
4004
4004
3FF8
0000
ENDCHAR
STARTCHAR uE090
ENCODING 57488
SWIDTH 1000 0
DWIDTH 16 0
BBX 16 16 0 -2
BITMAP
0000
0000
3FF8
4004
4004
4384
4444
4404
4404
4404
4444
4384
4004
4004
3FF8
0000
ENDCHAR
STARTCHAR uE091
ENCODING 57489
SWIDTH 1000 0
DWIDTH 16 0
BBX 16 16 0 -2
BITMAP
0000
0000
01F0
0608
1804
2004
4C84
5284
5084
5084
5684
5284
4EF4
2004
1FF8
0000
ENDCHAR
STARTCHAR uE092
ENCODING 57490
SWIDTH 1000 0
DWIDTH 16 0
BBX 16 16 0 -2
BITMAP
0000
0000
1F00
20C0
4030
4008
4CE4
5294
5094
50E4
56A4
5294
4E94
4008
3FF0
0000
ENDCHAR
STARTCHAR uE0A0
ENCODING 57504
SWIDTH 1000 0
DWIDTH 16 0
BBX 16 16 0 -2
BITMAP
0000
0000
07C0
1FF0
3FF8
3EF8
7EFC
7C7C
7C7C
783C
783C
3FF8
3FF8
1FF0
07C0
0000
ENDCHAR
STARTCHAR uE0A1
ENCODING 57505
SWIDTH 1000 0
DWIDTH 16 0
BBX 16 16 0 -2
BITMAP
0000
0000
07C0
1FF0
3FF8
3FF8
783C
783C
7C7C
7C7C
7EFC
3EF8
3FF8
1FF0
07C0
0000
ENDCHAR
STARTCHAR uE0A2
ENCODING 57506
SWIDTH 1000 0
DWIDTH 16 0
BBX 16 16 0 -2
BITMAP
0000
0000
07C0
1FF0
3FF8
3FF8
7F3C
7C3C
703C
7C3C
7F3C
3FF8
3FF8
1FF0
07C0
0000
ENDCHAR
STARTCHAR uE0A3
ENCODING 57507
SWIDTH 1000 0
DWIDTH 16 0
BBX 16 16 0 -2
BITMAP
0000
0000
07C0
1FF0
3FF8
3FF8
79FC
787C
781C
787C
79FC
3FF8
3FF8
1FF0
07C0
0000
ENDCHAR
STARTCHAR uE0A4
ENCODING 57508
SWIDTH 1000 0
DWIDTH 16 0
BBX 16 16 0 -2
BITMAP
0000
0000
01F0
07F8
1FFC
3FFC
7BFC
7BFC
7BFC
7BFC
7BFC
7BFC
783C
3FFC
1FF8
0000
ENDCHAR
STARTCHAR uE0A5
ENCODING 57509
SWIDTH 1000 0
DWIDTH 16 0
BBX 16 16 0 -2
BITMAP
0000
0000
1F00
3FC0
7FF0
7FF8
787C
7BBC
7BBC
787C
7B7C
7BBC
7BBC
7FF8
3FF0
0000
ENDCHAR
STARTCHAR uE0A6
ENCODING 57510
SWIDTH 1000 0
DWIDTH 16 0
BBX 16 16 0 -2
BITMAP
0000
0000
01F0
07F8
1FFC
3FFC
617C
7D7C
7B7C
7B7C
777C
6F7C
610C
3FFC
1FF8
0000
ENDCHAR
STARTCHAR uE0A7
ENCODING 57511
SWIDTH 1000 0
DWIDTH 16 0
BBX 16 16 0 -2
BITMAP
0000
0000
1F00
3FC0
7FF0
7FF8
611C
7D6C
7B6C
7B1C
775C
6F6C
616C
7FF8
3FF0
0000
ENDCHAR
STARTCHAR uE0A8
ENCODING 57512
SWIDTH 1000 0
DWIDTH 16 0
BBX 16 16 0 -2
BITMAP
0000
0000
0000
3FFE
7FFE
F9BE
F6BE
FBBE
FDBE
F6BE
F986
7FFE
3FFE
0000
0000
0000
ENDCHAR
STARTCHAR uE0A9
ENCODING 57513
SWIDTH 1000 0
DWIDTH 16 0
BBX 16 16 0 -2
BITMAP
0000
0000
0000
FFF8
FFFC
E63E
DADE
EEDE
F63E
DABE
E6DE
FFFC
FFF8
0000
0000
0000
ENDCHAR
STARTCHAR uE0AA
ENCODING 57514
SWIDTH 1000 0
DWIDTH 16 0
BBX 16 16 0 -2
BITMAP
0000
0000
07C0
1FF0
3FF8
3FF8
7EFC
7EFC
783C
7EFC
7EFC
3FF8
3FF8
1FF0
07C0
0000
ENDCHAR
STARTCHAR uE0AB
ENCODING 57515
SWIDTH 1000 0
DWIDTH 16 0
BBX 16 16 0 -2
BITMAP
0000
0000
07C0
1FF0
3FF8
3FF8
7FFC
7FFC
783C
7FFC
7FFC
3FF8
3FF8
1FF0
07C0
0000
ENDCHAR
STARTCHAR uE0AC
ENCODING 57516
SWIDTH 1000 0
DWIDTH 16 0
BBX 16 16 0 -2
BITMAP
0000
0000
0000
0000
0380
0380
0380
1FF0
1FF0
1FF0
0380
0380
0380
0000
0000
0000
ENDCHAR
STARTCHAR uE0AD
ENCODING 57517
SWIDTH 1000 0
DWIDTH 16 0
BBX 16 16 0 -2
BITMAP
0000
0000
0000
0000
0000
0000
0000
1FF0
1FF0
1FF0
0000
0000
0000
0000
0000
0000
ENDCHAR
STARTCHAR uE0AE
ENCODING 57518
SWIDTH 1000 0
DWIDTH 16 0
BBX 16 16 0 -2
BITMAP
0000
0000
07C0
1FF0
3FF8
3EF8
7C7C
783C
701C
7BBC
7BBC
3838
3FF8
1FF0
07C0
0000
ENDCHAR
STARTCHAR uE0AF
ENCODING 57519
SWIDTH 1000 0
DWIDTH 16 0
BBX 16 16 0 -2
BITMAP
0000
0000
3FF8
7FFC
7FFC
7C7C
7BBC
77DC
77DC
77DC
7BBC
7C7C
7FFC
7FFC
3FF8
0000
ENDCHAR
STARTCHAR uE0B0
ENCODING 57520
SWIDTH 1000 0
DWIDTH 16 0
BBX 16 16 0 -2
BITMAP
0000
0000
3FF8
7FFC
7FFC
7C7C
7BBC
7BFC
7BFC
7BFC
7BBC
7C7C
7FFC
7FFC
3FF8
0000
ENDCHAR
STARTCHAR uE0B1
ENCODING 57521
SWIDTH 1000 0
DWIDTH 16 0
BBX 16 16 0 -2
BITMAP
0000
0000
01F0
07F8
1FFC
3FFC
737C
6D7C
6F7C
6F7C
697C
6D7C
710C
3FFC
1FF8
0000
ENDCHAR
STARTCHAR uE0B2
ENCODING 57522
SWIDTH 1000 0
DWIDTH 16 0
BBX 16 16 0 -2
BITMAP
0000
0000
1F00
3FC0
7FF0
7FF8
731C
6D6C
6F6C
6F1C
695C
6D6C
716C
7FF8
3FF0
0000
ENDCHAR
STARTCHAR uE0C0
ENCODING 57536
SWIDTH 1000 0
DWIDTH 16 0
BBX 16 16 0 -2
BITMAP
0000
0000
07C0
1830
2388
2348
4344
4304
4F04
53E4
5314
2F18
21E8
1830
07C0
0000
ENDCHAR
STARTCHAR uE0C1
ENCODING 57537
SWIDTH 1000 0
DWIDTH 16 0
BBX 16 16 0 -2
BITMAP
0000
0000
07C0
1830
2008
2388
4444
4824
4824
4824
4444
2388
2008
1830
07C0
0000
ENDCHAR
STARTCHAR uE0C2
ENCODING 57538
SWIDTH 1000 0
DWIDTH 16 0
BBX 16 16 0 -2
BITMAP
0000
0000
07C0
1830
2008
2FE8
4824
4824
4824
4824
4824
2FE8
2008
1830
07C0
0000
ENDCHAR
STARTCHAR uE0C3
ENCODING 57539
SWIDTH 1000 0
DWIDTH 16 0
BBX 16 16 0 -2
BITMAP
0000
0000
07C0
1830
2008
2108
4284
4284
4444
4444
4824
2FE8
2008
1830
07C0
0000
ENDCHAR
STARTCHAR uE0C4
ENCODING 57540
SWIDTH 1000 0
DWIDTH 16 0
BBX 16 16 0 -2
BITMAP
0000
0000
07C0
1830
2008
2828
4444
4284
4104
4284
4444
2828
2008
1830
07C0
0000
ENDCHAR
STARTCHAR uE0C5
ENCODING 57541
SWIDTH 1000 0
DWIDTH 16 0
BBX 16 16 0 -2
BITMAP
0000
0000
01F0
0608
1804
2004
4824
4864
4824
4824
4824
4824
4F74
2004
1FF8
0000
ENDCHAR
STARTCHAR uE0C6
ENCODING 57542
SWIDTH 1000 0
DWIDTH 16 0
BBX 16 16 0 -2
BITMAP
0000
0000
1F00
20C0
4030
4008
5C44
52C4
5244
5C44
5444
5244
52E4
4008
3FF0
0000
ENDCHAR
STARTCHAR uE0C7
ENCODING 57543
SWIDTH 1000 0
DWIDTH 16 0
BBX 16 16 0 -2
BITMAP
0000
0000
01F0
0608
1804
2004
5064
5094
5014
5024
5044
5084
5EF4
2004
1FF8
0000
ENDCHAR
STARTCHAR uE0C8
ENCODING 57544
SWIDTH 1000 0
DWIDTH 16 0
BBX 16 16 0 -2
BITMAP
0000
0000
1F00
20C0
4030
4008
5C64
5294
5214
5C24
5444
5284
52F4
4008
3FF0
0000
ENDCHAR
STARTCHAR uE0C9
ENCODING 57545
SWIDTH 1000 0
DWIDTH 16 0
BBX 16 16 0 -2
BITMAP
0000
0000
0380
0440
0820
0820
08A0
09A0
0BA0
09A0
08A0
0820
0820
0440
0380
0000
ENDCHAR
STARTCHAR uE0CA
ENCODING 57546
SWIDTH 1000 0
DWIDTH 16 0
BBX 16 16 0 -2
BITMAP
0000
0000
0380
0440
0820
0820
0A20
0B20
0BA0
0B20
0A20
0820
0820
0440
0380
0000
ENDCHAR
STARTCHAR uE0CB
ENCODING 57547
SWIDTH 1000 0
DWIDTH 16 0
BBX 16 16 0 -2
BITMAP
0000
0000
0000
3FF8
4004
AAAA
8002
AAAA
8002
AAAA
8002
AAAA
4004
3FF8
0000
0000
ENDCHAR
STARTCHAR uE0D0
ENCODING 57552
SWIDTH 1000 0
DWIDTH 16 0
BBX 16 16 0 -2
BITMAP
0000
0000
07C0
1FF0
3C78
3CB8
7CBC
7CFC
60FC
5C1C
5CEC
20E8
3E18
1FF0
07C0
0000
ENDCHAR
STARTCHAR uE0D1
ENCODING 57553
SWIDTH 1000 0
DWIDTH 16 0
BBX 16 16 0 -2
BITMAP
0000
0000
07C0
1FF0
3FF8
3C78
7BBC
77DC
77DC
77DC
7BBC
3C78
3FF8
1FF0
07C0
0000
ENDCHAR
STARTCHAR uE0D2
ENCODING 57554
SWIDTH 1000 0
DWIDTH 16 0
BBX 16 16 0 -2
BITMAP
0000
0000
07C0
1FF0
3FF8
3018
77DC
77DC
77DC
77DC
77DC
3018
3FF8
1FF0
07C0
0000
ENDCHAR
STARTCHAR uE0D3
ENCODING 57555
SWIDTH 1000 0
DWIDTH 16 0
BBX 16 16 0 -2
BITMAP
0000
0000
07C0
1FF0
3FF8
3EF8
7D7C
7D7C
7BBC
7BBC
77DC
3018
3FF8
1FF0
07C0
0000
ENDCHAR
STARTCHAR uE0D4
ENCODING 57556
SWIDTH 1000 0
DWIDTH 16 0
BBX 16 16 0 -2
BITMAP
0000
0000
07C0
1FF0
3FF8
37D8
7BBC
7D7C
7EFC
7D7C
7BBC
37D8
3FF8
1FF0
07C0
0000
ENDCHAR
STARTCHAR uE0D5
ENCODING 57557
SWIDTH 1000 0
DWIDTH 16 0
BBX 16 16 0 -2
BITMAP
0000
0000
01F0
07F8
1FFC
3FFC
77DC
779C
77DC
77DC
77DC
77DC
708C
3FFC
1FF8
0000
ENDCHAR
STARTCHAR uE0D6
ENCODING 57558
SWIDTH 1000 0
DWIDTH 16 0
BBX 16 16 0 -2
BITMAP
0000
0000
1F00
3FC0
7FF0
7FF8
63BC
6D3C
6DBC
63BC
6BBC
6DBC
6D1C
7FF8
3FF0
0000
ENDCHAR
STARTCHAR uE0D7
ENCODING 57559
SWIDTH 1000 0
DWIDTH 16 0
BBX 16 16 0 -2
BITMAP
0000
0000
01F0
07F8
1FFC
3FFC
6F9C
6F6C
6FEC
6FDC
6FBC
6F7C
610C
3FFC
1FF8
0000
ENDCHAR
STARTCHAR uE0D8
ENCODING 57560
SWIDTH 1000 0
DWIDTH 16 0
BBX 16 16 0 -2
BITMAP
0000
0000
1F00
3FC0
7FF0
7FF8
639C
6D6C
6DEC
63DC
6BBC
6D7C
6D0C
7FF8
3FF0
0000
ENDCHAR
STARTCHAR uE0D9
ENCODING 57561
SWIDTH 1000 0
DWIDTH 16 0
BBX 16 16 0 -2
BITMAP
0000
0000
0380
07C0
0FE0
0FE0
0F60
0E60
0C60
0E60
0F60
0FE0
0FE0
07C0
0380
0000
ENDCHAR
STARTCHAR uE0DA
ENCODING 57562
SWIDTH 1000 0
DWIDTH 16 0
BBX 16 16 0 -2
BITMAP
0000
0000
0380
07C0
0FE0
0FE0
0DE0
0CE0
0C60
0CE0
0DE0
0FE0
0FE0
07C0
0380
0000
ENDCHAR
STARTCHAR uE0DB
ENCODING 57563
SWIDTH 1000 0
DWIDTH 16 0
BBX 16 16 0 -2
BITMAP
0000
0000
0000
3FF8
7FFC
D556
FFFE
D556
FFFE
D556
FFFE
D556
7FFC
3FF8
0000
0000
ENDCHAR
STARTCHAR uE0E0
ENCODING 57568
SWIDTH 1000 0
DWIDTH 16 0
BBX 16 16 0 -2
BITMAP
0000
0000
07C0
1830
2008
2068
4094
6094
71E4
59C4
4F84
2608
2008
1830
07C0
0000
ENDCHAR
STARTCHAR uE0F0
ENCODING 57584
SWIDTH 1000 0
DWIDTH 16 0
BBX 16 16 0 -2
BITMAP
0000
0000
07C0
1FF0
3FF8
3F98
7F6C
5F6C
4E1C
663C
707C
39F8
3FF8
1FF0
07C0
0000
ENDCHAR
STARTCHAR uE100
ENCODING 57600
SWIDTH 2375 0
DWIDTH 38 0
BBX 38 24 0 -6
BITMAP
0000000000
0000000000
0000000000
0000000000
0000000000
0000000000
1FFFFFFFC0
2000000020
473E23CF90
4888522210
48088A2210
44088A2210
4208FBC210
41088A4210
40888A4210
48888A2210
47088A2210
2000000020
1FFFFFFFC0
0000000000
0000000000
0000000000
0000000000
0000000000
ENDCHAR
STARTCHAR uE101
ENCODING 57601
SWIDTH 2375 0
DWIDTH 38 0
BBX 38 24 0 -6
BITMAP
0000000000
0000000000
0000000000
0000000000
0000000000
0000000000
1FFFFFFFC0
2000000020
467A3CCF90
4942212210
4842210210
4442210210
4272390210
4142210210
4142210210
4942212210
467BBCC210
2000000020
1FFFFFFFC0
0000000000
0000000000
0000000000
0000000000
0000000000
ENDCHAR
STARTCHAR uE110
ENCODING 57616
SWIDTH 2375 0
DWIDTH 38 0
BBX 38 24 0 -6
BITMAP
0000000000
0000000000
0000000000
0000000000
0000000000
0000000000
1FFFFFFFC0
3FFFFFFFE0
78C1DC3070
7777ADDDF0
77F775DDF0
7BF775DDF0
7DF7043DF0
7EF775BDF0
7F7775BDF0
777775DDF0
78F775DDF0
3FFFFFFFE0
1FFFFFFFC0
0000000000
0000000000
0000000000
0000000000
0000000000
ENDCHAR
STARTCHAR uE111
ENCODING 57617
SWIDTH 2375 0
DWIDTH 38 0
BBX 38 24 0 -6
BITMAP
0000000000
0000000000
0000000000
0000000000
0000000000
0000000000
1FFFFFFFC0
3FFFFFFFE0
7985C33070
76BDDEDDF0
77BDDEFDF0
7BBDDEFDF0
7D8DC6FDF0
7EBDDEFDF0
7EBDDEFDF0
76BDDEDDF0
7984433DF0
3FFFFFFFE0
1FFFFFFFC0
0000000000
0000000000
0000000000
0000000000
0000000000
ENDCHAR
STARTCHAR uE200
ENCODING 57856
SWIDTH 500 0
DWIDTH 8 0
BBX 8 16 0 -2
BITMAP
00
04
0C
0C
14
10
20
20
20
20
20
20
10
10
08
04
ENDCHAR
STARTCHAR uE201
ENCODING 57857
SWIDTH 500 0
DWIDTH 8 0
BBX 8 16 0 -2
BITMAP
00
40
20
10
10
08
08
08
08
08
08
10
50
60
60
40
ENDCHAR
STARTCHAR uE202
ENCODING 57858
SWIDTH 500 0
DWIDTH 8 0
BBX 8 16 0 -2
BITMAP
00
04
08
10
10
20
20
20
20
20
20
10
14
0C
0C
04
ENDCHAR
STARTCHAR uE203
ENCODING 57859
SWIDTH 500 0
DWIDTH 8 0
BBX 8 16 0 -2
BITMAP
00
40
60
60
50
10
08
08
08
08
08
08
10
10
20
40
ENDCHAR
STARTCHAR uE220
ENCODING 57888
SWIDTH 1000 0
DWIDTH 16 0
BBX 16 16 0 -2
BITMAP
0000
0000
07C0
1830
2008
2008
4004
4004
4004
4004
2008
2008
1830
1FF0
0FE0
0000
ENDCHAR
STARTCHAR uE221
ENCODING 57889
SWIDTH 1000 0
DWIDTH 16 0
BBX 16 16 0 -2
BITMAP
0000
0000
0FE0
07C0
1390
2108
2008
4004
4004
4004
2008
2008
1830
1FF0
0FE0
0000
ENDCHAR
STARTCHAR uE222
ENCODING 57890
SWIDTH 1000 0
DWIDTH 16 0
BBX 16 16 0 -2
BITMAP
0000
0000
0100
1390
27C8
2008
4004
4004
4004
4004
2008
2008
1830
1FF0
0FE0
0000
ENDCHAR
STARTCHAR uE223
ENCODING 57891
SWIDTH 1000 0
DWIDTH 16 0
BBX 16 16 0 -2
BITMAP
0000
0000
07C0
1830
2008
2008
4004
4004
4004
4004
2008
27C8
1390
1D70
0EE0
0000
ENDCHAR
STARTCHAR uE224
ENCODING 57892
SWIDTH 1000 0
DWIDTH 16 0
BBX 16 16 0 -2
BITMAP
0000
0000
07C0
1830
2008
1008
3004
7004
3004
1004
4008
2008
1830
1FF0
0FE0
0000
ENDCHAR
STARTCHAR uE225
ENCODING 57893
SWIDTH 1000 0
DWIDTH 16 0
BBX 16 16 0 -2
BITMAP
0000
0000
07C0
1830
2008
2010
4018
401C
4018
4010
2004
2008
1830
1FF0
0FE0
0000
ENDCHAR
STARTCHAR uE226
ENCODING 57894
SWIDTH 1000 0
DWIDTH 16 0
BBX 16 16 0 -2
BITMAP
0000
0000
0100
1390
27C8
2008
4004
4004
4004
4004
2008
27C8
1390
1D70
0EE0
0000
ENDCHAR
STARTCHAR uE227
ENCODING 57895
SWIDTH 1000 0
DWIDTH 16 0
BBX 16 16 0 -2
BITMAP
0000
0000
07C0
1830
2008
1010
3018
701C
3018
1010
4004
2008
1830
1FF0
0FE0
0000
ENDCHAR
STARTCHAR uE228
ENCODING 57896
SWIDTH 1000 0
DWIDTH 16 0
BBX 16 16 0 -2
BITMAP
0000
0000
07C0
1FF0
3FF8
3FF8
7FFC
7FFC
7FFC
3FF8
3FF8
1FF0
0FE0
1010
0FE0
0000
ENDCHAR
STARTCHAR uE229
ENCODING 57897
SWIDTH 1000 0
DWIDTH 16 0
BBX 16 16 0 -2
BITMAP
0000
0000
0FE0
0820
1C70
3EF8
3FF8
7FFC
7FFC
3FF8
3FF8
1FF0
0FE0
1010
0FE0
0000
ENDCHAR
STARTCHAR uE22A
ENCODING 57898
SWIDTH 1000 0
DWIDTH 16 0
BBX 16 16 0 -2
BITMAP
0000
0000
06C0
1C70
3838
3FF8
7FFC
7FFC
7FFC
3FF8
3FF8
1FF0
0FE0
1010
0FE0
0000
ENDCHAR
STARTCHAR uE22B
ENCODING 57899
SWIDTH 1000 0
DWIDTH 16 0
BBX 16 16 0 -2
BITMAP
0000
0000
07C0
1FF0
3FF8
3FF8
7FFC
7FFC
7FFC
3FF8
3FF8
1830
0C60
1290
0FE0
0000
ENDCHAR
STARTCHAR uE22C
ENCODING 57900
SWIDTH 1000 0
DWIDTH 16 0
BBX 16 16 0 -2
BITMAP
0000
0000
07C0
1FF0
3FF8
2FF8
4FFC
0FFC
4FFC
2FF8
3FF8
1FF0
0FE0
1010
0FE0
0000
ENDCHAR
STARTCHAR uE22D
ENCODING 57901
SWIDTH 1000 0
DWIDTH 16 0
BBX 16 16 0 -2
BITMAP
0000
0000
07C0
1FF0
3FF8
3FE8
7FE4
7FE0
7FE4
3FE8
3FF8
1FF0
0FE0
1010
0FE0
0000
ENDCHAR
STARTCHAR uE22E
ENCODING 57902
SWIDTH 1000 0
DWIDTH 16 0
BBX 16 16 0 -2
BITMAP
0000
0000
06C0
1C70
3838
3FF8
7FFC
7FFC
7FFC
3FF8
3FF8
1830
0C60
1290
0FE0
0000
ENDCHAR
STARTCHAR uE22F
ENCODING 57903
SWIDTH 1000 0
DWIDTH 16 0
BBX 16 16 0 -2
BITMAP
0000
0000
07C0
1FF0
3FF8
2FE8
4FE4
0FE0
4FE4
2FE8
3FF8
1FF0
0FE0
1010
0FE0
0000
ENDCHAR
STARTCHAR uE230
ENCODING 57904
SWIDTH 1000 0
DWIDTH 16 0
BBX 16 16 0 -2
BITMAP
0000
0000
07C0
1830
2008
2408
4404
4404
4404
4404
27C8
2008
1830
1FF0
0FE0
0000
ENDCHAR
STARTCHAR uE231
ENCODING 57905
SWIDTH 1000 0
DWIDTH 16 0
BBX 16 16 0 -2
BITMAP
0000
0000
0FE0
07C0
1390
2108
2408
4404
4404
4404
27C8
2008
1830
1FF0
0FE0
0000
ENDCHAR
STARTCHAR uE232
ENCODING 57906
SWIDTH 1000 0
DWIDTH 16 0
BBX 16 16 0 -2
BITMAP
0000
0000
0100
1390
27C8
2008
4404
4404
4404
4404
27C8
2008
1830
1FF0
0FE0
0000
ENDCHAR
STARTCHAR uE233
ENCODING 57907
SWIDTH 1000 0
DWIDTH 16 0
BBX 16 16 0 -2
BITMAP
0000
0000
07C0
1830
2008
2408
4404
4404
4404
47C4
2008
27C8
1390
1D70
0EE0
0000
ENDCHAR
STARTCHAR uE234
ENCODING 57908
SWIDTH 1000 0
DWIDTH 16 0
BBX 16 16 0 -2
BITMAP
0000
0000
07C0
1830
2008
1408
3404
7404
3404
1404
47C8
2008
1830
1FF0
0FE0
0000
ENDCHAR
STARTCHAR uE235
ENCODING 57909
SWIDTH 1000 0
DWIDTH 16 0
BBX 16 16 0 -2
BITMAP
0000
0000
07C0
1830
2008
2410
4418
441C
4418
4410
27C4
2008
1830
1FF0
0FE0
0000
ENDCHAR
STARTCHAR uE236
ENCODING 57910
SWIDTH 1000 0
DWIDTH 16 0
BBX 16 16 0 -2
BITMAP
0000
0000
0100
1390
27C8
2008
4404
4404
4404
47C4
2008
27C8
1390
1D70
0EE0
0000
ENDCHAR
STARTCHAR uE237
ENCODING 57911
SWIDTH 1000 0
DWIDTH 16 0
BBX 16 16 0 -2
BITMAP
0000
0000
07C0
1830
2008
1410
3418
741C
3418
1410
47C4
2008
1830
1FF0
0FE0
0000
ENDCHAR
STARTCHAR uE238
ENCODING 57912
SWIDTH 1000 0
DWIDTH 16 0
BBX 16 16 0 -2
BITMAP
0000
0000
07C0
1FF0
3BF8
3BF8
7BFC
7BFC
7BFC
3BF8
3838
1FF0
0FE0
1010
0FE0
0000
ENDCHAR
STARTCHAR uE239
ENCODING 57913
SWIDTH 1000 0
DWIDTH 16 0
BBX 16 16 0 -2
BITMAP
0000
0000
0FE0
0820
1C70
3EF8
3BF8
7BFC
7BFC
3BF8
3838
1FF0
0FE0
1010
0FE0
0000
ENDCHAR
STARTCHAR uE23A
ENCODING 57914
SWIDTH 1000 0
DWIDTH 16 0
BBX 16 16 0 -2
BITMAP
0000
0000
06C0
1C70
3838
3FF8
7BFC
7BFC
7BFC
3BF8
3838
1FF0
0FE0
1010
0FE0
0000
ENDCHAR
STARTCHAR uE23B
ENCODING 57915
SWIDTH 1000 0
DWIDTH 16 0
BBX 16 16 0 -2
BITMAP
0000
0000
07C0
1FF0
3FF8
3BF8
7BFC
7BFC
7BFC
3838
3FF8
1830
0C60
1290
0FE0
0000
ENDCHAR
STARTCHAR uE23C
ENCODING 57916
SWIDTH 1000 0
DWIDTH 16 0
BBX 16 16 0 -2
BITMAP
0000
0000
07C0
1FF0
3BF8
2BF8
4BFC
0BFC
4BFC
2BF8
3838
1FF0
0FE0
1010
0FE0
0000
ENDCHAR
STARTCHAR uE23D
ENCODING 57917
SWIDTH 1000 0
DWIDTH 16 0
BBX 16 16 0 -2
BITMAP
0000
0000
07C0
1FF0
3BF8
3BE8
7BE4
7BE0
7BE4
3BE8
3838
1FF0
0FE0
1010
0FE0
0000
ENDCHAR
STARTCHAR uE23E
ENCODING 57918
SWIDTH 1000 0
DWIDTH 16 0
BBX 16 16 0 -2
BITMAP
0000
0000
06C0
1C70
3838
3FF8
7BFC
7BFC
7BFC
3838
3FF8
1830
0C60
1290
0FE0
0000
ENDCHAR
STARTCHAR uE23F
ENCODING 57919
SWIDTH 1000 0
DWIDTH 16 0
BBX 16 16 0 -2
BITMAP
0000
0000
07C0
1FF0
3BF8
2BE8
4BE4
0BE0
4BE4
2BE8
3838
1FF0
0FE0
1010
0FE0
0000
ENDCHAR
STARTCHAR uE240
ENCODING 57920
SWIDTH 1000 0
DWIDTH 16 0
BBX 16 16 0 -2
BITMAP
0000
0000
07C0
1830
2008
2788
4444
4444
4784
4484
2448
2008
1830
1FF0
0FE0
0000
ENDCHAR
STARTCHAR uE241
ENCODING 57921
SWIDTH 1000 0
DWIDTH 16 0
BBX 16 16 0 -2
BITMAP
0000
0000
0FE0
07C0
1390
2108
2788
4444
4784
4484
2448
2008
1830
1FF0
0FE0
0000
ENDCHAR
STARTCHAR uE242
ENCODING 57922
SWIDTH 1000 0
DWIDTH 16 0
BBX 16 16 0 -2
BITMAP
0000
0000
0100
1390
27C8
2008
4784
4444
4784
4484
2448
2008
1830
1FF0
0FE0
0000
ENDCHAR
STARTCHAR uE243
ENCODING 57923
SWIDTH 1000 0
DWIDTH 16 0
BBX 16 16 0 -2
BITMAP
0000
0000
07C0
1830
2008
2788
4444
4784
4484
4444
2008
27C8
1390
1D70
0EE0
0000
ENDCHAR
STARTCHAR uE244
ENCODING 57924
SWIDTH 1000 0
DWIDTH 16 0
BBX 16 16 0 -2
BITMAP
0000
0000
07C0
1830
2008
1788
3444
7444
3784
1484
4448
2008
1830
1FF0
0FE0
0000
ENDCHAR
STARTCHAR uE245
ENCODING 57925
SWIDTH 1000 0
DWIDTH 16 0
BBX 16 16 0 -2
BITMAP
0000
0000
07C0
1830
2008
2790
4458
445C
4798
4490
2444
2008
1830
1FF0
0FE0
0000
ENDCHAR
STARTCHAR uE246
ENCODING 57926
SWIDTH 1000 0
DWIDTH 16 0
BBX 16 16 0 -2
BITMAP
0000
0000
0100
1390
27C8
2008
4784
4444
4784
4444
2008
27C8
1390
1D70
0EE0
0000
ENDCHAR
STARTCHAR uE247
ENCODING 57927
SWIDTH 1000 0
DWIDTH 16 0
BBX 16 16 0 -2
BITMAP
0000
0000
07C0
1830
2008
1790
3458
745C
3798
1490
4444
2008
1830
1FF0
0FE0
0000
ENDCHAR
STARTCHAR uE248
ENCODING 57928
SWIDTH 1000 0
DWIDTH 16 0
BBX 16 16 0 -2
BITMAP
0000
0000
07C0
1FF0
3878
3BB8
7BBC
787C
7B7C
3BB8
3BB8
1FF0
0FE0
1010
0FE0
0000
ENDCHAR
STARTCHAR uE249
ENCODING 57929
SWIDTH 1000 0
DWIDTH 16 0
BBX 16 16 0 -2
BITMAP
0000
0000
0FE0
0820
1C70
3EF8
3878
7BBC
787C
3B78
3BB8
1FF0
0FE0
1010
0FE0
0000
ENDCHAR
STARTCHAR uE24A
ENCODING 57930
SWIDTH 1000 0
DWIDTH 16 0
BBX 16 16 0 -2
BITMAP
0000
0000
06C0
1C70
3838
3FF8
787C
7BBC
787C
3B78
3BB8
1FF0
0FE0
1010
0FE0
0000
ENDCHAR
STARTCHAR uE24B
ENCODING 57931
SWIDTH 1000 0
DWIDTH 16 0
BBX 16 16 0 -2
BITMAP
0000
0000
07C0
1FF0
3FF8
3878
7BBC
787C
7B7C
3BB8
3FF8
1830
0C60
1290
0FE0
0000
ENDCHAR
STARTCHAR uE24C
ENCODING 57932
SWIDTH 1000 0
DWIDTH 16 0
BBX 16 16 0 -2
BITMAP
0000
0000
07C0
1FF0
3878
2BB8
4BBC
087C
4B7C
2BB8
3BB8
1FF0
0FE0
1010
0FE0
0000
ENDCHAR
STARTCHAR uE24D
ENCODING 57933
SWIDTH 1000 0
DWIDTH 16 0
BBX 16 16 0 -2
BITMAP
0000
0000
07C0
1FF0
3878
3BA8
7BA4
7860
7B64
3BA8
3BB8
1FF0
0FE0
1010
0FE0
0000
ENDCHAR
STARTCHAR uE24E
ENCODING 57934
SWIDTH 1000 0
DWIDTH 16 0
BBX 16 16 0 -2
BITMAP
0000
0000
06C0
1C70
3838
3FF8
787C
7BBC
787C
3BB8
3FF8
1830
0C60
1290
0FE0
0000
ENDCHAR
STARTCHAR uE24F
ENCODING 57935
SWIDTH 1000 0
DWIDTH 16 0
BBX 16 16 0 -2
BITMAP
0000
0000
07C0
1FF0
3878
2BA8
4BA4
0860
4B64
2BA8
3BB8
1FF0
0FE0
1010
0FE0
0000
ENDCHAR
STARTCHAR uF8EB
ENCODING 63723
SWIDTH 1000 0
DWIDTH 16 0
BBX 16 16 0 -2
BITMAP
0000
0000
0000
0000
1010
0820
07C0
1FF0
3FF8
3FF8
77DC
7FFC
7FFC
0000
0000
0000
ENDCHAR
STARTCHAR uF8EC
ENCODING 63724
SWIDTH 1000 0
DWIDTH 16 0
BBX 16 16 0 -2
BITMAP
0000
0000
1FF0
2008
4004
4024
4384
4444
4444
4444
4384
4004
4004
2008
1FF0
0000
ENDCHAR
STARTCHAR uF8ED
ENCODING 63725
SWIDTH 1000 0
DWIDTH 16 0
BBX 16 16 0 -2
BITMAP
0000
0000
3FFE
6002
E002
E112
E112
E112
E002
E002
E004
E008
FC70
FCE0
0D00
0E00
ENDCHAR
STARTCHAR uF8EE
ENCODING 63726
SWIDTH 1000 0
DWIDTH 16 0
BBX 16 16 0 -2
BITMAP
0000
0180
01C0
01E0
0188
01B8
01A0
1DA0
3DA0
31A0
31A0
31A0
1FA0
0F20
0040
0780
ENDCHAR
STARTCHAR uF8EF
ENCODING 63727
SWIDTH 1000 0
DWIDTH 16 0
BBX 16 16 0 -2
BITMAP
0000
0000
0000
3FF8
7FFC
FFFE
F9FE
F87E
F81E
F87E
F9FE
FFFE
7FFC
3FF8
0000
0000
ENDCHAR
STARTCHAR uF8F0
ENCODING 63728
SWIDTH 1000 0
DWIDTH 16 0
BBX 16 16 0 -2
BITMAP
0000
0000
1010
0820
0440
3FF8
4004
4004
4004
4824
4824
4004
4004
4004
3FF8
0000
ENDCHAR
STARTCHAR uF8F1
ENCODING 63729
SWIDTH 1000 0
DWIDTH 16 0
BBX 16 16 0 -2
BITMAP
0000
0000
4030
2078
30FC
5CF8
3FF8
5FF8
3FF8
1FF0
0FF0
03E0
07C0
0F00
7800
0000
ENDCHAR
STARTCHAR uF8F2
ENCODING 63730
SWIDTH 1000 0
DWIDTH 16 0
BBX 16 16 0 -2
BITMAP
0000
0000
7004
4808
2410
1220
0940
0480
0280
0240
0520
0890
1048
2024
401C
0000
ENDCHAR
STARTCHAR uF8F3
ENCODING 63731
SWIDTH 1000 0
DWIDTH 16 0
BBX 16 16 0 -2
BITMAP
0000
0000
00E0
0010
00C8
0E24
1ED4
3FE0
7FE0
7838
739C
76DC
7398
3830
1FE0
0000
ENDCHAR
STARTCHAR uF8F4
ENCODING 63732
SWIDTH 1000 0
DWIDTH 16 0
BBX 16 16 0 -2
BITMAP
0000
0000
1FF0
3FF8
7F1C
7E1C
7E7C
7E7C
781C
781C
7E7C
7E7C
7E7C
3E78
1E70
0000
ENDCHAR
STARTCHAR uF8F5
ENCODING 63733
SWIDTH 1000 0
DWIDTH 16 0
BBX 16 16 0 -2
BITMAP
0000
0000
0000
1C70
3FF8
7FFC
7FFC
F39E
F39E
FFFE
FFFE
EFEE
739C
1C70
0000
0000
ENDCHAR
STARTCHAR uF8F6
ENCODING 63734
SWIDTH 1000 0
DWIDTH 16 0
BBX 16 16 0 -2
BITMAP
0000
7FFC
7FFC
701C
77FC
77FC
77FC
701C
7FDC
3FD8
37D8
3838
1FF0
0FE0
0FE0
0380
ENDCHAR
STARTCHAR uF8F7
ENCODING 63735
SWIDTH 1000 0
DWIDTH 16 0
BBX 16 16 0 -2
BITMAP
0000
0820
0440
0380
07C0
0BA0
0FE0
2008
2FE8
2FE8
2FE8
2FE8
2FE8
07C0
0440
0440
ENDCHAR
STARTCHAR uF8F8
ENCODING 63736
SWIDTH 1000 0
DWIDTH 16 0
BBX 16 16 0 -2
BITMAP
0000
0000
07C0
1FF0
2388
3118
783C
783C
711C
739C
67CC
2FE8
3FF8
1FF0
07C0
0000
ENDCHAR
STARTCHAR uF8F9
ENCODING 63737
SWIDTH 1000 0
DWIDTH 16 0
BBX 16 16 0 -2
BITMAP
0000
0000
03C0
0360
0360
0360
0300
0300
0F00
3F78
63E4
4704
7B3C
33F8
01C0
0000
ENDCHAR
STARTCHAR uF8FA
ENCODING 63738
SWIDTH 1000 0
DWIDTH 16 0
BBX 16 16 0 -2
BITMAP
0000
0000
1EF0
22F8
42FC
5AFC
5AFC
42FC
42FC
42FC
42CC
42CC
42FC
22F8
1EF0
0000
ENDCHAR
STARTCHAR uF8FB
ENCODING 63739
SWIDTH 1000 0
DWIDTH 16 0
BBX 16 16 0 -2
BITMAP
0000
0000
07C0
1FF0
3FF8
3F98
7F6C
5F6C
4E1C
663C
707C
39F8
3FF8
1FF0
07C0
0000
ENDCHAR
STARTCHAR uF8FC
ENCODING 63740
SWIDTH 1000 0
DWIDTH 16 0
BBX 16 16 0 -2
BITMAP
0000
0000
1830
2448
2288
4284
4104
8102
8282
8282
8442
8442
4824
3018
0000
0000
ENDCHAR
STARTCHAR uF8FD
ENCODING 63741
SWIDTH 1000 0
DWIDTH 16 0
BBX 16 16 0 -2
BITMAP
0000
0000
003C
0EFC
7EFC
7EFC
7EFC
7EFC
0000
7EFC
7EFC
7EFC
7EFC
0EFC
003C
0000
ENDCHAR
STARTCHAR uF8FE
ENCODING 63742
SWIDTH 1000 0
DWIDTH 16 0
BBX 16 16 0 -2
BITMAP
0000
0000
0380
07C0
0BA0
1110
1110
1550
1110
0EE0
0470
0AB8
191C
381C
781C
0000
ENDCHAR
STARTCHAR uF8FF
ENCODING 63743
SWIDTH 1000 0
DWIDTH 16 0
BBX 16 16 0 -2
BITMAP
0000
00C0
0180
0100
1C70
3FF8
3FF8
7FF0
7FE0
7FE0
7FE0
7FF0
3FF8
3FF8
1FF0
0C60
ENDCHAR
STARTCHAR uFE10
ENCODING 65040
SWIDTH 1000 0
DWIDTH 16 0
BBX 16 16 0 -2
BITMAP
0000
0018
0018
0008
0010
0000
0000
0000
0000
0000
0000
0000
0000
0000
0000
0000
ENDCHAR
STARTCHAR uFE11
ENCODING 65041
SWIDTH 1000 0
DWIDTH 16 0
BBX 16 16 0 -2
BITMAP
0000
0020
0018
000C
0004
0000
0000
0000
0000
0000
0000
0000
0000
0000
0000
0000
ENDCHAR
STARTCHAR uFE12
ENCODING 65042
SWIDTH 1000 0
DWIDTH 16 0
BBX 16 16 0 -2
BITMAP
0000
0018
0024
0024
0018
0000
0000
0000
0000
0000
0000
0000
0000
0000
0000
0000
ENDCHAR
STARTCHAR uFE13
ENCODING 65043
SWIDTH 1000 0
DWIDTH 16 0
BBX 16 16 0 -2
BITMAP
0000
0000
0000
0300
0300
0000
0000
0000
0000
0000
0000
0300
0300
0000
0000
0000
ENDCHAR
STARTCHAR uFE14
ENCODING 65044
SWIDTH 1000 0
DWIDTH 16 0
BBX 16 16 0 -2
BITMAP
0000
0000
0000
0300
0300
0000
0000
0000
0000
0000
0300
0300
0100
0200
0000
0000
ENDCHAR
STARTCHAR uFE15
ENCODING 65045
SWIDTH 1000 0
DWIDTH 16 0
BBX 16 16 0 -2
BITMAP
0000
0000
0100
0380
0380
0380
0380
0100
0100
0100
0100
0000
0000
0100
0100
0000
ENDCHAR
STARTCHAR uFE16
ENCODING 65046
SWIDTH 1000 0
DWIDTH 16 0
BBX 16 16 0 -2
BITMAP
0000
0000
07C0
0820
0820
0020
0040
0080
0100
0100
0100
0000
0000
0100
0100
0000
ENDCHAR
STARTCHAR uFE17
ENCODING 65047
SWIDTH 1000 0
DWIDTH 16 0
BBX 16 16 0 -2
BITMAP
0000
0000
0000
0000
0000
0000
0000
0000
0000
FFFE
8002
8FE2
B01A
C006
8002
0000
ENDCHAR
STARTCHAR uFE18
ENCODING 65048
SWIDTH 1000 0
DWIDTH 16 0
BBX 16 16 0 -2
BITMAP
0000
0000
8002
C006
B01A
8FE2
8002
FFFE
0000
0000
0000
0000
0000
0000
0000
0000
ENDCHAR
STARTCHAR uFE19
ENCODING 65049
SWIDTH 1000 0
DWIDTH 16 0
BBX 16 16 0 -2
BITMAP
0000
0000
0000
0300
0300
0000
0000
0300
0300
0000
0000
0300
0300
0000
0000
0000
ENDCHAR
STARTCHAR uFE30
ENCODING 65072
SWIDTH 1000 0
DWIDTH 16 0
BBX 16 16 0 -2
BITMAP
0000
0000
0000
0300
0300
0000
0000
0000
0000
0000
0000
0300
0300
0000
0000
0000
ENDCHAR
STARTCHAR uFE31
ENCODING 65073
SWIDTH 1000 0
DWIDTH 16 0
BBX 16 16 0 -2
BITMAP
0000
0100
0100
0100
0100
0100
0100
0100
0100
0100
0100
0100
0100
0100
0100
0100
ENDCHAR
STARTCHAR uFE32
ENCODING 65074
SWIDTH 1000 0
DWIDTH 16 0
BBX 16 16 0 -2
BITMAP
0000
0000
0000
0000
0000
0100
0100
0100
0100
0100
0100
0100
0000
0000
0000
0000
ENDCHAR
STARTCHAR uFE33
ENCODING 65075
SWIDTH 1000 0
DWIDTH 16 0
BBX 16 16 0 -2
BITMAP
0000
8000
8000
8000
8000
8000
8000
8000
8000
8000
8000
8000
8000
8000
8000
8000
ENDCHAR
STARTCHAR uFE34
ENCODING 65076
SWIDTH 1000 0
DWIDTH 16 0
BBX 16 16 0 -2
BITMAP
0000
8000
4000
4000
8000
8000
8000
4000
4000
4000
8000
8000
8000
4000
4000
8000
ENDCHAR
STARTCHAR uFE35
ENCODING 65077
SWIDTH 1000 0
DWIDTH 16 0
BBX 16 16 0 -2
BITMAP
0000
0000
0000
0000
0000
0000
0000
0000
0000
0000
0000
0FE0
3018
4004
8002
0000
ENDCHAR
STARTCHAR uFE36
ENCODING 65078
SWIDTH 1000 0
DWIDTH 16 0
BBX 16 16 0 -2
BITMAP
0000
0000
8002
4004
3018
0FE0
0000
0000
0000
0000
0000
0000
0000
0000
0000
0000
ENDCHAR
STARTCHAR uFE37
ENCODING 65079
SWIDTH 1000 0
DWIDTH 16 0
BBX 16 16 0 -2
BITMAP
0000
0000
0000
0000
0000
0000
0000
0000
0000
0000
0100
0280
7C7C
8002
8002
0000
ENDCHAR
STARTCHAR uFE38
ENCODING 65080
SWIDTH 1000 0
DWIDTH 16 0
BBX 16 16 0 -2
BITMAP
0000
0000
8002
8002
7C7C
0280
0100
0000
0000
0000
0000
0000
0000
0000
0000
0000
ENDCHAR
STARTCHAR uFE39
ENCODING 65081
SWIDTH 1000 0
DWIDTH 16 0
BBX 16 16 0 -2
BITMAP
0000
0000
0000
0000
0000
0000
0000
0000
0000
0000
0000
1FF0
2008
4004
8002
0000
ENDCHAR
STARTCHAR uFE3A
ENCODING 65082
SWIDTH 1000 0
DWIDTH 16 0
BBX 16 16 0 -2
BITMAP
0000
0000
8002
4004
2008
1FF0
0000
0000
0000
0000
0000
0000
0000
0000
0000
0000
ENDCHAR
STARTCHAR uFE3B
ENCODING 65083
SWIDTH 1000 0
DWIDTH 16 0
BBX 16 16 0 -2
BITMAP
0000
0000
0000
0000
0000
0000
0000
0000
0000
FFFE
FFFE
FFFE
F01E
C006
8002
0000
ENDCHAR
STARTCHAR uFE3C
ENCODING 65084
SWIDTH 1000 0
DWIDTH 16 0
BBX 16 16 0 -2
BITMAP
0000
0000
8002
C006
F01E
FFFE
FFFE
FFFE
0000
0000
0000
0000
0000
0000
0000
0000
ENDCHAR
STARTCHAR uFE3D
ENCODING 65085
SWIDTH 1000 0
DWIDTH 16 0
BBX 16 16 0 -2
BITMAP
0000
0000
0000
0000
0000
0000
0000
0000
0380
0C60
3018
C386
0C60
3018
C006
0000
ENDCHAR
STARTCHAR uFE3E
ENCODING 65086
SWIDTH 1000 0
DWIDTH 16 0
BBX 16 16 0 -2
BITMAP
0000
0000
C006
3018
0C60
C386
3018
0C60
0380
0000
0000
0000
0000
0000
0000
0000
ENDCHAR
STARTCHAR uFE3F
ENCODING 65087
SWIDTH 1000 0
DWIDTH 16 0
BBX 16 16 0 -2
BITMAP
0000
0000
0000
0000
0000
0000
0000
0000
0000
0000
0000
0380
0C60
3018
C006
0000
ENDCHAR
STARTCHAR uFE40
ENCODING 65088
SWIDTH 1000 0
DWIDTH 16 0
BBX 16 16 0 -2
BITMAP
0000
0000
C006
3018
0C60
0380
0000
0000
0000
0000
0000
0000
0000
0000
0000
0000
ENDCHAR
STARTCHAR uFE41
ENCODING 65089
SWIDTH 1000 0
DWIDTH 16 0
BBX 16 16 0 -2
BITMAP
0000
0000
0000
0000
0000
0000
0000
0000
0000
0000
0FFE
0002
0002
0002
0002
0000
ENDCHAR
STARTCHAR uFE42
ENCODING 65090
SWIDTH 1000 0
DWIDTH 16 0
BBX 16 16 0 -2
BITMAP
0000
0000
8000
8000
8000
8000
FFE0
0000
0000
0000
0000
0000
0000
0000
0000
0000
ENDCHAR
STARTCHAR uFE43
ENCODING 65091
SWIDTH 1000 0
DWIDTH 16 0
BBX 16 16 0 -2
BITMAP
0000
0000
0000
0000
0000
0000
0000
0000
0000
0FFE
0802
0FFA
000A
000A
000E
0000
ENDCHAR
STARTCHAR uFE44
ENCODING 65092
SWIDTH 1000 0
DWIDTH 16 0
BBX 16 16 0 -2
BITMAP
0000
0000
E000
A000
A000
BFE0
8020
FFE0
0000
0000
0000
0000
0000
0000
0000
0000
ENDCHAR
STARTCHAR uFE45
ENCODING 65093
SWIDTH 1000 0
DWIDTH 16 0
BBX 16 16 0 -2
BITMAP
0000
0000
0000
3C00
1F00
0FC0
07E0
03F0
03F0
01F8
01F8
00F8
00F8
0070
0000
0000
ENDCHAR
STARTCHAR uFE46
ENCODING 65094
SWIDTH 1000 0
DWIDTH 16 0
BBX 16 16 0 -2
BITMAP
0000
0000
0000
3C00
1300
08C0
0420
0210
0210
0108
0108
0088
0088
0070
0000
0000
ENDCHAR
STARTCHAR uFE47
ENCODING 65095
SWIDTH 1000 0
DWIDTH 16 0
BBX 16 16 0 -2
BITMAP
0000
0000
0000
0000
0000
0000
0000
0000
0000
0000
0000
FFFE
8002
8002
8002
0000
ENDCHAR
STARTCHAR uFE48
ENCODING 65096
SWIDTH 1000 0
DWIDTH 16 0
BBX 16 16 0 -2
BITMAP
0000
0000
8002
8002
8002
FFFE
0000
0000
0000
0000
0000
0000
0000
0000
0000
0000
ENDCHAR
STARTCHAR uFE49
ENCODING 65097
SWIDTH 1000 0
DWIDTH 16 0
BBX 16 16 0 -2
BITMAP
0000
F7DE
0000
0000
0000
0000
0000
0000
0000
0000
0000
0000
0000
0000
0000
0000
ENDCHAR
STARTCHAR uFE4A
ENCODING 65098
SWIDTH 1000 0
DWIDTH 16 0
BBX 16 16 0 -2
BITMAP
0000
F93E
0000
0000
0000
0000
0000
0000
0000
0000
0000
0000
0000
0000
0000
0000
ENDCHAR
STARTCHAR uFE4B
ENCODING 65099
SWIDTH 1000 0
DWIDTH 16 0
BBX 16 16 0 -2
BITMAP
0000
9C72
638C
0000
0000
0000
0000
0000
0000
0000
0000
0000
0000
0000
0000
0000
ENDCHAR
STARTCHAR uFE4C
ENCODING 65100
SWIDTH 1000 0
DWIDTH 16 0
BBX 16 16 0 -2
BITMAP
0000
9C72
638C
9C72
638C
0000
0000
0000
0000
0000
0000
0000
0000
0000
0000
0000
ENDCHAR
STARTCHAR uFE4D
ENCODING 65101
SWIDTH 1000 0
DWIDTH 16 0
BBX 16 16 0 -2
BITMAP
0000
0000
0000
0000
0000
0000
0000
0000
0000
0000
0000
0000
0000
0000
0000
F7DE
ENDCHAR
STARTCHAR uFE4E
ENCODING 65102
SWIDTH 1000 0
DWIDTH 16 0
BBX 16 16 0 -2
BITMAP
0000
0000
0000
0000
0000
0000
0000
0000
0000
0000
0000
0000
0000
0000
0000
F93E
ENDCHAR
STARTCHAR uFE4F
ENCODING 65103
SWIDTH 1000 0
DWIDTH 16 0
BBX 16 16 0 -2
BITMAP
0000
0000
0000
0000
0000
0000
0000
0000
0000
0000
0000
0000
0000
0000
638C
9C72
ENDCHAR
STARTCHAR uFF01
ENCODING 65281
SWIDTH 1000 0
DWIDTH 16 0
BBX 16 16 0 -2
BITMAP
0000
0000
0100
0380
0380
0380
0380
0100
0100
0100
0100
0000
0000
0100
0100
0000
ENDCHAR
STARTCHAR uFF02
ENCODING 65282
SWIDTH 1000 0
DWIDTH 16 0
BBX 16 16 0 -2
BITMAP
0000
0000
0280
0280
0280
0000
0000
0000
0000
0000
0000
0000
0000
0000
0000
0000
ENDCHAR
STARTCHAR uFF03
ENCODING 65283
SWIDTH 1000 0
DWIDTH 16 0
BBX 16 16 0 -2
BITMAP
0000
0000
0000
0440
0440
0440
3FF8
0440
0440
0440
3FF8
0440
0440
0440
0000
0000
ENDCHAR
STARTCHAR uFF04
ENCODING 65284
SWIDTH 1000 0
DWIDTH 16 0
BBX 16 16 0 -2
BITMAP
0000
0000
0100
07E0
0910
1100
1100
0900
07C0
0120
0110
0110
1120
0FC0
0100
0000
ENDCHAR
STARTCHAR uFF05
ENCODING 65285
SWIDTH 1000 0
DWIDTH 16 0
BBX 16 16 0 -2
BITMAP
0000
0000
0000
0C20
1240
1240
0C80
0080
0100
0200
0260
0490
0490
0860
0000
0000
ENDCHAR
STARTCHAR uFF06
ENCODING 65286
SWIDTH 1000 0
DWIDTH 16 0
BBX 16 16 0 -2
BITMAP
0000
0000
0000
0380
0440
0440
0440
0280
0300
0490
0850
0820
0820
07D0
0000
0000
ENDCHAR
STARTCHAR uFF07
ENCODING 65287
SWIDTH 1000 0
DWIDTH 16 0
BBX 16 16 0 -2
BITMAP
0000
0000
0100
0100
0100
0000
0000
0000
0000
0000
0000
0000
0000
0000
0000
0000
ENDCHAR
STARTCHAR uFF08
ENCODING 65288
SWIDTH 1000 0
DWIDTH 16 0
BBX 16 16 0 -2
BITMAP
0000
0004
0008
0010
0010
0020
0020
0020
0020
0020
0020
0020
0010
0010
0008
0004
ENDCHAR
STARTCHAR uFF09
ENCODING 65289
SWIDTH 1000 0
DWIDTH 16 0
BBX 16 16 0 -2
BITMAP
0000
4000
2000
1000
1000
0800
0800
0800
0800
0800
0800
0800
1000
1000
2000
4000
ENDCHAR
STARTCHAR uFF0A
ENCODING 65290
SWIDTH 1000 0
DWIDTH 16 0
BBX 16 16 0 -2
BITMAP
0000
0000
0000
0000
0100
1110
0920
0540
0380
0540
0920
1110
0100
0000
0000
0000
ENDCHAR
STARTCHAR uFF0B
ENCODING 65291
SWIDTH 1000 0
DWIDTH 16 0
BBX 16 16 0 -2
BITMAP
0000
0000
0000
0000
0100
0100
0100
0100
1FF0
0100
0100
0100
0100
0000
0000
0000
ENDCHAR
STARTCHAR uFF0C
ENCODING 65292
SWIDTH 1000 0
DWIDTH 16 0
BBX 16 16 0 -2
BITMAP
0000
0000
0000
0000
0000
0000
0000
0000
0000
0000
0000
0000
1800
1800
0800
1000
ENDCHAR
STARTCHAR uFF0D
ENCODING 65293
SWIDTH 1000 0
DWIDTH 16 0
BBX 16 16 0 -2
BITMAP
0000
0000
0000
0000
0000
0000
0000
0000
1FF0
0000
0000
0000
0000
0000
0000
0000
ENDCHAR
STARTCHAR uFF0E
ENCODING 65294
SWIDTH 1000 0
DWIDTH 16 0
BBX 16 16 0 -2
BITMAP
0000
0000
0000
0000
0000
0000
0000
0000
0000
0000
0000
0000
0000
1800
1800
0000
ENDCHAR
STARTCHAR uFF0F
ENCODING 65295
SWIDTH 1000 0
DWIDTH 16 0
BBX 16 16 0 -2
BITMAP
0000
0002
0004
0008
0010
0020
0040
0080
0100
0200
0400
0800
1000
2000
4000
8000
ENDCHAR
STARTCHAR uFF10
ENCODING 65296
SWIDTH 1000 0
DWIDTH 16 0
BBX 16 24 0 -6
BITMAP
0000
0000
0000
0000
0000
0000
0000
0380
0440
0820
0860
08A0
0920
0A20
0C20
0820
0440
0380
0000
0000
0000
0000
0000
0000
ENDCHAR
STARTCHAR uFF11
ENCODING 65297
SWIDTH 1000 0
DWIDTH 16 0
BBX 16 24 0 -6
BITMAP
0000
0000
0000
0000
0000
0000
0000
0100
0300
0100
0100
0100
0100
0100
0100
0100
0100
0380
0000
0000
0000
0000
0000
0000
ENDCHAR
STARTCHAR uFF12
ENCODING 65298
SWIDTH 1000 0
DWIDTH 16 0
BBX 16 24 0 -6
BITMAP
0000
0000
0000
0000
0000
0000
0000
07C0
0820
0020
0020
0040
0080
0100
0200
0400
0800
0FE0
0000
0000
0000
0000
0000
0000
ENDCHAR
STARTCHAR uFF13
ENCODING 65299
SWIDTH 1000 0
DWIDTH 16 0
BBX 16 24 0 -6
BITMAP
0000
0000
0000
0000
0000
0000
0000
07C0
0820
0020
0020
0020
03C0
0020
0020
0020
0820
07C0
0000
0000
0000
0000
0000
0000
ENDCHAR
STARTCHAR uFF14
ENCODING 65300
SWIDTH 1000 0
DWIDTH 16 0
BBX 16 24 0 -6
BITMAP
0000
0000
0000
0000
0000
0000
0000
0080
0180
0180
0280
0280
0480
0480
0880
0FE0
0080
0080
0000
0000
0000
0000
0000
0000
ENDCHAR
STARTCHAR uFF15
ENCODING 65301
SWIDTH 1000 0
DWIDTH 16 0
BBX 16 24 0 -6
BITMAP
0000
0000
0000
0000
0000
0000
0000
0FE0
0800
0800
0800
0800
0FC0
0020
0020
0020
0820
07C0
0000
0000
0000
0000
0000
0000
ENDCHAR
STARTCHAR uFF16
ENCODING 65302
SWIDTH 1000 0
DWIDTH 16 0
BBX 16 24 0 -6
BITMAP
0000
0000
0000
0000
0000
0000
0000
07C0
0820
0800
0800
0800
0FC0
0820
0820
0820
0820
07C0
0000
0000
0000
0000
0000
0000
ENDCHAR
STARTCHAR uFF17
ENCODING 65303
SWIDTH 1000 0
DWIDTH 16 0
BBX 16 24 0 -6
BITMAP
0000
0000
0000
0000
0000
0000
0000
0FE0
0020
0020
0040
0040
0040
0080
0080
0080
0080
0080
0000
0000
0000
0000
0000
0000
ENDCHAR
STARTCHAR uFF18
ENCODING 65304
SWIDTH 1000 0
DWIDTH 16 0
BBX 16 24 0 -6
BITMAP
0000
0000
0000
0000
0000
0000
0000
07C0
0820
0820
0820
0820
07C0
0820
0820
0820
0820
07C0
0000
0000
0000
0000
0000
0000
ENDCHAR
STARTCHAR uFF19
ENCODING 65305
SWIDTH 1000 0
DWIDTH 16 0
BBX 16 24 0 -6
BITMAP
0000
0000
0000
0000
0000
0000
0000
07C0
0820
0820
0820
0820
07E0
0020
0020
0020
0820
07C0
0000
0000
0000
0000
0000
0000
ENDCHAR
STARTCHAR uFF1A
ENCODING 65306
SWIDTH 1000 0
DWIDTH 16 0
BBX 16 16 0 -2
BITMAP
0000
0000
0000
0000
0000
0180
0180
0000
0000
0000
0000
0000
0000
0180
0180
0000
ENDCHAR
STARTCHAR uFF1B
ENCODING 65307
SWIDTH 1000 0
DWIDTH 16 0
BBX 16 16 0 -2
BITMAP
0000
0000
0000
0000
0000
0180
0180
0000
0000
0000
0000
0000
0180
0180
0080
0100
ENDCHAR
STARTCHAR uFF1C
ENCODING 65308
SWIDTH 1000 0
DWIDTH 16 0
BBX 16 16 0 -2
BITMAP
0000
0000
0000
0000
0040
0080
0100
0200
0400
0200
0100
0080
0040
0000
0000
0000
ENDCHAR
STARTCHAR uFF1D
ENCODING 65309
SWIDTH 1000 0
DWIDTH 16 0
BBX 16 16 0 -2
BITMAP
0000
0000
0000
0000
0000
0000
0000
1FF0
0000
1FF0
0000
0000
0000
0000
0000
0000
ENDCHAR
STARTCHAR uFF1E
ENCODING 65310
SWIDTH 1000 0
DWIDTH 16 0
BBX 16 16 0 -2
BITMAP
0000
0000
0000
0000
0400
0200
0100
0080
0040
0080
0100
0200
0400
0000
0000
0000
ENDCHAR
STARTCHAR uFF1F
ENCODING 65311
SWIDTH 1000 0
DWIDTH 16 0
BBX 16 16 0 -2
BITMAP
0000
0000
07C0
0820
0820
0020
0040
0080
0100
0100
0100
0000
0000
0100
0100
0000
ENDCHAR
STARTCHAR uFF20
ENCODING 65312
SWIDTH 1000 0
DWIDTH 16 0
BBX 16 16 0 -2
BITMAP
0000
0000
0000
0FE0
1010
2008
23C8
2448
2448
2448
2448
23B8
1000
0FE0
0000
0000
ENDCHAR
STARTCHAR uFF21
ENCODING 65313
SWIDTH 1000 0
DWIDTH 16 0
BBX 16 24 0 -6
BITMAP
0000
0000
0000
0000
0000
0000
0000
0100
0100
0280
0280
0280
0440
0440
07C0
0820
0820
0820
0000
0000
0000
0000
0000
0000
ENDCHAR
STARTCHAR uFF22
ENCODING 65314
SWIDTH 1000 0
DWIDTH 16 0
BBX 16 24 0 -6
BITMAP
0000
0000
0000
0000
0000
0000
0000
0F80
0840
0820
0820
0840
0F80
0840
0820
0820
0840
0F80
0000
0000
0000
0000
0000
0000
ENDCHAR
STARTCHAR uFF23
ENCODING 65315
SWIDTH 1000 0
DWIDTH 16 0
BBX 16 24 0 -6
BITMAP
0000
0000
0000
0000
0000
0000
0000
03C0
0420
0800
0800
0800
0800
0800
0800
0800
0420
03C0
0000
0000
0000
0000
0000
0000
ENDCHAR
STARTCHAR uFF24
ENCODING 65316
SWIDTH 1000 0
DWIDTH 16 0
BBX 16 24 0 -6
BITMAP
0000
0000
0000
0000
0000
0000
0000
0F80
0840
0820
0820
0820
0820
0820
0820
0820
0840
0F80
0000
0000
0000
0000
0000
0000
ENDCHAR
STARTCHAR uFF25
ENCODING 65317
SWIDTH 1000 0
DWIDTH 16 0
BBX 16 24 0 -6
BITMAP
0000
0000
0000
0000
0000
0000
0000
0FE0
0800
0800
0800
0800
0FC0
0800
0800
0800
0800
0FE0
0000
0000
0000
0000
0000
0000
ENDCHAR
STARTCHAR uFF26
ENCODING 65318
SWIDTH 1000 0
DWIDTH 16 0
BBX 16 24 0 -6
BITMAP
0000
0000
0000
0000
0000
0000
0000
0FE0
0800
0800
0800
0800
0FC0
0800
0800
0800
0800
0800
0000
0000
0000
0000
0000
0000
ENDCHAR
STARTCHAR uFF27
ENCODING 65319
SWIDTH 1000 0
DWIDTH 16 0
BBX 16 24 0 -6
BITMAP
0000
0000
0000
0000
0000
0000
0000
03C0
0420
0800
0800
0800
0800
08E0
0820
0820
0420
03E0
0000
0000
0000
0000
0000
0000
ENDCHAR
STARTCHAR uFF28
ENCODING 65320
SWIDTH 1000 0
DWIDTH 16 0
BBX 16 24 0 -6
BITMAP
0000
0000
0000
0000
0000
0000
0000
0820
0820
0820
0820
0820
0FE0
0820
0820
0820
0820
0820
0000
0000
0000
0000
0000
0000
ENDCHAR
STARTCHAR uFF29
ENCODING 65321
SWIDTH 1000 0
DWIDTH 16 0
BBX 16 24 0 -6
BITMAP
0000
0000
0000
0000
0000
0000
0000
0380
0100
0100
0100
0100
0100
0100
0100
0100
0100
0380
0000
0000
0000
0000
0000
0000
ENDCHAR
STARTCHAR uFF2A
ENCODING 65322
SWIDTH 1000 0
DWIDTH 16 0
BBX 16 24 0 -6
BITMAP
0000
0000
0000
0000
0000
0000
0000
0020
0020
0020
0020
0020
0020
0020
0420
0420
0420
03C0
0000
0000
0000
0000
0000
0000
ENDCHAR
STARTCHAR uFF2B
ENCODING 65323
SWIDTH 1000 0
DWIDTH 16 0
BBX 16 24 0 -6
BITMAP
0000
0000
0000
0000
0000
0000
0000
0820
0840
0880
0900
0A00
0C00
0A00
0900
0880
0840
0820
0000
0000
0000
0000
0000
0000
ENDCHAR
STARTCHAR uFF2C
ENCODING 65324
SWIDTH 1000 0
DWIDTH 16 0
BBX 16 24 0 -6
BITMAP
0000
0000
0000
0000
0000
0000
0000
0400
0400
0400
0400
0400
0400
0400
0400
0400
0400
07E0
0000
0000
0000
0000
0000
0000
ENDCHAR
STARTCHAR uFF2D
ENCODING 65325
SWIDTH 1000 0
DWIDTH 16 0
BBX 16 24 0 -6
BITMAP
0000
0000
0000
0000
0000
0000
0000
1010
1010
1830
1830
1450
1450
1290
1290
1110
1110
1110
0000
0000
0000
0000
0000
0000
ENDCHAR
STARTCHAR uFF2E
ENCODING 65326
SWIDTH 1000 0
DWIDTH 16 0
BBX 16 24 0 -6
BITMAP
0000
0000
0000
0000
0000
0000
0000
0820
0C20
0C20
0A20
0A20
0920
08A0
08A0
0860
0860
0820
0000
0000
0000
0000
0000
0000
ENDCHAR
STARTCHAR uFF2F
ENCODING 65327
SWIDTH 1000 0
DWIDTH 16 0
BBX 16 24 0 -6
BITMAP
0000
0000
0000
0000
0000
0000
0000
0380
0440
0820
0820
0820
0820
0820
0820
0820
0440
0380
0000
0000
0000
0000
0000
0000
ENDCHAR
STARTCHAR uFF30
ENCODING 65328
SWIDTH 1000 0
DWIDTH 16 0
BBX 16 24 0 -6
BITMAP
0000
0000
0000
0000
0000
0000
0000
0FC0
0820
0820
0820
0820
0FC0
0800
0800
0800
0800
0800
0000
0000
0000
0000
0000
0000
ENDCHAR
STARTCHAR uFF31
ENCODING 65329
SWIDTH 1000 0
DWIDTH 16 0
BBX 16 24 0 -6
BITMAP
0000
0000
0000
0000
0000
0000
0000
0380
0440
0820
0820
0820
0820
0820
0820
08A0
0440
03A0
0000
0000
0000
0000
0000
0000
ENDCHAR
STARTCHAR uFF32
ENCODING 65330
SWIDTH 1000 0
DWIDTH 16 0
BBX 16 24 0 -6
BITMAP
0000
0000
0000
0000
0000
0000
0000
0FC0
0820
0820
0820
0820
0FC0
0880
0880
0840
0840
0820
0000
0000
0000
0000
0000
0000
ENDCHAR
STARTCHAR uFF33
ENCODING 65331
SWIDTH 1000 0
DWIDTH 16 0
BBX 16 24 0 -6
BITMAP
0000
0000
0000
0000
0000
0000
0000
07C0
0820
0800
0800
0400
0380
0040
0020
0020
0820
07C0
0000
0000
0000
0000
0000
0000
ENDCHAR
STARTCHAR uFF34
ENCODING 65332
SWIDTH 1000 0
DWIDTH 16 0
BBX 16 24 0 -6
BITMAP
0000
0000
0000
0000
0000
0000
0000
0FE0
0100
0100
0100
0100
0100
0100
0100
0100
0100
0100
0000
0000
0000
0000
0000
0000
ENDCHAR
STARTCHAR uFF35
ENCODING 65333
SWIDTH 1000 0
DWIDTH 16 0
BBX 16 24 0 -6
BITMAP
0000
0000
0000
0000
0000
0000
0000
0820
0820
0820
0820
0820
0820
0820
0820
0820
0440
0380
0000
0000
0000
0000
0000
0000
ENDCHAR
STARTCHAR uFF36
ENCODING 65334
SWIDTH 1000 0
DWIDTH 16 0
BBX 16 24 0 -6
BITMAP
0000
0000
0000
0000
0000
0000
0000
0820
0820
0820
0440
0440
0440
0280
0280
0280
0100
0100
0000
0000
0000
0000
0000
0000
ENDCHAR
STARTCHAR uFF37
ENCODING 65335
SWIDTH 1000 0
DWIDTH 16 0
BBX 16 24 0 -6
BITMAP
0000
0000
0000
0000
0000
0000
0000
2108
2108
2288
2288
1290
1450
1450
1450
0820
0820
0820
0000
0000
0000
0000
0000
0000
ENDCHAR
STARTCHAR uFF38
ENCODING 65336
SWIDTH 1000 0
DWIDTH 16 0
BBX 16 24 0 -6
BITMAP
0000
0000
0000
0000
0000
0000
0000
0820
0820
0440
0440
0280
0100
0280
0440
0440
0820
0820
0000
0000
0000
0000
0000
0000
ENDCHAR
STARTCHAR uFF39
ENCODING 65337
SWIDTH 1000 0
DWIDTH 16 0
BBX 16 24 0 -6
BITMAP
0000
0000
0000
0000
0000
0000
0000
0820
0820
0440
0440
0280
0280
0100
0100
0100
0100
0100
0000
0000
0000
0000
0000
0000
ENDCHAR
STARTCHAR uFF3A
ENCODING 65338
SWIDTH 1000 0
DWIDTH 16 0
BBX 16 24 0 -6
BITMAP
0000
0000
0000
0000
0000
0000
0000
0FE0
0020
0040
0080
0080
0100
0200
0200
0400
0800
0FE0
0000
0000
0000
0000
0000
0000
ENDCHAR
STARTCHAR uFF3B
ENCODING 65339
SWIDTH 1000 0
DWIDTH 16 0
BBX 16 16 0 -2
BITMAP
0000
003C
0020
0020
0020
0020
0020
0020
0020
0020
0020
0020
0020
0020
0020
003C
ENDCHAR
STARTCHAR uFF3C
ENCODING 65340
SWIDTH 1000 0
DWIDTH 16 0
BBX 16 16 0 -2
BITMAP
0000
8000
4000
2000
1000
0800
0400
0200
0100
0080
0040
0020
0010
0008
0004
0002
ENDCHAR
STARTCHAR uFF3D
ENCODING 65341
SWIDTH 1000 0
DWIDTH 16 0
BBX 16 16 0 -2
BITMAP
0000
7800
0800
0800
0800
0800
0800
0800
0800
0800
0800
0800
0800
0800
0800
7800
ENDCHAR
STARTCHAR uFF3E
ENCODING 65342
SWIDTH 1000 0
DWIDTH 16 0
BBX 16 16 0 -2
BITMAP
0000
0000
0100
0280
0440
0000
0000
0000
0000
0000
0000
0000
0000
0000
0000
0000
ENDCHAR
STARTCHAR uFF3F
ENCODING 65343
SWIDTH 1000 0
DWIDTH 16 0
BBX 16 16 0 -2
BITMAP
0000
0000
0000
0000
0000
0000
0000
0000
0000
0000
0000
0000
0000
0000
0000
FFFE
ENDCHAR
STARTCHAR uFF40
ENCODING 65344
SWIDTH 1000 0
DWIDTH 16 0
BBX 16 16 0 -2
BITMAP
0000
0000
0200
0100
0080
0000
0000
0000
0000
0000
0000
0000
0000
0000
0000
0000
ENDCHAR
STARTCHAR uFF41
ENCODING 65345
SWIDTH 1000 0
DWIDTH 16 0
BBX 16 24 0 -6
BITMAP
0000
0000
0000
0000
0000
0000
0000
0000
0000
0000
03C0
0020
0020
03E0
0420
0420
0420
03E0
0000
0000
0000
0000
0000
0000
ENDCHAR
STARTCHAR uFF42
ENCODING 65346
SWIDTH 1000 0
DWIDTH 16 0
BBX 16 24 0 -6
BITMAP
0000
0000
0000
0000
0000
0000
0000
0400
0400
0400
07C0
0420
0420
0420
0420
0420
0420
07C0
0000
0000
0000
0000
0000
0000
ENDCHAR
STARTCHAR uFF43
ENCODING 65347
SWIDTH 1000 0
DWIDTH 16 0
BBX 16 24 0 -6
BITMAP
0000
0000
0000
0000
0000
0000
0000
0000
0000
0000
03C0
0420
0400
0400
0400
0400
0420
03C0
0000
0000
0000
0000
0000
0000
ENDCHAR
STARTCHAR uFF44
ENCODING 65348
SWIDTH 1000 0
DWIDTH 16 0
BBX 16 24 0 -6
BITMAP
0000
0000
0000
0000
0000
0000
0000
0020
0020
0020
03E0
0420
0420
0420
0420
0420
0420
03E0
0000
0000
0000
0000
0000
0000
ENDCHAR
STARTCHAR uFF45
ENCODING 65349
SWIDTH 1000 0
DWIDTH 16 0
BBX 16 24 0 -6
BITMAP
0000
0000
0000
0000
0000
0000
0000
0000
0000
0000
03C0
0420
0420
07E0
0400
0400
0420
03C0
0000
0000
0000
0000
0000
0000
ENDCHAR
STARTCHAR uFF46
ENCODING 65350
SWIDTH 1000 0
DWIDTH 16 0
BBX 16 24 0 -6
BITMAP
0000
0000
0000
0000
0000
0000
0000
00E0
0100
0100
07E0
0100
0100
0100
0100
0100
0100
0100
0000
0000
0000
0000
0000
0000
ENDCHAR
STARTCHAR uFF47
ENCODING 65351
SWIDTH 1000 0
DWIDTH 16 0
BBX 16 24 0 -6
BITMAP
0000
0000
0000
0000
0000
0000
0000
0000
0000
0000
03E0
0420
0420
0420
0420
0420
0420
03E0
0020
0020
03C0
0000
0000
0000
ENDCHAR
STARTCHAR uFF48
ENCODING 65352
SWIDTH 1000 0
DWIDTH 16 0
BBX 16 24 0 -6
BITMAP
0000
0000
0000
0000
0000
0000
0000
0400
0400
0400
05C0
0620
0420
0420
0420
0420
0420
0420
0000
0000
0000
0000
0000
0000
ENDCHAR
STARTCHAR uFF49
ENCODING 65353
SWIDTH 1000 0
DWIDTH 16 0
BBX 16 24 0 -6
BITMAP
0000
0000
0000
0000
0000
0000
0000
0100
0000
0000
0300
0100
0100
0100
0100
0100
0100
0380
0000
0000
0000
0000
0000
0000
ENDCHAR
STARTCHAR uFF4A
ENCODING 65354
SWIDTH 1000 0
DWIDTH 16 0
BBX 16 24 0 -6
BITMAP
0000
0000
0000
0000
0000
0000
0000
0080
0000
0000
0380
0080
0080
0080
0080
0080
0080
0080
0080
0080
0300
0000
0000
0000
ENDCHAR
STARTCHAR uFF4B
ENCODING 65355
SWIDTH 1000 0
DWIDTH 16 0
BBX 16 24 0 -6
BITMAP
0000
0000
0000
0000
0000
0000
0000
0400
0400
0400
0420
0440
0580
0600
0500
0480
0440
0420
0000
0000
0000
0000
0000
0000
ENDCHAR
STARTCHAR uFF4C
ENCODING 65356
SWIDTH 1000 0
DWIDTH 16 0
BBX 16 24 0 -6
BITMAP
0000
0000
0000
0000
0000
0000
0000
0300
0100
0100
0100
0100
0100
0100
0100
0100
0100
0180
0000
0000
0000
0000
0000
0000
ENDCHAR
STARTCHAR uFF4D
ENCODING 65357
SWIDTH 1000 0
DWIDTH 16 0
BBX 16 24 0 -6
BITMAP
0000
0000
0000
0000
0000
0000
0000
0000
0000
0000
16E0
1910
1110
1110
1110
1110
1110
1110
0000
0000
0000
0000
0000
0000
ENDCHAR
STARTCHAR uFF4E
ENCODING 65358
SWIDTH 1000 0
DWIDTH 16 0
BBX 16 24 0 -6
BITMAP
0000
0000
0000
0000
0000
0000
0000
0000
0000
0000
05C0
0620
0420
0420
0420
0420
0420
0420
0000
0000
0000
0000
0000
0000
ENDCHAR
STARTCHAR uFF4F
ENCODING 65359
SWIDTH 1000 0
DWIDTH 16 0
BBX 16 24 0 -6
BITMAP
0000
0000
0000
0000
0000
0000
0000
0000
0000
0000
03C0
0420
0420
0420
0420
0420
0420
03C0
0000
0000
0000
0000
0000
0000
ENDCHAR
STARTCHAR uFF50
ENCODING 65360
SWIDTH 1000 0
DWIDTH 16 0
BBX 16 24 0 -6
BITMAP
0000
0000
0000
0000
0000
0000
0000
0000
0000
0000
07C0
0420
0420
0420
0420
0420
0420
07C0
0400
0400
0400
0000
0000
0000
ENDCHAR
STARTCHAR uFF51
ENCODING 65361
SWIDTH 1000 0
DWIDTH 16 0
BBX 16 24 0 -6
BITMAP
0000
0000
0000
0000
0000
0000
0000
0000
0000
0000
03E0
0420
0420
0420
0420
0420
0420
03E0
0020
0020
0020
0000
0000
0000
ENDCHAR
STARTCHAR uFF52
ENCODING 65362
SWIDTH 1000 0
DWIDTH 16 0
BBX 16 24 0 -6
BITMAP
0000
0000
0000
0000
0000
0000
0000
0000
0000
0000
05C0
0600
0400
0400
0400
0400
0400
0400
0000
0000
0000
0000
0000
0000
ENDCHAR
STARTCHAR uFF53
ENCODING 65363
SWIDTH 1000 0
DWIDTH 16 0
BBX 16 24 0 -6
BITMAP
0000
0000
0000
0000
0000
0000
0000
0000
0000
0000
03C0
0420
0400
0300
00C0
0020
0420
03C0
0000
0000
0000
0000
0000
0000
ENDCHAR
STARTCHAR uFF54
ENCODING 65364
SWIDTH 1000 0
DWIDTH 16 0
BBX 16 24 0 -6
BITMAP
0000
0000
0000
0000
0000
0000
0000
0100
0100
0100
07E0
0100
0100
0100
0100
0100
0100
00E0
0000
0000
0000
0000
0000
0000
ENDCHAR
STARTCHAR uFF55
ENCODING 65365
SWIDTH 1000 0
DWIDTH 16 0
BBX 16 24 0 -6
BITMAP
0000
0000
0000
0000
0000
0000
0000
0000
0000
0000
0420
0420
0420
0420
0420
0420
0460
03A0
0000
0000
0000
0000
0000
0000
ENDCHAR
STARTCHAR uFF56
ENCODING 65366
SWIDTH 1000 0
DWIDTH 16 0
BBX 16 24 0 -6
BITMAP
0000
0000
0000
0000
0000
0000
0000
0000
0000
0000
0820
0820
0440
0440
0280
0280
0100
0100
0000
0000
0000
0000
0000
0000
ENDCHAR
STARTCHAR uFF57
ENCODING 65367
SWIDTH 1000 0
DWIDTH 16 0
BBX 16 24 0 -6
BITMAP
0000
0000
0000
0000
0000
0000
0000
0000
0000
0000
1110
1110
1110
0AA0
0AA0
0AA0
0440
0440
0000
0000
0000
0000
0000
0000
ENDCHAR
STARTCHAR uFF58
ENCODING 65368
SWIDTH 1000 0
DWIDTH 16 0
BBX 16 24 0 -6
BITMAP
0000
0000
0000
0000
0000
0000
0000
0000
0000
0000
0820
0440
0280
0100
0100
0280
0440
0820
0000
0000
0000
0000
0000
0000
ENDCHAR
STARTCHAR uFF59
ENCODING 65369
SWIDTH 1000 0
DWIDTH 16 0
BBX 16 24 0 -6
BITMAP
0000
0000
0000
0000
0000
0000
0000
0000
0000
0000
0820
0820
0440
0440
0440
0280
0280
0100
0100
0200
0C00
0000
0000
0000
ENDCHAR
STARTCHAR uFF5A
ENCODING 65370
SWIDTH 1000 0
DWIDTH 16 0
BBX 16 24 0 -6
BITMAP
0000
0000
0000
0000
0000
0000
0000
0000
0000
0000
07E0
0020
0040
0080
0100
0200
0400
07E0
0000
0000
0000
0000
0000
0000
ENDCHAR
STARTCHAR uFF5B
ENCODING 65371
SWIDTH 1000 0
DWIDTH 16 0
BBX 16 16 0 -2
BITMAP
0000
000C
0010
0010
0010
0010
0010
0020
0040
0020
0010
0010
0010
0010
0010
000C
ENDCHAR
STARTCHAR uFF5C
ENCODING 65372
SWIDTH 1000 0
DWIDTH 16 0
BBX 16 16 0 -2
BITMAP
0000
0100
0100
0100
0100
0100
0100
0100
0100
0100
0100
0100
0100
0100
0100
0100
ENDCHAR
STARTCHAR uFF5D
ENCODING 65373
SWIDTH 1000 0
DWIDTH 16 0
BBX 16 16 0 -2
BITMAP
0000
6000
1000
1000
1000
1000
1000
0800
0400
0800
1000
1000
1000
1000
1000
6000
ENDCHAR
STARTCHAR uFF5E
ENCODING 65374
SWIDTH 1000 0
DWIDTH 16 0
BBX 16 16 0 -2
BITMAP
0000
0000
0000
0000
0000
0000
3800
4602
8102
80C4
0038
0000
0000
0000
0000
0000
ENDCHAR
STARTCHAR uFF5F
ENCODING 65375
SWIDTH 1000 0
DWIDTH 16 0
BBX 16 16 0 -2
BITMAP
0000
0024
0048
0090
0090
0120
0120
0120
0120
0120
0120
0120
0090
0090
0048
0024
ENDCHAR
STARTCHAR uFF60
ENCODING 65376
SWIDTH 1000 0
DWIDTH 16 0
BBX 16 16 0 -2
BITMAP
0000
4800
2400
1200
1200
0900
0900
0900
0900
0900
0900
0900
1200
1200
2400
4800
ENDCHAR
STARTCHAR uFF61
ENCODING 65377
SWIDTH 500 0
DWIDTH 8 0
BBX 8 16 0 -2
BITMAP
00
00
00
00
00
00
00
00
00
00
00
00
18
24
24
18
ENDCHAR
STARTCHAR uFF62
ENCODING 65378
SWIDTH 500 0
DWIDTH 8 0
BBX 8 16 0 -2
BITMAP
00
7C
40
40
40
40
40
40
40
40
40
40
00
00
00
00
ENDCHAR
STARTCHAR uFF63
ENCODING 65379
SWIDTH 500 0
DWIDTH 8 0
BBX 8 16 0 -2
BITMAP
00
00
00
00
00
04
04
04
04
04
04
04
04
04
04
7C
ENDCHAR
STARTCHAR uFF64
ENCODING 65380
SWIDTH 500 0
DWIDTH 8 0
BBX 8 16 0 -2
BITMAP
00
00
00
00
00
00
00
00
00
00
00
00
20
18
0C
04
ENDCHAR
STARTCHAR uFF65
ENCODING 65381
SWIDTH 500 0
DWIDTH 8 0
BBX 8 16 0 -2
BITMAP
00
00
00
00
00
00
00
18
3C
3C
18
00
00
00
00
00
ENDCHAR
STARTCHAR uFF66
ENCODING 65382
SWIDTH 500 0
DWIDTH 8 0
BBX 8 16 0 -2
BITMAP
00
00
FE
02
02
02
FE
02
02
04
04
08
08
10
20
C0
ENDCHAR
STARTCHAR uFF67
ENCODING 65383
SWIDTH 500 0
DWIDTH 8 0
BBX 8 16 0 -2
BITMAP
00
00
00
00
00
FE
02
12
14
14
18
10
20
20
40
80
ENDCHAR
STARTCHAR uFF68
ENCODING 65384
SWIDTH 500 0
DWIDTH 8 0
BBX 8 16 0 -2
BITMAP
00
00
00
00
00
02
04
08
10
30
D0
10
10
10
10
10
ENDCHAR
STARTCHAR uFF69
ENCODING 65385
SWIDTH 500 0
DWIDTH 8 0
BBX 8 16 0 -2
BITMAP
00
00
00
00
10
10
FE
82
82
82
02
04
04
08
10
60
ENDCHAR
STARTCHAR uFF6A
ENCODING 65386
SWIDTH 500 0
DWIDTH 8 0
BBX 8 16 0 -2
BITMAP
00
00
00
00
00
FE
10
10
10
10
10
10
10
10
FE
00
ENDCHAR
STARTCHAR uFF6B
ENCODING 65387
SWIDTH 500 0
DWIDTH 8 0
BBX 8 16 0 -2
BITMAP
00
00
00
00
08
08
08
FE
18
28
28
48
48
88
08
30
ENDCHAR
STARTCHAR uFF6C
ENCODING 65388
SWIDTH 500 0
DWIDTH 8 0
BBX 8 16 0 -2
BITMAP
00
00
00
00
40
40
26
3A
E2
22
14
14
10
08
08
08
ENDCHAR
STARTCHAR uFF6D
ENCODING 65389
SWIDTH 500 0
DWIDTH 8 0
BBX 8 16 0 -2
BITMAP
00
00
00
00
00
FC
04
04
04
08
08
08
10
10
10
FE
ENDCHAR
STARTCHAR uFF6E
ENCODING 65390
SWIDTH 500 0
DWIDTH 8 0
BBX 8 16 0 -2
BITMAP
00
00
00
00
00
FE
02
02
02
02
FE
02
02
02
02
FE
ENDCHAR
STARTCHAR uFF6F
ENCODING 65391
SWIDTH 500 0
DWIDTH 8 0
BBX 8 16 0 -2
BITMAP
00
00
00
00
00
92
92
4A
4A
02
02
04
04
08
10
60
ENDCHAR
STARTCHAR uFF70
ENCODING 65392
SWIDTH 500 0
DWIDTH 8 0
BBX 8 16 0 -2
BITMAP
00
00
00
00
00
00
00
00
FE
00
00
00
00
00
00
00
ENDCHAR
STARTCHAR uFF71
ENCODING 65393
SWIDTH 500 0
DWIDTH 8 0
BBX 8 16 0 -2
BITMAP
00
00
FE
02
02
12
12
14
14
18
10
10
20
20
40
80
ENDCHAR
STARTCHAR uFF72
ENCODING 65394
SWIDTH 500 0
DWIDTH 8 0
BBX 8 16 0 -2
BITMAP
00
02
02
04
08
10
30
50
90
10
10
10
10
10
10
10
ENDCHAR
STARTCHAR uFF73
ENCODING 65395
SWIDTH 500 0
DWIDTH 8 0
BBX 8 16 0 -2
BITMAP
00
10
10
10
FE
82
82
82
82
02
02
04
04
08
10
60
ENDCHAR
STARTCHAR uFF74
ENCODING 65396
SWIDTH 500 0
DWIDTH 8 0
BBX 8 16 0 -2
BITMAP
00
00
FE
10
10
10
10
10
10
10
10
10
10
10
FE
00
ENDCHAR
STARTCHAR uFF75
ENCODING 65397
SWIDTH 500 0
DWIDTH 8 0
BBX 8 16 0 -2
BITMAP
00
08
08
08
08
FE
18
18
28
28
28
48
48
88
08
30
ENDCHAR
STARTCHAR uFF76
ENCODING 65398
SWIDTH 500 0
DWIDTH 8 0
BBX 8 16 0 -2
BITMAP
00
10
10
10
10
FE
12
12
12
12
22
22
22
42
42
8C
ENDCHAR
STARTCHAR uFF77
ENCODING 65399
SWIDTH 500 0
DWIDTH 8 0
BBX 8 16 0 -2
BITMAP
00
20
20
20
20
3E
F0
10
10
10
1E
F8
08
08
08
08
ENDCHAR
STARTCHAR uFF78
ENCODING 65400
SWIDTH 500 0
DWIDTH 8 0
BBX 8 16 0 -2
BITMAP
00
20
20
20
3E
22
42
42
82
04
04
08
08
10
20
40
ENDCHAR
STARTCHAR uFF79
ENCODING 65401
SWIDTH 500 0
DWIDTH 8 0
BBX 8 16 0 -2
BITMAP
00
20
20
20
3E
24
24
44
44
84
08
08
10
10
20
40
ENDCHAR
STARTCHAR uFF7A
ENCODING 65402
SWIDTH 500 0
DWIDTH 8 0
BBX 8 16 0 -2
BITMAP
00
00
FE
02
02
02
02
02
02
02
02
02
02
02
FE
00
ENDCHAR
STARTCHAR uFF7B
ENCODING 65403
SWIDTH 500 0
DWIDTH 8 0
BBX 8 16 0 -2
BITMAP
00
00
24
24
24
24
FE
24
24
24
24
04
08
08
10
20
ENDCHAR
STARTCHAR uFF7C
ENCODING 65404
SWIDTH 500 0
DWIDTH 8 0
BBX 8 16 0 -2
BITMAP
00
20
10
08
00
80
42
22
02
02
02
04
04
08
30
C0
ENDCHAR
STARTCHAR uFF7D
ENCODING 65405
SWIDTH 500 0
DWIDTH 8 0
BBX 8 16 0 -2
BITMAP
00
00
FC
04
04
04
08
08
08
10
10
28
28
44
44
82
ENDCHAR
STARTCHAR uFF7E
ENCODING 65406
SWIDTH 500 0
DWIDTH 8 0
BBX 8 16 0 -2
BITMAP
00
20
20
20
20
26
3A
E2
22
24
24
28
20
20
20
1E
ENDCHAR
STARTCHAR uFF7F
ENCODING 65407
SWIDTH 500 0
DWIDTH 8 0
BBX 8 16 0 -2
BITMAP
00
00
82
82
42
42
42
22
24
04
04
08
08
10
20
40
ENDCHAR
STARTCHAR uFF80
ENCODING 65408
SWIDTH 500 0
DWIDTH 8 0
BBX 8 16 0 -2
BITMAP
00
20
20
20
3E
22
42
42
A2
14
0C
08
08
10
20
C0
ENDCHAR
STARTCHAR uFF81
ENCODING 65409
SWIDTH 500 0
DWIDTH 8 0
BBX 8 16 0 -2
BITMAP
00
02
0C
F0
10
10
10
FE
10
10
10
20
20
40
40
80
ENDCHAR
STARTCHAR uFF82
ENCODING 65410
SWIDTH 500 0
DWIDTH 8 0
BBX 8 16 0 -2
BITMAP
00
00
92
92
4A
4A
4A
02
02
04
04
08
08
10
20
40
ENDCHAR
STARTCHAR uFF83
ENCODING 65411
SWIDTH 500 0
DWIDTH 8 0
BBX 8 16 0 -2
BITMAP
00
00
7C
00
00
00
00
FE
10
10
10
10
20
20
40
80
ENDCHAR
STARTCHAR uFF84
ENCODING 65412
SWIDTH 500 0
DWIDTH 8 0
BBX 8 16 0 -2
BITMAP
00
20
20
20
20
20
30
28
24
22
20
20
20
20
20
20
ENDCHAR
STARTCHAR uFF85
ENCODING 65413
SWIDTH 500 0
DWIDTH 8 0
BBX 8 16 0 -2
BITMAP
00
10
10
10
10
10
FE
10
10
10
20
20
20
40
40
80
ENDCHAR
STARTCHAR uFF86
ENCODING 65414
SWIDTH 500 0
DWIDTH 8 0
BBX 8 16 0 -2
BITMAP
00
00
00
7C
00
00
00
00
00
00
00
00
00
00
FE
00
ENDCHAR
STARTCHAR uFF87
ENCODING 65415
SWIDTH 500 0
DWIDTH 8 0
BBX 8 16 0 -2
BITMAP
00
00
FE
02
02
02
44
24
14
08
08
14
12
20
40
80
ENDCHAR
STARTCHAR uFF88
ENCODING 65416
SWIDTH 500 0
DWIDTH 8 0
BBX 8 16 0 -2
BITMAP
00
10
10
10
FC
04
04
08
08
10
38
54
92
10
10
10
ENDCHAR
STARTCHAR uFF89
ENCODING 65417
SWIDTH 500 0
DWIDTH 8 0
BBX 8 16 0 -2
BITMAP
00
02
02
02
02
02
04
04
04
08
08
10
10
20
40
80
ENDCHAR
STARTCHAR uFF8A
ENCODING 65418
SWIDTH 500 0
DWIDTH 8 0
BBX 8 16 0 -2
BITMAP
00
00
24
24
24
24
24
24
24
44
42
42
42
82
82
82
ENDCHAR
STARTCHAR uFF8B
ENCODING 65419
SWIDTH 500 0
DWIDTH 8 0
BBX 8 16 0 -2
BITMAP
00
80
80
80
80
82
84
98
E0
80
80
80
80
80
80
7E
ENDCHAR
STARTCHAR uFF8C
ENCODING 65420
SWIDTH 500 0
DWIDTH 8 0
BBX 8 16 0 -2
BITMAP
00
00
FE
02
02
02
02
04
04
04
08
08
10
10
20
40
ENDCHAR
STARTCHAR uFF8D
ENCODING 65421
SWIDTH 500 0
DWIDTH 8 0
BBX 8 16 0 -2
BITMAP
00
00
20
20
20
50
50
50
48
88
84
84
02
02
00
00
ENDCHAR
STARTCHAR uFF8E
ENCODING 65422
SWIDTH 500 0
DWIDTH 8 0
BBX 8 16 0 -2
BITMAP
00
10
10
10
10
FE
10
10
54
54
54
92
92
92
10
30
ENDCHAR
STARTCHAR uFF8F
ENCODING 65423
SWIDTH 500 0
DWIDTH 8 0
BBX 8 16 0 -2
BITMAP
00
00
FE
02
02
02
04
04
04
48
28
10
10
08
08
08
ENDCHAR
STARTCHAR uFF90
ENCODING 65424
SWIDTH 500 0
DWIDTH 8 0
BBX 8 16 0 -2
BITMAP
00
00
C0
30
0C
00
00
C0
30
0C
00
00
C0
30
0C
02
ENDCHAR
STARTCHAR uFF91
ENCODING 65425
SWIDTH 500 0
DWIDTH 8 0
BBX 8 16 0 -2
BITMAP
00
20
20
20
20
40
40
40
48
48
84
84
84
9A
E2
02
ENDCHAR
STARTCHAR uFF92
ENCODING 65426
SWIDTH 500 0
DWIDTH 8 0
BBX 8 16 0 -2
BITMAP
00
04
04
04
04
08
88
48
28
10
18
14
22
20
40
80
ENDCHAR
STARTCHAR uFF93
ENCODING 65427
SWIDTH 500 0
DWIDTH 8 0
BBX 8 16 0 -2
BITMAP
00
FC
20
20
20
20
20
FE
20
20
20
20
20
20
20
1E
ENDCHAR
STARTCHAR uFF94
ENCODING 65428
SWIDTH 500 0
DWIDTH 8 0
BBX 8 16 0 -2
BITMAP
00
40
40
40
46
2A
32
62
A4
24
14
10
10
08
08
08
ENDCHAR
STARTCHAR uFF95
ENCODING 65429
SWIDTH 500 0
DWIDTH 8 0
BBX 8 16 0 -2
BITMAP
00
00
FC
04
04
04
04
08
08
08
08
10
10
10
10
FE
ENDCHAR
STARTCHAR uFF96
ENCODING 65430
SWIDTH 500 0
DWIDTH 8 0
BBX 8 16 0 -2
BITMAP
00
FE
02
02
02
02
02
02
FE
02
02
02
02
02
02
FE
ENDCHAR
STARTCHAR uFF97
ENCODING 65431
SWIDTH 500 0
DWIDTH 8 0
BBX 8 16 0 -2
BITMAP
00
7C
00
00
00
FE
02
02
02
04
04
08
08
10
20
40
ENDCHAR
STARTCHAR uFF98
ENCODING 65432
SWIDTH 500 0
DWIDTH 8 0
BBX 8 16 0 -2
BITMAP
00
82
82
82
82
82
82
82
82
02
04
04
08
08
10
60
ENDCHAR
STARTCHAR uFF99
ENCODING 65433
SWIDTH 500 0
DWIDTH 8 0
BBX 8 16 0 -2
BITMAP
00
50
50
50
50
50
50
50
52
52
52
52
54
54
98
90
ENDCHAR
STARTCHAR uFF9A
ENCODING 65434
SWIDTH 500 0
DWIDTH 8 0
BBX 8 16 0 -2
BITMAP
00
80
80
80
80
80
80
80
82
82
84
84
88
90
A0
C0
ENDCHAR
STARTCHAR uFF9B
ENCODING 65435
SWIDTH 500 0
DWIDTH 8 0
BBX 8 16 0 -2
BITMAP
00
00
FE
82
82
82
82
82
82
82
82
82
82
82
FE
00
ENDCHAR
STARTCHAR uFF9C
ENCODING 65436
SWIDTH 500 0
DWIDTH 8 0
BBX 8 16 0 -2
BITMAP
00
00
FE
82
82
82
82
02
04
04
04
08
08
10
20
40
ENDCHAR
STARTCHAR uFF9D
ENCODING 65437
SWIDTH 500 0
DWIDTH 8 0
BBX 8 16 0 -2
BITMAP
00
00
80
40
20
02
02
02
02
04
04
08
08
10
20
C0
ENDCHAR
STARTCHAR uFF9E
ENCODING 65438
SWIDTH 500 0
DWIDTH 8 0
BBX 8 16 0 -2
BITMAP
00
A0
50
50
00
00
00
00
00
00
00
00
00
00
00
00
ENDCHAR
STARTCHAR uFF9F
ENCODING 65439
SWIDTH 500 0
DWIDTH 8 0
BBX 8 16 0 -2
BITMAP
00
60
90
90
60
00
00
00
00
00
00
00
00
00
00
00
ENDCHAR
STARTCHAR uFFE0
ENCODING 65504
SWIDTH 1000 0
DWIDTH 16 0
BBX 16 16 0 -2
BITMAP
0000
0000
0000
0100
07E0
0910
1100
1100
1100
1100
1100
0910
07E0
0100
0000
0000
ENDCHAR
STARTCHAR uFFE1
ENCODING 65505
SWIDTH 1000 0
DWIDTH 16 0
BBX 16 16 0 -2
BITMAP
0000
0000
0000
07C0
0820
0800
0800
0400
0200
1FC0
0200
0400
0800
1FE0
0000
0000
ENDCHAR
STARTCHAR uFFE2
ENCODING 65506
SWIDTH 1000 0
DWIDTH 16 0
BBX 16 16 0 -2
BITMAP
0000
0000
0000
0000
0000
0000
0000
3FF8
0008
0008
0008
0000
0000
0000
0000
0000
ENDCHAR
STARTCHAR uFFE3
ENCODING 65507
SWIDTH 1000 0
DWIDTH 16 0
BBX 16 16 0 -2
BITMAP
0000
FFFE
0000
0000
0000
0000
0000
0000
0000
0000
0000
0000
0000
0000
0000
0000
ENDCHAR
STARTCHAR uFFE4
ENCODING 65508
SWIDTH 1000 0
DWIDTH 16 0
BBX 16 16 0 -2
BITMAP
0000
0100
0100
0100
0100
0100
0100
0100
0000
0100
0100
0100
0100
0100
0100
0100
ENDCHAR
STARTCHAR uFFE5
ENCODING 65509
SWIDTH 1000 0
DWIDTH 16 0
BBX 16 16 0 -2
BITMAP
0000
0000
0000
1010
0820
0820
0440
0280
1FF0
0100
0100
1FF0
0100
0100
0000
0000
ENDCHAR
STARTCHAR uFFE6
ENCODING 65510
SWIDTH 1000 0
DWIDTH 16 0
BBX 16 16 0 -2
BITMAP
0000
0000
0000
2108
2108
2108
1290
1290
7FFE
1450
1450
1450
0820
0820
0000
0000
ENDCHAR
STARTCHAR uFFE8
ENCODING 65512
SWIDTH 500 0
DWIDTH 8 0
BBX 8 16 0 -2
BITMAP
00
10
10
10
10
10
10
10
10
10
10
10
10
10
10
10
ENDCHAR
STARTCHAR uFFE9
ENCODING 65513
SWIDTH 500 0
DWIDTH 8 0
BBX 8 16 0 -2
BITMAP
00
00
00
00
00
00
20
40
FE
40
20
00
00
00
00
00
ENDCHAR
STARTCHAR uFFEA
ENCODING 65514
SWIDTH 500 0
DWIDTH 8 0
BBX 8 16 0 -2
BITMAP
00
00
10
38
54
92
10
10
10
10
10
10
10
10
10
00
ENDCHAR
STARTCHAR uFFEB
ENCODING 65515
SWIDTH 500 0
DWIDTH 8 0
BBX 8 16 0 -2
BITMAP
00
00
00
00
00
00
08
04
FE
04
08
00
00
00
00
00
ENDCHAR
STARTCHAR uFFEC
ENCODING 65516
SWIDTH 500 0
DWIDTH 8 0
BBX 8 16 0 -2
BITMAP
00
00
10
10
10
10
10
10
10
10
10
92
54
38
10
00
ENDCHAR
STARTCHAR uFFED
ENCODING 65517
SWIDTH 500 0
DWIDTH 8 0
BBX 8 16 0 -2
BITMAP
00
00
00
00
00
FE
FE
FE
FE
FE
FE
FE
00
00
00
00
ENDCHAR
STARTCHAR uFFEE
ENCODING 65518
SWIDTH 500 0
DWIDTH 8 0
BBX 8 16 0 -2
BITMAP
00
00
00
00
00
38
44
82
82
82
44
38
00
00
00
00
ENDCHAR
STARTCHAR uFFFC
ENCODING 65532
SWIDTH 1000 0
DWIDTH 16 0
BBX 16 16 0 -2
BITMAP
0000
DBB6
8002
0000
8002
930A
2A88
AA8A
AB0A
AA8A
2AA8
9312
8002
0000
8002
DBB6
ENDCHAR
STARTCHAR uFFFD
ENCODING 65533
SWIDTH 1000 0
DWIDTH 16 0
BBX 16 16 0 -2
BITMAP
0000
FFFE
F87E
F7BE
EFDE
EFDE
FFDE
FFBE
FF7E
FEFE
FEFE
FEFE
FFFE
FFFE
FEFE
FFFE
ENDCHAR
STARTCHAR u16FF2
ENCODING 94194
SWIDTH 1000 0
DWIDTH 16 0
BBX 16 16 0 -2
BITMAP
0000
0000
0000
0000
0000
0440
0440
0440
0440
0440
0440
0440
0840
0848
1048
2078
ENDCHAR
STARTCHAR u16FF3
ENCODING 94195
SWIDTH 1000 0
DWIDTH 16 0
BBX 16 16 0 -2
BITMAP
0000
0000
0000
0000
0000
0200
1CF0
1010
1EF0
1010
1010
1FF0
0440
0440
0848
3078
ENDCHAR
STARTCHAR u16FF4
ENCODING 94196
SWIDTH 1000 0
DWIDTH 16 0
BBX 16 16 0 -2
BITMAP
0000
0820
0820
0820
0820
0820
0820
0820
0820
0820
0820
0820
0820
FFFE
0000
0000
ENDCHAR
STARTCHAR u16FF5
ENCODING 94197
SWIDTH 1000 0
DWIDTH 16 0
BBX 16 16 0 -2
BITMAP
0000
1110
1110
1110
1110
1110
1110
1110
1110
1110
1110
1110
1110
FFFE
0000
0000
ENDCHAR
STARTCHAR u16FF6
ENCODING 94198
SWIDTH 1000 0
DWIDTH 16 0
BBX 16 16 0 -2
BITMAP
0000
0010
0010
2010
1010
0810
0420
0220
0140
0080
0140
0620
1810
6008
0000
FFFE
ENDCHAR
STARTCHAR u1F100
ENCODING 127232
SWIDTH 1000 0
DWIDTH 16 0
BBX 16 24 0 -6
BITMAP
0000
0000
0000
0000
0000
0000
0000
0F00
1080
1080
1080
1180
1680
1880
1080
1080
10B0
0F30
0000
0000
0000
0000
0000
0000
ENDCHAR
STARTCHAR u1F101
ENCODING 127233
SWIDTH 1000 0
DWIDTH 16 0
BBX 16 24 0 -6
BITMAP
0000
0000
0000
0000
0000
0000
0000
0F00
1080
1080
1080
1180
1680
1880
1080
1080
10B0
0F30
0010
0020
0000
0000
0000
0000
ENDCHAR
STARTCHAR u1F102
ENCODING 127234
SWIDTH 1000 0
DWIDTH 16 0
BBX 16 24 0 -6
BITMAP
0000
0000
0000
0000
0000
0000
0000
0200
0600
0200
0200
0200
0200
0200
0200
0200
0230
0730
0010
0020
0000
0000
0000
0000
ENDCHAR
STARTCHAR u1F103
ENCODING 127235
SWIDTH 1000 0
DWIDTH 16 0
BBX 16 24 0 -6
BITMAP
0000
0000
0000
0000
0000
0000
0000
0F00
1080
0080
0080
0080
0100
0200
0400
0800
1030
1FB0
0010
0020
0000
0000
0000
0000
ENDCHAR
STARTCHAR u1F104
ENCODING 127236
SWIDTH 1000 0
DWIDTH 16 0
BBX 16 24 0 -6
BITMAP
0000
0000
0000
0000
0000
0000
0000
0F00
1080
0080
0080
0080
0700
0080
0080
0080
10B0
0F30
0010
0020
0000
0000
0000
0000
ENDCHAR
STARTCHAR u1F105
ENCODING 127237
SWIDTH 1000 0
DWIDTH 16 0
BBX 16 24 0 -6
BITMAP
0000
0000
0000
0000
0000
0000
0000
0100
0300
0300
0500
0500
0900
0900
1100
1F80
0130
0130
0010
0020
0000
0000
0000
0000
ENDCHAR
STARTCHAR u1F106
ENCODING 127238
SWIDTH 1000 0
DWIDTH 16 0
BBX 16 24 0 -6
BITMAP
0000
0000
0000
0000
0000
0000
0000
1F80
1000
1000
1000
1000
1F00
0080
0080
0080
10B0
0F30
0010
0020
0000
0000
0000
0000
ENDCHAR
STARTCHAR u1F107
ENCODING 127239
SWIDTH 1000 0
DWIDTH 16 0
BBX 16 24 0 -6
BITMAP
0000
0000
0000
0000
0000
0000
0000
0F00
1080
1000
1000
1000
1F00
1080
1080
1080
10B0
0F30
0010
0020
0000
0000
0000
0000
ENDCHAR
STARTCHAR u1F108
ENCODING 127240
SWIDTH 1000 0
DWIDTH 16 0
BBX 16 24 0 -6
BITMAP
0000
0000
0000
0000
0000
0000
0000
1F80
0080
0080
0100
0100
0100
0200
0200
0200
0230
0230
0010
0020
0000
0000
0000
0000
ENDCHAR
STARTCHAR u1F109
ENCODING 127241
SWIDTH 1000 0
DWIDTH 16 0
BBX 16 24 0 -6
BITMAP
0000
0000
0000
0000
0000
0000
0000
0F00
1080
1080
1080
1080
0F00
1080
1080
1080
10B0
0F30
0010
0020
0000
0000
0000
0000
ENDCHAR
STARTCHAR u1F10A
ENCODING 127242
SWIDTH 1000 0
DWIDTH 16 0
BBX 16 24 0 -6
BITMAP
0000
0000
0000
0000
0000
0000
0000
0F00
1080
1080
1080
1080
0F80
0080
0080
0080
10B0
0F30
0010
0020
0000
0000
0000
0000
ENDCHAR
STARTCHAR u1F10B
ENCODING 127243
SWIDTH 1000 0
DWIDTH 16 0
BBX 16 16 0 -2
BITMAP
0000
07C0
1830
2008
4384
4444
8442
84C2
8542
8642
8442
4444
4384
2008
1830
07C0
ENDCHAR
STARTCHAR u1F10C
ENCODING 127244
SWIDTH 1000 0
DWIDTH 16 0
BBX 16 16 0 -2
BITMAP
0000
07C0
1FF0
3FF8
7C7C
7BBC
FBBE
FB3E
FABE
F9BE
FBBE
7BBC
7C7C
3FF8
1FF0
07C0
ENDCHAR
STARTCHAR u1F110
ENCODING 127248
SWIDTH 1000 0
DWIDTH 16 0
BBX 16 16 0 -2
BITMAP
0000
1010
2008
4004
4104
8102
8282
8282
8282
8382
8442
8442
4444
4004
2008
1010
ENDCHAR
STARTCHAR u1F111
ENCODING 127249
SWIDTH 1000 0
DWIDTH 16 0
BBX 16 16 0 -2
BITMAP
0000
1010
2008
4004
4784
8442
8442
8442
8782
8442
8442
8442
4784
4004
2008
1010
ENDCHAR
STARTCHAR u1F112
ENCODING 127250
SWIDTH 1000 0
DWIDTH 16 0
BBX 16 16 0 -2
BITMAP
0000
1010
2008
4004
4384
8442
8402
8402
8402
8402
8402
8442
4384
4004
2008
1010
ENDCHAR
STARTCHAR u1F113
ENCODING 127251
SWIDTH 1000 0
DWIDTH 16 0
BBX 16 16 0 -2
BITMAP
0000
1010
2008
4004
4704
8482
8442
8442
8442
8442
8442
8482
4704
4004
2008
1010
ENDCHAR
STARTCHAR u1F114
ENCODING 127252
SWIDTH 1000 0
DWIDTH 16 0
BBX 16 16 0 -2
BITMAP
0000
1010
2008
4004
47C4
8402
8402
8402
8782
8402
8402
8402
47C4
4004
2008
1010
ENDCHAR
STARTCHAR u1F115
ENCODING 127253
SWIDTH 1000 0
DWIDTH 16 0
BBX 16 16 0 -2
BITMAP
0000
1010
2008
4004
47C4
8402
8402
8402
8782
8402
8402
8402
4404
4004
2008
1010
ENDCHAR
STARTCHAR u1F116
ENCODING 127254
SWIDTH 1000 0
DWIDTH 16 0
BBX 16 16 0 -2
BITMAP
0000
1010
2008
4004
4384
8442
8402
8402
8402
84C2
8442
8442
43C4
4004
2008
1010
ENDCHAR
STARTCHAR u1F117
ENCODING 127255
SWIDTH 1000 0
DWIDTH 16 0
BBX 16 16 0 -2
BITMAP
0000
1010
2008
4004
4444
8442
8442
8442
87C2
8442
8442
8442
4444
4004
2008
1010
ENDCHAR
STARTCHAR u1F118
ENCODING 127256
SWIDTH 1000 0
DWIDTH 16 0
BBX 16 16 0 -2
BITMAP
0000
1010
2008
4004
4384
8102
8102
8102
8102
8102
8102
8102
4384
4004
2008
1010
ENDCHAR
STARTCHAR u1F119
ENCODING 127257
SWIDTH 1000 0
DWIDTH 16 0
BBX 16 16 0 -2
BITMAP
0000
1010
2008
4004
4044
8042
8042
8042
8042
8042
8442
8442
4384
4004
2008
1010
ENDCHAR
STARTCHAR u1F11A
ENCODING 127258
SWIDTH 1000 0
DWIDTH 16 0
BBX 16 16 0 -2
BITMAP
0000
1010
2008
4004
4444
8482
8482
8502
8602
8502
8482
8482
4444
4004
2008
1010
ENDCHAR
STARTCHAR u1F11B
ENCODING 127259
SWIDTH 1000 0
DWIDTH 16 0
BBX 16 16 0 -2
BITMAP
0000
1010
2008
4004
4404
8402
8402
8402
8402
8402
8402
8402
47C4
4004
2008
1010
ENDCHAR
STARTCHAR u1F11C
ENCODING 127260
SWIDTH 1000 0
DWIDTH 16 0
BBX 16 16 0 -2
BITMAP
0000
1010
2008
4004
4824
8822
8C62
8C62
8AA2
8AA2
8922
8922
4924
4004
2008
1010
ENDCHAR
STARTCHAR u1F11D
ENCODING 127261
SWIDTH 1000 0
DWIDTH 16 0
BBX 16 16 0 -2
BITMAP
0000
1010
2008
4004
4444
8642
8642
8542
8542
8542
84C2
84C2
4444
4004
2008
1010
ENDCHAR
STARTCHAR u1F11E
ENCODING 127262
SWIDTH 1000 0
DWIDTH 16 0
BBX 16 16 0 -2
BITMAP
0000
1010
2008
4004
4384
8442
8442
8442
8442
8442
8442
8442
4384
4004
2008
1010
ENDCHAR
STARTCHAR u1F11F
ENCODING 127263
SWIDTH 1000 0
DWIDTH 16 0
BBX 16 16 0 -2
BITMAP
0000
1010
2008
4004
4784
8442
8442
8442
8782
8402
8402
8402
4404
4004
2008
1010
ENDCHAR
STARTCHAR u1F120
ENCODING 127264
SWIDTH 1000 0
DWIDTH 16 0
BBX 16 16 0 -2
BITMAP
0000
1010
2008
4004
4384
8442
8442
8442
8442
8442
8542
8482
4344
4004
2008
1010
ENDCHAR
STARTCHAR u1F121
ENCODING 127265
SWIDTH 1000 0
DWIDTH 16 0
BBX 16 16 0 -2
BITMAP
0000
1010
2008
4004
4784
8442
8442
8442
8782
8502
8482
8482
4444
4004
2008
1010
ENDCHAR
STARTCHAR u1F122
ENCODING 127266
SWIDTH 1000 0
DWIDTH 16 0
BBX 16 16 0 -2
BITMAP
0000
1010
2008
4004
4384
8442
8402
8402
8382
8042
8042
8442
4384
4004
2008
1010
ENDCHAR
STARTCHAR u1F123
ENCODING 127267
SWIDTH 1000 0
DWIDTH 16 0
BBX 16 16 0 -2
BITMAP
0000
1010
2008
4004
47C4
8102
8102
8102
8102
8102
8102
8102
4104
4004
2008
1010
ENDCHAR
STARTCHAR u1F124
ENCODING 127268
SWIDTH 1000 0
DWIDTH 16 0
BBX 16 16 0 -2
BITMAP
0000
1010
2008
4004
4444
8442
8442
8442
8442
8442
8442
8442
4384
4004
2008
1010
ENDCHAR
STARTCHAR u1F125
ENCODING 127269
SWIDTH 1000 0
DWIDTH 16 0
BBX 16 16 0 -2
BITMAP
0000
1010
2008
4004
4444
8442
8442
8442
8282
8282
8282
8102
4104
4004
2008
1010
ENDCHAR
STARTCHAR u1F126
ENCODING 127270
SWIDTH 1000 0
DWIDTH 16 0
BBX 16 16 0 -2
BITMAP
0000
1010
2008
4004
4924
8922
8922
8922
8AA2
8AA2
8AA2
8442
4444
4004
2008
1010
ENDCHAR
STARTCHAR u1F127
ENCODING 127271
SWIDTH 1000 0
DWIDTH 16 0
BBX 16 16 0 -2
BITMAP
0000
1010
2008
4004
4444
8442
8282
8282
8102
8282
8282
8442
4444
4004
2008
1010
ENDCHAR
STARTCHAR u1F128
ENCODING 127272
SWIDTH 1000 0
DWIDTH 16 0
BBX 16 16 0 -2
BITMAP
0000
1010
2008
4004
4444
8442
8282
8282
8102
8102
8102
8102
4104
4004
2008
1010
ENDCHAR
STARTCHAR u1F129
ENCODING 127273
SWIDTH 1000 0
DWIDTH 16 0
BBX 16 16 0 -2
BITMAP
0000
1010
2008
4004
47C4
8042
8082
8082
8102
8202
8202
8402
47C4
4004
2008
1010
ENDCHAR
STARTCHAR u1F12F
ENCODING 127279
SWIDTH 1000 0
DWIDTH 16 0
BBX 16 16 0 -2
BITMAP
0000
0000
0000
07C0
0820
1390
2448
2048
2048
2048
2448
1390
0820
07C0
0000
0000
ENDCHAR
STARTCHAR u1F130
ENCODING 127280
SWIDTH 1000 0
DWIDTH 16 0
BBX 16 16 0 -2
BITMAP
0000
FFFE
8002
8002
8102
8102
8282
8282
8282
8382
8442
8442
8442
8002
8002
FFFE
ENDCHAR
STARTCHAR u1F131
ENCODING 127281
SWIDTH 1000 0
DWIDTH 16 0
BBX 16 16 0 -2
BITMAP
0000
FFFE
8002
8002
8782
8442
8442
8442
8782
8442
8442
8442
8782
8002
8002
FFFE
ENDCHAR
STARTCHAR u1F132
ENCODING 127282
SWIDTH 1000 0
DWIDTH 16 0
BBX 16 16 0 -2
BITMAP
0000
FFFE
8002
8002
8382
8442
8402
8402
8402
8402
8402
8442
8382
8002
8002
FFFE
ENDCHAR
STARTCHAR u1F133
ENCODING 127283
SWIDTH 1000 0
DWIDTH 16 0
BBX 16 16 0 -2
BITMAP
0000
FFFE
8002
8002
8702
8482
8442
8442
8442
8442
8442
8482
8702
8002
8002
FFFE
ENDCHAR
STARTCHAR u1F134
ENCODING 127284
SWIDTH 1000 0
DWIDTH 16 0
BBX 16 16 0 -2
BITMAP
0000
FFFE
8002
8002
87C2
8402
8402
8402
8782
8402
8402
8402
87C2
8002
8002
FFFE
ENDCHAR
STARTCHAR u1F135
ENCODING 127285
SWIDTH 1000 0
DWIDTH 16 0
BBX 16 16 0 -2
BITMAP
0000
FFFE
8002
8002
87C2
8402
8402
8402
8782
8402
8402
8402
8402
8002
8002
FFFE
ENDCHAR
STARTCHAR u1F136
ENCODING 127286
SWIDTH 1000 0
DWIDTH 16 0
BBX 16 16 0 -2
BITMAP
0000
FFFE
8002
8002
8382
8442
8402
8402
8402
84C2
8442
8442
83C2
8002
8002
FFFE
ENDCHAR
STARTCHAR u1F137
ENCODING 127287
SWIDTH 1000 0
DWIDTH 16 0
BBX 16 16 0 -2
BITMAP
0000
FFFE
8002
8002
8442
8442
8442
8442
87C2
8442
8442
8442
8442
8002
8002
FFFE
ENDCHAR
STARTCHAR u1F138
ENCODING 127288
SWIDTH 1000 0
DWIDTH 16 0
BBX 16 16 0 -2
BITMAP
0000
FFFE
8002
8002
8382
8102
8102
8102
8102
8102
8102
8102
8382
8002
8002
FFFE
ENDCHAR
STARTCHAR u1F139
ENCODING 127289
SWIDTH 1000 0
DWIDTH 16 0
BBX 16 16 0 -2
BITMAP
0000
FFFE
8002
8002
8042
8042
8042
8042
8042
8042
8442
8442
8382
8002
8002
FFFE
ENDCHAR
STARTCHAR u1F13A
ENCODING 127290
SWIDTH 1000 0
DWIDTH 16 0
BBX 16 16 0 -2
BITMAP
0000
FFFE
8002
8002
8442
8482
8482
8502
8602
8502
8482
8482
8442
8002
8002
FFFE
ENDCHAR
STARTCHAR u1F13B
ENCODING 127291
SWIDTH 1000 0
DWIDTH 16 0
BBX 16 16 0 -2
BITMAP
0000
FFFE
8002
8002
8402
8402
8402
8402
8402
8402
8402
8402
87C2
8002
8002
FFFE
ENDCHAR
STARTCHAR u1F13C
ENCODING 127292
SWIDTH 1000 0
DWIDTH 16 0
BBX 16 16 0 -2
BITMAP
0000
FFFE
8002
8002
8822
8822
8C62
8C62
8AA2
8AA2
8922
8922
8922
8002
8002
FFFE
ENDCHAR
STARTCHAR u1F13D
ENCODING 127293
SWIDTH 1000 0
DWIDTH 16 0
BBX 16 16 0 -2
BITMAP
0000
FFFE
8002
8002
8442
8642
8642
8542
8542
8542
84C2
84C2
8442
8002
8002
FFFE
ENDCHAR
STARTCHAR u1F13E
ENCODING 127294
SWIDTH 1000 0
DWIDTH 16 0
BBX 16 16 0 -2
BITMAP
0000
FFFE
8002
8002
8382
8442
8442
8442
8442
8442
8442
8442
8382
8002
8002
FFFE
ENDCHAR
STARTCHAR u1F13F
ENCODING 127295
SWIDTH 1000 0
DWIDTH 16 0
BBX 16 16 0 -2
BITMAP
0000
FFFE
8002
8002
8782
8442
8442
8442
8782
8402
8402
8402
8402
8002
8002
FFFE
ENDCHAR
STARTCHAR u1F140
ENCODING 127296
SWIDTH 1000 0
DWIDTH 16 0
BBX 16 16 0 -2
BITMAP
0000
FFFE
8002
8002
8382
8442
8442
8442
8442
8442
8542
8482
8342
8002
8002
FFFE
ENDCHAR
STARTCHAR u1F141
ENCODING 127297
SWIDTH 1000 0
DWIDTH 16 0
BBX 16 16 0 -2
BITMAP
0000
FFFE
8002
8002
8782
8442
8442
8442
8782
8502
8482
8482
8442
8002
8002
FFFE
ENDCHAR
STARTCHAR u1F142
ENCODING 127298
SWIDTH 1000 0
DWIDTH 16 0
BBX 16 16 0 -2
BITMAP
0000
FFFE
8002
8002
8382
8442
8402
8402
8382
8042
8042
8442
8382
8002
8002
FFFE
ENDCHAR
STARTCHAR u1F143
ENCODING 127299
SWIDTH 1000 0
DWIDTH 16 0
BBX 16 16 0 -2
BITMAP
0000
FFFE
8002
8002
87C2
8102
8102
8102
8102
8102
8102
8102
8102
8002
8002
FFFE
ENDCHAR
STARTCHAR u1F144
ENCODING 127300
SWIDTH 1000 0
DWIDTH 16 0
BBX 16 16 0 -2
BITMAP
0000
FFFE
8002
8002
8442
8442
8442
8442
8442
8442
8442
8442
8382
8002
8002
FFFE
ENDCHAR
STARTCHAR u1F145
ENCODING 127301
SWIDTH 1000 0
DWIDTH 16 0
BBX 16 16 0 -2
BITMAP
0000
FFFE
8002
8002
8442
8442
8442
8442
8282
8282
8282
8102
8102
8002
8002
FFFE
ENDCHAR
STARTCHAR u1F146
ENCODING 127302
SWIDTH 1000 0
DWIDTH 16 0
BBX 16 16 0 -2
BITMAP
0000
FFFE
8002
8002
8922
8922
8922
8922
8AA2
8AA2
8AA2
8442
8442
8002
8002
FFFE
ENDCHAR
STARTCHAR u1F147
ENCODING 127303
SWIDTH 1000 0
DWIDTH 16 0
BBX 16 16 0 -2
BITMAP
0000
FFFE
8002
8002
8442
8442
8282
8282
8102
8282
8282
8442
8442
8002
8002
FFFE
ENDCHAR
STARTCHAR u1F148
ENCODING 127304
SWIDTH 1000 0
DWIDTH 16 0
BBX 16 16 0 -2
BITMAP
0000
FFFE
8002
8002
8442
8442
8282
8282
8102
8102
8102
8102
8102
8002
8002
FFFE
ENDCHAR
STARTCHAR u1F149
ENCODING 127305
SWIDTH 1000 0
DWIDTH 16 0
BBX 16 16 0 -2
BITMAP
0000
FFFE
8002
8002
87C2
8042
8082
8082
8102
8202
8202
8402
87C2
8002
8002
FFFE
ENDCHAR
STARTCHAR u1F150
ENCODING 127312
SWIDTH 1000 0
DWIDTH 16 0
BBX 16 16 0 -2
BITMAP
0000
07C0
1FF0
3FF8
7EFC
7EFC
FD7E
FD7E
FD7E
FC7E
FBBE
7BBC
7BBC
3FF8
1FF0
07C0
ENDCHAR
STARTCHAR u1F151
ENCODING 127313
SWIDTH 1000 0
DWIDTH 16 0
BBX 16 16 0 -2
BITMAP
0000
07C0
1FF0
3FF8
787C
7BBC
FBBE
FBBE
F87E
FBBE
FBBE
7BBC
787C
3FF8
1FF0
07C0
ENDCHAR
STARTCHAR u1F152
ENCODING 127314
SWIDTH 1000 0
DWIDTH 16 0
BBX 16 16 0 -2
BITMAP
0000
07C0
1FF0
3FF8
7C7C
7BBC
FBFE
FBFE
FBFE
FBFE
FBFE
7BBC
7C7C
3FF8
1FF0
07C0
ENDCHAR
STARTCHAR u1F153
ENCODING 127315
SWIDTH 1000 0
DWIDTH 16 0
BBX 16 16 0 -2
BITMAP
0000
07C0
1FF0
3FF8
78FC
7B7C
FBBE
FBBE
FBBE
FBBE
FBBE
7B7C
78FC
3FF8
1FF0
07C0
ENDCHAR
STARTCHAR u1F154
ENCODING 127316
SWIDTH 1000 0
DWIDTH 16 0
BBX 16 16 0 -2
BITMAP
0000
07C0
1FF0
3FF8
783C
7BFC
FBFE
FBFE
F87E
FBFE
FBFE
7BFC
783C
3FF8
1FF0
07C0
ENDCHAR
STARTCHAR u1F155
ENCODING 127317
SWIDTH 1000 0
DWIDTH 16 0
BBX 16 16 0 -2
BITMAP
0000
07C0
1FF0
3FF8
783C
7BFC
FBFE
FBFE
F87E
FBFE
FBFE
7BFC
7BFC
3FF8
1FF0
07C0
ENDCHAR
STARTCHAR u1F156
ENCODING 127318
SWIDTH 1000 0
DWIDTH 16 0
BBX 16 16 0 -2
BITMAP
0000
07C0
1FF0
3FF8
7C7C
7BBC
FBFE
FBFE
FBFE
FB3E
FBBE
7BBC
7C3C
3FF8
1FF0
07C0
ENDCHAR
STARTCHAR u1F157
ENCODING 127319
SWIDTH 1000 0
DWIDTH 16 0
BBX 16 16 0 -2
BITMAP
0000
07C0
1FF0
3FF8
7BBC
7BBC
FBBE
FBBE
F83E
FBBE
FBBE
7BBC
7BBC
3FF8
1FF0
07C0
ENDCHAR
STARTCHAR u1F158
ENCODING 127320
SWIDTH 1000 0
DWIDTH 16 0
BBX 16 16 0 -2
BITMAP
0000
07C0
1FF0
3FF8
7C7C
7EFC
FEFE
FEFE
FEFE
FEFE
FEFE
7EFC
7C7C
3FF8
1FF0
07C0
ENDCHAR
STARTCHAR u1F159
ENCODING 127321
SWIDTH 1000 0
DWIDTH 16 0
BBX 16 16 0 -2
BITMAP
0000
07C0
1FF0
3FF8
7FBC
7FBC
FFBE
FFBE
FFBE
FFBE
FBBE
7BBC
7C7C
3FF8
1FF0
07C0
ENDCHAR
STARTCHAR u1F15A
ENCODING 127322
SWIDTH 1000 0
DWIDTH 16 0
BBX 16 16 0 -2
BITMAP
0000
07C0
1FF0
3FF8
7BBC
7B7C
FB7E
FAFE
F9FE
FAFE
FB7E
7B7C
7BBC
3FF8
1FF0
07C0
ENDCHAR
STARTCHAR u1F15B
ENCODING 127323
SWIDTH 1000 0
DWIDTH 16 0
BBX 16 16 0 -2
BITMAP
0000
07C0
1FF0
3FF8
7BFC
7BFC
FBFE
FBFE
FBFE
FBFE
FBFE
7BFC
783C
3FF8
1FF0
07C0
ENDCHAR
STARTCHAR u1F15C
ENCODING 127324
SWIDTH 1000 0
DWIDTH 16 0
BBX 16 16 0 -2
BITMAP
0000
07C0
1FF0
3FF8
77DC
77DC
F39E
F39E
F55E
F55E
F6DE
76DC
76DC
3FF8
1FF0
07C0
ENDCHAR
STARTCHAR u1F15D
ENCODING 127325
SWIDTH 1000 0
DWIDTH 16 0
BBX 16 16 0 -2
BITMAP
0000
07C0
1FF0
3FF8
7BBC
79BC
F9BE
FABE
FABE
FABE
FB3E
7B3C
7BBC
3FF8
1FF0
07C0
ENDCHAR
STARTCHAR u1F15E
ENCODING 127326
SWIDTH 1000 0
DWIDTH 16 0
BBX 16 16 0 -2
BITMAP
0000
07C0
1FF0
3FF8
7C7C
7BBC
FBBE
FBBE
FBBE
FBBE
FBBE
7BBC
7C7C
3FF8
1FF0
07C0
ENDCHAR
STARTCHAR u1F15F
ENCODING 127327
SWIDTH 1000 0
DWIDTH 16 0
BBX 16 16 0 -2
BITMAP
0000
07C0
1FF0
3FF8
787C
7BBC
FBBE
FBBE
F87E
FBFE
FBFE
7BFC
7BFC
3FF8
1FF0
07C0
ENDCHAR
STARTCHAR u1F160
ENCODING 127328
SWIDTH 1000 0
DWIDTH 16 0
BBX 16 16 0 -2
BITMAP
0000
07C0
1FF0
3FF8
7C7C
7BBC
FBBE
FBBE
FBBE
FBBE
FABE
7B7C
7CBC
3FF8
1FF0
07C0
ENDCHAR
STARTCHAR u1F161
ENCODING 127329
SWIDTH 1000 0
DWIDTH 16 0
BBX 16 16 0 -2
BITMAP
0000
07C0
1FF0
3FF8
787C
7BBC
FBBE
FBBE
F87E
FAFE
FB7E
7B7C
7BBC
3FF8
1FF0
07C0
ENDCHAR
STARTCHAR u1F162
ENCODING 127330
SWIDTH 1000 0
DWIDTH 16 0
BBX 16 16 0 -2
BITMAP
0000
07C0
1FF0
3FF8
7C7C
7BBC
FBFE
FBFE
FC7E
FFBE
FFBE
7BBC
7C7C
3FF8
1FF0
07C0
ENDCHAR
STARTCHAR u1F163
ENCODING 127331
SWIDTH 1000 0
DWIDTH 16 0
BBX 16 16 0 -2
BITMAP
0000
07C0
1FF0
3FF8
783C
7EFC
FEFE
FEFE
FEFE
FEFE
FEFE
7EFC
7EFC
3FF8
1FF0
07C0
ENDCHAR
STARTCHAR u1F164
ENCODING 127332
SWIDTH 1000 0
DWIDTH 16 0
BBX 16 16 0 -2
BITMAP
0000
07C0
1FF0
3FF8
7BBC
7BBC
FBBE
FBBE
FBBE
FBBE
FBBE
7BBC
7C7C
3FF8
1FF0
07C0
ENDCHAR
STARTCHAR u1F165
ENCODING 127333
SWIDTH 1000 0
DWIDTH 16 0
BBX 16 16 0 -2
BITMAP
0000
07C0
1FF0
3FF8
7BBC
7BBC
FBBE
FBBE
FD7E
FD7E
FD7E
7EFC
7EFC
3FF8
1FF0
07C0
ENDCHAR
STARTCHAR u1F166
ENCODING 127334
SWIDTH 1000 0
DWIDTH 16 0
BBX 16 16 0 -2
BITMAP
0000
07C0
1FF0
3FF8
76DC
76DC
F6DE
F6DE
F55E
F55E
F55E
7BBC
7BBC
3FF8
1FF0
07C0
ENDCHAR
STARTCHAR u1F167
ENCODING 127335
SWIDTH 1000 0
DWIDTH 16 0
BBX 16 16 0 -2
BITMAP
0000
07C0
1FF0
3FF8
7BBC
7BBC
FD7E
FD7E
FEFE
FD7E
FD7E
7BBC
7BBC
3FF8
1FF0
07C0
ENDCHAR
STARTCHAR u1F168
ENCODING 127336
SWIDTH 1000 0
DWIDTH 16 0
BBX 16 16 0 -2
BITMAP
0000
07C0
1FF0
3FF8
7BBC
7BBC
FD7E
FD7E
FEFE
FEFE
FEFE
7EFC
7EFC
3FF8
1FF0
07C0
ENDCHAR
STARTCHAR u1F169
ENCODING 127337
SWIDTH 1000 0
DWIDTH 16 0
BBX 16 16 0 -2
BITMAP
0000
07C0
1FF0
3FF8
783C
7FBC
FF7E
FF7E
FEFE
FDFE
FDFE
7BFC
783C
3FF8
1FF0
07C0
ENDCHAR
STARTCHAR u1F170
ENCODING 127344
SWIDTH 1000 0
DWIDTH 16 0
BBX 16 16 0 -2
BITMAP
0000
3FF8
7FFC
FFFE
FEFE
FEFE
FD7E
FD7E
FD7E
FC7E
FBBE
FBBE
FBBE
FFFE
7FFC
3FF8
ENDCHAR
STARTCHAR u1F171
ENCODING 127345
SWIDTH 1000 0
DWIDTH 16 0
BBX 16 16 0 -2
BITMAP
0000
3FF8
7FFC
FFFE
F87E
FBBE
FBBE
FBBE
F87E
FBBE
FBBE
FBBE
F87E
FFFE
7FFC
3FF8
ENDCHAR
STARTCHAR u1F172
ENCODING 127346
SWIDTH 1000 0
DWIDTH 16 0
BBX 16 16 0 -2
BITMAP
0000
3FF8
7FFC
FFFE
FC7E
FBBE
FBFE
FBFE
FBFE
FBFE
FBFE
FBBE
FC7E
FFFE
7FFC
3FF8
ENDCHAR
STARTCHAR u1F173
ENCODING 127347
SWIDTH 1000 0
DWIDTH 16 0
BBX 16 16 0 -2
BITMAP
0000
3FF8
7FFC
FFFE
F8FE
FB7E
FBBE
FBBE
FBBE
FBBE
FBBE
FB7E
F8FE
FFFE
7FFC
3FF8
ENDCHAR
STARTCHAR u1F174
ENCODING 127348
SWIDTH 1000 0
DWIDTH 16 0
BBX 16 16 0 -2
BITMAP
0000
3FF8
7FFC
FFFE
F83E
FBFE
FBFE
FBFE
F87E
FBFE
FBFE
FBFE
F83E
FFFE
7FFC
3FF8
ENDCHAR
STARTCHAR u1F175
ENCODING 127349
SWIDTH 1000 0
DWIDTH 16 0
BBX 16 16 0 -2
BITMAP
0000
3FF8
7FFC
FFFE
F83E
FBFE
FBFE
FBFE
F87E
FBFE
FBFE
FBFE
FBFE
FFFE
7FFC
3FF8
ENDCHAR
STARTCHAR u1F176
ENCODING 127350
SWIDTH 1000 0
DWIDTH 16 0
BBX 16 16 0 -2
BITMAP
0000
3FF8
7FFC
FFFE
FC7E
FBBE
FBFE
FBFE
FBFE
FB3E
FBBE
FBBE
FC3E
FFFE
7FFC
3FF8
ENDCHAR
STARTCHAR u1F177
ENCODING 127351
SWIDTH 1000 0
DWIDTH 16 0
BBX 16 16 0 -2
BITMAP
0000
3FF8
7FFC
FFFE
FBBE
FBBE
FBBE
FBBE
F83E
FBBE
FBBE
FBBE
FBBE
FFFE
7FFC
3FF8
ENDCHAR
STARTCHAR u1F178
ENCODING 127352
SWIDTH 1000 0
DWIDTH 16 0
BBX 16 16 0 -2
BITMAP
0000
3FF8
7FFC
FFFE
FC7E
FEFE
FEFE
FEFE
FEFE
FEFE
FEFE
FEFE
FC7E
FFFE
7FFC
3FF8
ENDCHAR
STARTCHAR u1F179
ENCODING 127353
SWIDTH 1000 0
DWIDTH 16 0
BBX 16 16 0 -2
BITMAP
0000
3FF8
7FFC
FFFE
FFBE
FFBE
FFBE
FFBE
FFBE
FFBE
FBBE
FBBE
FC7E
FFFE
7FFC
3FF8
ENDCHAR
STARTCHAR u1F17A
ENCODING 127354
SWIDTH 1000 0
DWIDTH 16 0
BBX 16 16 0 -2
BITMAP
0000
3FF8
7FFC
FFFE
FBBE
FB7E
FB7E
FAFE
F9FE
FAFE
FB7E
FB7E
FBBE
FFFE
7FFC
3FF8
ENDCHAR
STARTCHAR u1F17B
ENCODING 127355
SWIDTH 1000 0
DWIDTH 16 0
BBX 16 16 0 -2
BITMAP
0000
3FF8
7FFC
FFFE
FBFE
FBFE
FBFE
FBFE
FBFE
FBFE
FBFE
FBFE
F83E
FFFE
7FFC
3FF8
ENDCHAR
STARTCHAR u1F17C
ENCODING 127356
SWIDTH 1000 0
DWIDTH 16 0
BBX 16 16 0 -2
BITMAP
0000
3FF8
7FFC
FFFE
F7DE
F7DE
F39E
F39E
F55E
F55E
F6DE
F6DE
F6DE
FFFE
7FFC
3FF8
ENDCHAR
STARTCHAR u1F17D
ENCODING 127357
SWIDTH 1000 0
DWIDTH 16 0
BBX 16 16 0 -2
BITMAP
0000
3FF8
7FFC
FFFE
FBBE
F9BE
F9BE
FABE
FABE
FABE
FB3E
FB3E
FBBE
FFFE
7FFC
3FF8
ENDCHAR
STARTCHAR u1F17E
ENCODING 127358
SWIDTH 1000 0
DWIDTH 16 0
BBX 16 16 0 -2
BITMAP
0000
3FF8
7FFC
FFFE
FC7E
FBBE
FBBE
FBBE
FBBE
FBBE
FBBE
FBBE
FC7E
FFFE
7FFC
3FF8
ENDCHAR
STARTCHAR u1F17F
ENCODING 127359
SWIDTH 1000 0
DWIDTH 16 0
BBX 16 16 0 -2
BITMAP
0000
3FF8
7FFC
FFFE
F87E
FBBE
FBBE
FBBE
F87E
FBFE
FBFE
FBFE
FBFE
FFFE
7FFC
3FF8
ENDCHAR
STARTCHAR u1F180
ENCODING 127360
SWIDTH 1000 0
DWIDTH 16 0
BBX 16 16 0 -2
BITMAP
0000
3FF8
7FFC
FFFE
FC7E
FBBE
FBBE
FBBE
FBBE
FBBE
FABE
FB7E
FCBE
FFFE
7FFC
3FF8
ENDCHAR
STARTCHAR u1F181
ENCODING 127361
SWIDTH 1000 0
DWIDTH 16 0
BBX 16 16 0 -2
BITMAP
0000
3FF8
7FFC
FFFE
F87E
FBBE
FBBE
FBBE
F87E
FAFE
FB7E
FB7E
FBBE
FFFE
7FFC
3FF8
ENDCHAR
STARTCHAR u1F182
ENCODING 127362
SWIDTH 1000 0
DWIDTH 16 0
BBX 16 16 0 -2
BITMAP
0000
3FF8
7FFC
FFFE
FC7E
FBBE
FBFE
FBFE
FC7E
FFBE
FFBE
FBBE
FC7E
FFFE
7FFC
3FF8
ENDCHAR
STARTCHAR u1F183
ENCODING 127363
SWIDTH 1000 0
DWIDTH 16 0
BBX 16 16 0 -2
BITMAP
0000
3FF8
7FFC
FFFE
F83E
FEFE
FEFE
FEFE
FEFE
FEFE
FEFE
FEFE
FEFE
FFFE
7FFC
3FF8
ENDCHAR
STARTCHAR u1F184
ENCODING 127364
SWIDTH 1000 0
DWIDTH 16 0
BBX 16 16 0 -2
BITMAP
0000
3FF8
7FFC
FFFE
FBBE
FBBE
FBBE
FBBE
FBBE
FBBE
FBBE
FBBE
FC7E
FFFE
7FFC
3FF8
ENDCHAR
STARTCHAR u1F185
ENCODING 127365
SWIDTH 1000 0
DWIDTH 16 0
BBX 16 16 0 -2
BITMAP
0000
3FF8
7FFC
FFFE
FBBE
FBBE
FBBE
FBBE
FD7E
FD7E
FD7E
FEFE
FEFE
FFFE
7FFC
3FF8
ENDCHAR
STARTCHAR u1F186
ENCODING 127366
SWIDTH 1000 0
DWIDTH 16 0
BBX 16 16 0 -2
BITMAP
0000
3FF8
7FFC
FFFE
F6DE
F6DE
F6DE
F6DE
F55E
F55E
F55E
FBBE
FBBE
FFFE
7FFC
3FF8
ENDCHAR
STARTCHAR u1F187
ENCODING 127367
SWIDTH 1000 0
DWIDTH 16 0
BBX 16 16 0 -2
BITMAP
0000
3FF8
7FFC
FFFE
FBBE
FBBE
FD7E
FD7E
FEFE
FD7E
FD7E
FBBE
FBBE
FFFE
7FFC
3FF8
ENDCHAR
STARTCHAR u1F188
ENCODING 127368
SWIDTH 1000 0
DWIDTH 16 0
BBX 16 16 0 -2
BITMAP
0000
3FF8
7FFC
FFFE
FBBE
FBBE
FD7E
FD7E
FEFE
FEFE
FEFE
FEFE
FEFE
FFFE
7FFC
3FF8
ENDCHAR
STARTCHAR u1F189
ENCODING 127369
SWIDTH 1000 0
DWIDTH 16 0
BBX 16 16 0 -2
BITMAP
0000
3FF8
7FFC
FFFE
F83E
FFBE
FF7E
FF7E
FEFE
FDFE
FDFE
FBFE
F83E
FFFE
7FFC
3FF8
ENDCHAR
STARTCHAR u1F1AD
ENCODING 127405
SWIDTH 1000 0
DWIDTH 16 0
BBX 16 16 0 -2
BITMAP
0000
0000
0000
07C0
0820
1450
26C8
26C8
2548
2548
2448
1450
0820
07C0
0000
0000
ENDCHAR
STARTCHAR u1F1E6
ENCODING 127462
SWIDTH 1000 0
DWIDTH 16 0
BBX 16 16 0 -2
BITMAP
0000
DBB6
8002
0000
8102
8102
0280
8282
8282
8382
0440
8442
8442
0000
8002
DBB6
ENDCHAR
STARTCHAR u1F1E7
ENCODING 127463
SWIDTH 1000 0
DWIDTH 16 0
BBX 16 16 0 -2
BITMAP
0000
DBB6
8002
0000
8782
8442
0440
8442
8782
8442
0440
8442
8782
0000
8002
DBB6
ENDCHAR
STARTCHAR u1F1E8
ENCODING 127464
SWIDTH 1000 0
DWIDTH 16 0
BBX 16 16 0 -2
BITMAP
0000
DBB6
8002
0000
8382
8442
0400
8402
8402
8402
0400
8442
8382
0000
8002
DBB6
ENDCHAR
STARTCHAR u1F1E9
ENCODING 127465
SWIDTH 1000 0
DWIDTH 16 0
BBX 16 16 0 -2
BITMAP
0000
DBB6
8002
0000
8702
8482
0440
8442
8442
8442
0440
8482
8702
0000
8002
DBB6
ENDCHAR
STARTCHAR u1F1EA
ENCODING 127466
SWIDTH 1000 0
DWIDTH 16 0
BBX 16 16 0 -2
BITMAP
0000
DBB6
8002
0000
87C2
8402
0400
8402
8782
8402
0400
8402
87C2
0000
8002
DBB6
ENDCHAR
STARTCHAR u1F1EB
ENCODING 127467
SWIDTH 1000 0
DWIDTH 16 0
BBX 16 16 0 -2
BITMAP
0000
DBB6
8002
0000
87C2
8402
0400
8402
8782
8402
0400
8402
8402
0000
8002
DBB6
ENDCHAR
STARTCHAR u1F1EC
ENCODING 127468
SWIDTH 1000 0
DWIDTH 16 0
BBX 16 16 0 -2
BITMAP
0000
DBB6
8002
0000
8382
8442
0400
8402
8402
84C2
0440
8442
83C2
0000
8002
DBB6
ENDCHAR
STARTCHAR u1F1ED
ENCODING 127469
SWIDTH 1000 0
DWIDTH 16 0
BBX 16 16 0 -2
BITMAP
0000
DBB6
8002
0000
8442
8442
0440
8442
87C2
8442
0440
8442
8442
0000
8002
DBB6
ENDCHAR
STARTCHAR u1F1EE
ENCODING 127470
SWIDTH 1000 0
DWIDTH 16 0
BBX 16 16 0 -2
BITMAP
0000
DBB6
8002
0000
8382
8102
0100
8102
8102
8102
0100
8102
8382
0000
8002
DBB6
ENDCHAR
STARTCHAR u1F1EF
ENCODING 127471
SWIDTH 1000 0
DWIDTH 16 0
BBX 16 16 0 -2
BITMAP
0000
DBB6
8002
0000
8042
8042
0040
8042
8042
8042
0440
8442
8382
0000
8002
DBB6
ENDCHAR
STARTCHAR u1F1F0
ENCODING 127472
SWIDTH 1000 0
DWIDTH 16 0
BBX 16 16 0 -2
BITMAP
0000
DBB6
8002
0000
8442
8482
0480
8502
8602
8502
0480
8482
8442
0000
8002
DBB6
ENDCHAR
STARTCHAR u1F1F1
ENCODING 127473
SWIDTH 1000 0
DWIDTH 16 0
BBX 16 16 0 -2
BITMAP
0000
DBB6
8002
0000
8402
8402
0400
8402
8402
8402
0400
8402
87C2
0000
8002
DBB6
ENDCHAR
STARTCHAR u1F1F2
ENCODING 127474
SWIDTH 1000 0
DWIDTH 16 0
BBX 16 16 0 -2
BITMAP
0000
DBB6
8002
0000
8822
8822
0C60
8C62
8AA2
8AA2
0920
8922
8922
0000
8002
DBB6
ENDCHAR
STARTCHAR u1F1F3
ENCODING 127475
SWIDTH 1000 0
DWIDTH 16 0
BBX 16 16 0 -2
BITMAP
0000
DBB6
8002
0000
8442
8642
0640
8542
8542
8542
04C0
84C2
8442
0000
8002
DBB6
ENDCHAR
STARTCHAR u1F1F4
ENCODING 127476
SWIDTH 1000 0
DWIDTH 16 0
BBX 16 16 0 -2
BITMAP
0000
DBB6
8002
0000
8382
8442
0440
8442
8442
8442
0440
8442
8382
0000
8002
DBB6
ENDCHAR
STARTCHAR u1F1F5
ENCODING 127477
SWIDTH 1000 0
DWIDTH 16 0
BBX 16 16 0 -2
BITMAP
0000
DBB6
8002
0000
8782
8442
0440
8442
8782
8402
0400
8402
8402
0000
8002
DBB6
ENDCHAR
STARTCHAR u1F1F6
ENCODING 127478
SWIDTH 1000 0
DWIDTH 16 0
BBX 16 16 0 -2
BITMAP
0000
DBB6
8002
0000
8382
8442
0440
8442
8442
8442
0540
8482
8342
0000
8002
DBB6
ENDCHAR
STARTCHAR u1F1F7
ENCODING 127479
SWIDTH 1000 0
DWIDTH 16 0
BBX 16 16 0 -2
BITMAP
0000
DBB6
8002
0000
8782
8442
0440
8442
8782
8502
0480
8482
8442
0000
8002
DBB6
ENDCHAR
STARTCHAR u1F1F8
ENCODING 127480
SWIDTH 1000 0
DWIDTH 16 0
BBX 16 16 0 -2
BITMAP
0000
DBB6
8002
0000
8382
8442
0400
8402
8382
8042
0040
8442
8382
0000
8002
DBB6
ENDCHAR
STARTCHAR u1F1F9
ENCODING 127481
SWIDTH 1000 0
DWIDTH 16 0
BBX 16 16 0 -2
BITMAP
0000
DBB6
8002
0000
87C2
8102
0100
8102
8102
8102
0100
8102
8102
0000
8002
DBB6
ENDCHAR
STARTCHAR u1F1FA
ENCODING 127482
SWIDTH 1000 0
DWIDTH 16 0
BBX 16 16 0 -2
BITMAP
0000
DBB6
8002
0000
8442
8442
0440
8442
8442
8442
0440
8442
8382
0000
8002
DBB6
ENDCHAR
STARTCHAR u1F1FB
ENCODING 127483
SWIDTH 1000 0
DWIDTH 16 0
BBX 16 16 0 -2
BITMAP
0000
DBB6
8002
0000
8442
8442
0440
8442
8282
8282
0280
8102
8102
0000
8002
DBB6
ENDCHAR
STARTCHAR u1F1FC
ENCODING 127484
SWIDTH 1000 0
DWIDTH 16 0
BBX 16 16 0 -2
BITMAP
0000
DBB6
8002
0000
8922
8922
0920
8922
8AA2
8AA2
0AA0
8442
8442
0000
8002
DBB6
ENDCHAR
STARTCHAR u1F1FD
ENCODING 127485
SWIDTH 1000 0
DWIDTH 16 0
BBX 16 16 0 -2
BITMAP
0000
DBB6
8002
0000
8442
8442
0280
8282
8102
8282
0280
8442
8442
0000
8002
DBB6
ENDCHAR
STARTCHAR u1F1FE
ENCODING 127486
SWIDTH 1000 0
DWIDTH 16 0
BBX 16 16 0 -2
BITMAP
0000
DBB6
8002
0000
8442
8442
0280
8282
8102
8102
0100
8102
8102
0000
8002
DBB6
ENDCHAR
STARTCHAR u1F1FF
ENCODING 127487
SWIDTH 1000 0
DWIDTH 16 0
BBX 16 16 0 -2
BITMAP
0000
DBB6
8002
0000
87C2
8042
0080
8082
8102
8202
0200
8402
87C2
0000
8002
DBB6
ENDCHAR
ENDFONT
